17:58:06.501 -> 1, -0.77, 0.97, -1.34, -8.47, -10.76, -17.37, -0.30, 0.67, 1.38, 5.26, -9.54, -13.70, -0.00, -0.44, -1.70, 35.36, 11.28, 12.28, 2
17:58:06.501 -> 2, -1.07, 0.52, -0.89, -5.05, -12.71, -16.39, 1.05, 1.57, 1.53, -1.08, 1.69, 4.37, -2.40, -1.79, -0.35, 55.86, 17.14, 15.69, 2
17:58:06.501 -> 3, -0.92, -0.08, -1.94, -12.38, 4.38, -18.34, 2.85, 2.17, 1.08, -16.71, -8.56, -10.28, -1.35, -0.89, 1.00, 45.61, 17.63, 6.90, 2
17:58:06.501 -> 4, -1.37, 0.67, -2.69, -21.66, -1.97, -12.00, 2.85, 0.67, 1.83, 3.31, -11.01, -0.03, -2.40, -1.49, 1.60, 18.76, 3.47, -21.90, 2
17:58:06.549 -> 5, 0.58, -0.68, -2.54, -19.70, -3.43, -11.02, 3.30, -0.38, 0.18, 8.68, -7.59, -9.79, -0.15, -0.59, 1.30, 28.03, -3.85, -21.42, 2
17:58:06.549 -> 6, 0.13, -0.23, -1.64, -10.42, -2.46, -15.90, -0.75, -0.08, -1.62, -0.60, -18.82, -12.72, -0.30, -0.44, 1.60, 19.73, -6.78, -14.09, 2
17:58:06.549 -> 7, 0.73, 1.42, -0.29, 9.11, 25.86, -48.13, -5.85, -0.98, -2.67, -133.90, -8.08, 50.26, -0.60, 0.46, 0.70, 16.31, 10.31, 48.90, 2
17:58:06.549 -> 8, 0.13, 1.72, -0.89, 3.25, 10.24, -78.40, -8.10, 0.07, -2.22, -81.16, -18.82, 21.94, -0.00, 0.31, 0.10, 36.82, 5.91, 104.07, 2
17:58:06.549 -> 9, 0.58, 2.02, 0.61, -6.03, -0.50, 25.11, -6.75, 0.37, -0.87, -49.91, 8.04, 43.43, -0.90, 0.46, 1.00, -91.60, 20.07, 283.27, 2
17:58:06.597 -> 10, 0.58, 1.27, 0.31, -12.87, -14.17, -1.26, -2.55, -0.98, 0.48, 6.24, -11.49, 14.62, 0.15, 1.21, 2.05, -141.89, -2.88, 168.04, 2
17:58:06.597 -> 11, 1.63, 1.12, -1.49, -13.84, -1.97, 3.63, -0.90, -0.68, -0.27, 20.89, -14.91, -10.77, 0.45, 0.76, 1.60, -115.52, 2.50, 123.60, 2
17:58:06.597 -> 12, 1.33, 1.27, -1.34, -16.77, 1.45, -11.02, 0.30, -1.43, -1.47, -27.45, 5.11, 5.34, 1.80, 1.21, 1.30, -112.10, -9.71, 99.68, 2
17:58:06.597 -> 13, 1.63, 0.37, 0.46, -21.17, -1.97, -19.81, 1.35, -1.58, -0.87, -0.60, -5.15, -8.82, 0.60, 0.16, 0.70, -108.69, -18.50, 57.69, 2
17:58:06.644 -> 14, 1.33, 0.97, -0.89, -24.10, -5.87, -6.63, 1.50, -0.98, -1.47, 12.10, -4.17, -18.58, 0.75, 0.01, 1.15, -62.79, 5.42, 41.08, 2
17:58:06.644 -> 15, 1.93, 0.37, -0.74, -7.98, -0.01, -10.04, 0.90, -0.38, -1.32, -18.66, -15.40, -5.89, 0.45, 0.31, 1.15, -53.51, -1.90, 56.22, 2
17:58:06.644 -> 16, 1.33, 0.97, -1.34, -7.98, 0.47, -9.07, 0.75, -0.98, -1.02, -9.87, 5.60, -8.33, 0.75, -0.44, 1.15, -42.77, -17.52, 34.74, 2
17:58:06.644 -> 17, 0.58, 0.52, -0.59, -14.82, -2.46, -12.97, 0.30, -0.98, -0.27, -1.08, 6.57, -12.72, 1.35, 0.46, 0.25, -48.63, 1.52, 31.32, 2
17:58:06.692 -> 18, 0.73, 0.37, -1.04, -8.96, -2.46, -7.60, 0.30, -0.23, 0.03, 1.85, -2.22, -11.26, -0.00, 0.01, 0.85, -25.19, -1.41, 37.67, 2
17:58:06.692 -> 19, -0.77, 0.52, -1.34, -16.28, 4.38, -13.95, 0.30, -0.98, 0.03, -5.48, -3.19, -6.38, -0.60, 0.46, 0.70, -23.73, -5.32, 36.20, 2
17:58:06.692 -> 20, -0.17, 1.12, -0.74, -7.01, -7.83, -20.79, 0.45, -0.08, -0.87, -5.48, -7.10, -3.94, 1.65, 0.31, 0.40, -35.93, -4.34, 28.88, 2
17:58:06.692 -> 21, 0.58, 1.27, -0.89, -18.24, 9.26, -9.56, 1.05, 0.07, -1.47, -0.60, -9.54, -14.68, -0.00, 0.31, 0.40, -19.33, -3.36, 17.65, 2
17:58:06.692 -> 22, 0.88, 0.97, -0.89, -20.68, 1.45, -14.93, -0.15, -0.68, -1.02, -4.50, -9.05, -10.77, -0.90, 0.46, 0.25, -8.59, -0.92, 22.04, 2
17:58:06.740 -> 23, 1.63, 1.87, -0.29, -12.87, -6.85, -10.53, 0.15, -0.38, -0.57, 1.36, -5.15, -0.52, 0.45, 0.31, -1.10, -12.98, 3.47, 9.35, 2
17:58:06.740 -> 24, 0.73, 0.37, -1.04, -17.26, 1.45, -5.65, -0.30, -0.38, -0.12, -5.48, -5.15, -2.96, -0.15, 0.16, 1.30, -9.57, 3.96, 8.37, 2
17:58:06.740 -> 25, 0.88, -0.23, -0.14, -21.66, 4.87, -3.21, 0.90, 0.37, -0.12, 7.70, -10.52, -7.84, -0.75, 1.36, 0.40, -9.08, 4.94, 16.18, 2
17:58:06.740 -> 26, 0.13, 0.07, -0.59, -15.31, -2.94, -26.16, -0.90, 0.07, -0.27, -4.01, -11.49, -3.94, 0.45, 0.76, 1.60, -2.24, 1.03, 16.67, 2
17:58:06.787 -> 27, 0.58, 0.52, -0.89, -2.12, 3.40, -20.30, 0.45, -0.08, -1.32, 6.24, -8.56, -5.89, 0.15, -0.14, 0.70, -17.38, -1.41, 12.76, 2
17:58:06.787 -> 28, 0.73, 0.67, -0.74, -12.87, 0.47, -1.26, 1.05, -0.23, -0.72, -8.41, -17.35, -13.21, 1.65, 0.01, 0.40, -5.66, -15.08, 5.93, 2
17:58:06.787 -> 29, 1.33, 0.97, -0.14, -19.70, -10.27, -4.18, 0.45, -0.38, 0.18, -2.06, 3.15, -3.45, 0.15, 0.46, 0.70, 3.62, -0.92, 5.93, 2
17:58:06.787 -> 30, -0.77, 0.52, 1.51, -17.26, 0.47, -4.67, 0.15, 0.37, -0.87, -8.90, -14.42, -3.45, -0.30, 0.76, 0.10, -12.49, 10.80, 21.06, 2
17:58:06.834 -> 31, -0.92, 1.87, -0.74, -7.98, 9.75, -12.00, 0.90, 0.67, -1.62, -6.94, 0.71, 0.46, -1.80, 0.16, 0.70, -2.24, 5.91, 9.35, 2
17:58:06.834 -> 32, -0.17, 0.37, -1.04, -24.58, 8.77, -13.95, 1.65, -0.38, -2.37, -4.50, -2.22, -2.96, 0.60, 1.21, 0.70, -11.52, 4.94, 8.37, 2
17:58:06.834 -> 33, 0.28, 1.42, 0.01, -25.07, -4.90, -21.27, 0.75, 0.07, -1.02, -0.11, -9.54, -11.26, -1.50, 0.01, 0.40, 5.57, -17.04, 1.04, 2
17:58:06.834 -> 34, 1.18, 0.67, 0.01, -24.10, 2.43, -6.63, 0.15, -0.38, 0.18, 10.15, -13.94, -13.70, -0.00, -0.44, 1.15, -0.29, 1.03, 1.04, 2
17:58:06.882 -> 35, -0.17, 1.12, 0.01, -19.21, -1.97, -4.18, -1.35, -0.68, -1.02, -16.71, -8.56, -4.42, 0.15, 0.46, 1.30, -8.10, -0.43, 11.30, 2
17:58:06.882 -> 36, 0.58, 1.27, -1.34, -9.45, -3.43, -15.90, 0.15, -1.13, -0.12, -5.48, 1.69, -15.17, 0.60, -0.14, 0.25, -13.47, 2.50, 5.44, 2
17:58:06.882 -> 37, -0.47, 0.67, -1.94, -13.84, -1.48, -32.51, 1.05, 0.52, -1.02, -5.48, -4.66, -4.91, -0.15, 0.16, -0.05, -4.68, -4.34, 0.56, 2
17:58:06.882 -> 38, 1.78, 0.52, 0.31, -19.70, 0.96, -13.95, -0.15, -1.43, -0.27, 5.26, -2.22, -3.94, 0.75, 0.31, 1.15, -6.64, -7.76, 9.35, 2
17:58:06.882 -> 39, 0.13, 1.27, -0.14, -20.19, 11.22, -16.39, -0.15, -0.68, 0.03, -8.90, -6.12, -5.89, -1.20, -0.74, 0.85, 0.20, 0.05, 5.44, 2
17:58:06.930 -> 40, 0.73, 1.12, -1.94, -20.68, -4.41, -11.51, 0.75, 0.52, -1.02, -0.60, -13.94, -33.23, 0.45, -0.74, 0.85, -27.14, 56.69, -2.86, 2
17:58:06.930 -> 41, 0.58, 0.07, -0.59, -12.87, 6.82, -9.07, -0.15, -0.23, -0.27, -13.29, -0.26, -31.28, -0.30, 0.31, 0.40, -29.10, -1.90, 52.80, 2
17:58:06.930 -> 42, 0.28, 0.67, 0.01, -17.75, -8.32, -3.21, -0.90, -0.23, 0.03, -2.55, -3.68, 7.78, 1.20, 1.06, 0.85, -33.49, -9.71, 17.16, 2
17:58:06.930 -> 43, -0.47, 1.87, -0.74, -4.08, -5.87, -19.81, 1.35, -1.13, -0.57, -2.55, 3.15, -16.14, -0.30, 0.76, 0.10, -24.70, 3.96, 27.41, 2
17:58:06.976 -> 44, 1.33, 0.97, -0.59, -6.52, -2.46, -13.46, 0.30, 0.52, 0.03, -20.62, 0.22, -9.79, 0.45, 0.01, 0.40, -22.75, -3.85, 41.57, 2
17:58:06.976 -> 45, 1.18, 1.42, -0.29, 1.78, 23.91, -10.53, 0.90, 0.67, -1.32, 70.69, -5.63, 18.04, -0.15, 0.91, 0.70, -108.69, 37.65, 34.25, 2
17:58:06.976 -> 46, -0.17, -0.08, -1.94, -10.42, 4.38, -10.04, 0.45, 0.67, -0.87, -4.50, -15.89, -1.01, -0.90, 0.91, 0.25, -24.70, -12.64, 47.92, 2
17:58:06.976 -> 47, 0.73, -0.38, -0.29, -8.47, 4.87, -5.16, 0.15, -0.08, -0.87, -2.55, -20.77, -7.35, -0.00, -0.74, 1.15, -31.05, -1.90, 41.57, 2
17:58:07.024 -> 48, 0.28, 0.37, -1.04, -13.84, -11.73, -10.04, -0.15, 0.52, 0.03, -4.01, -1.24, -11.26, 0.60, -0.59, 0.25, -36.42, -6.78, 18.62, 2
17:58:07.024 -> 49, 1.18, 1.87, -1.04, -10.91, 0.47, -13.46, -0.75, -0.83, 0.18, 4.78, 0.22, -5.40, -0.15, 0.16, 0.25, -23.73, -8.25, 0.07, 2
17:58:07.024 -> 50, 0.13, 1.27, -0.14, -20.68, 2.92, -16.39, 0.30, -0.68, -0.72, 7.70, 6.57, -4.91, -0.60, 0.46, 1.00, -35.44, -0.92, 17.16, 2
17:58:07.024 -> 1, 0.88, 0.52, -2.09, -22.14, -1.97, -10.53, 1.35, -0.08, 1.08, 6.73, 5.60, -16.63, -0.75, -0.44, 0.40, -115.52, -9.22, 116.77, 2
17:58:07.024 -> 2, -1.07, 0.07, -2.54, -6.03, -6.36, -16.39, 1.35, 0.37, -0.57, -4.99, -8.08, -10.28, -0.75, -0.44, 0.85, -92.57, 5.91, 77.71, 2
17:58:07.073 -> 3, 0.88, 0.97, -2.09, -20.19, 0.96, -8.58, 1.35, -0.08, -0.87, -8.41, -6.12, -5.89, -1.20, 0.01, 1.15, -46.67, 3.47, 100.65, 2
17:58:07.073 -> 4, 1.63, 0.67, -2.69, -5.05, -18.08, -10.04, 1.50, -0.98, -0.72, 3.31, -12.47, -20.05, -0.90, 0.46, 1.00, -54.00, -17.04, 39.13, 2
17:58:07.073 -> 5, 3.43, 1.72, -1.64, -14.33, 2.43, -24.69, 0.90, -1.88, -4.77, -2.06, -1.73, -1.01, 0.45, 1.36, 2.65, -70.60, -5.81, 19.11, 2
17:58:07.073 -> 6, 5.08, 2.92, -0.59, 19.36, -12.71, 40.25, -2.55, 0.52, -7.62, -81.16, -50.07, -2.96, -1.20, 2.86, 1.60, -20.80, -3.36, 65.01, 2
17:58:07.121 -> 7, 4.33, 3.67, -0.14, -23.61, 13.66, -31.04, -4.35, 1.42, -7.77, -9.87, -7.59, -40.56, 0.60, 1.21, 1.75, -42.77, 0.54, 42.06, 2
17:58:07.121 -> 8, 2.98, 1.72, 1.06, 35.96, -15.15, -46.67, -5.40, 0.82, -7.92, -75.30, -15.89, 1.92, 1.05, 1.21, 1.75, 42.19, -16.55, 33.76, 2
17:58:07.121 -> 9, 3.28, 1.12, 1.66, -35.82, -6.36, -29.58, -4.20, -0.68, -5.22, -47.47, -30.54, 75.65, -0.00, 1.36, 1.15, 82.23, 13.24, -22.39, 2
17:58:07.121 -> 10, 4.63, 1.27, 1.06, -18.73, 8.77, -13.46, -1.95, -1.13, -3.12, -4.50, -9.54, -1.49, 1.20, 1.81, 0.85, 10.94, -3.36, -63.90, 2
17:58:07.167 -> 11, 1.63, 0.67, 0.01, -15.80, -2.94, -21.27, 1.05, -2.18, -2.97, 24.31, -20.77, -29.33, 1.05, 1.21, 1.00, 41.22, 3.96, -33.13, 2
17:58:07.167 -> 12, 1.78, 0.07, -0.89, -0.17, -4.90, -10.04, 1.05, -0.98, -2.67, -29.40, -2.71, 6.32, 2.40, 0.31, 1.15, 6.06, -4.83, -62.92, 2
17:58:07.167 -> 13, 2.23, 0.52, 0.31, -10.91, 3.89, -16.39, -0.15, -0.23, -0.27, -4.99, -3.19, -8.82, 0.15, 0.16, 1.00, -6.64, -0.43, -67.80, 2
17:58:07.167 -> 14, 1.93, 1.42, -0.29, -15.31, -11.73, -3.21, 0.15, -0.08, -0.87, -3.04, -11.49, -9.79, -0.00, 0.76, 0.40, 29.01, 12.26, -23.37, 2
17:58:07.215 -> 15, 0.73, 1.42, 1.21, -5.05, 8.77, -1.74, 0.30, -0.68, -0.72, -14.27, -5.63, -21.03, -0.00, 0.76, 1.90, 8.01, 6.89, -14.09, 2
17:58:07.215 -> 16, -0.32, 1.27, -0.59, -21.66, -7.83, -14.93, 1.05, -0.68, -1.02, -13.78, -4.66, -2.96, 1.05, -0.89, 1.30, -7.12, -7.27, -18.49, 2
17:58:07.215 -> 17, 0.58, 0.97, 0.31, -17.26, 4.38, -15.42, 0.15, -0.38, 0.18, 5.75, -2.22, -0.52, 0.60, 1.21, 1.30, 30.47, 7.87, 4.95, 2
17:58:07.215 -> 18, 0.73, 0.37, -1.04, -20.19, -4.41, -9.56, -1.35, 0.52, -1.47, 2.33, 2.18, -8.33, 0.60, 0.46, 0.70, 2.15, -2.88, 13.74, 2
17:58:07.215 -> 19, 0.13, 0.97, -1.64, -20.19, -4.90, -9.56, -0.30, -0.38, -0.87, 5.26, -12.96, -3.45, -0.75, 0.76, -0.35, 3.13, -9.22, -8.72, 2
17:58:07.262 -> 20, 0.58, 1.27, 0.61, -8.96, -9.29, -11.51, -0.90, -0.23, -0.27, 7.70, -16.38, -16.63, 1.65, 0.76, 0.40, 10.94, -3.85, 0.07, 2
17:58:07.262 -> 21, 1.78, 0.52, -1.34, -21.17, -14.66, -6.14, 0.15, 0.37, -0.12, -10.85, -11.01, -4.91, 0.15, 0.46, 1.75, 6.55, 12.75, 3.97, 2
17:58:07.262 -> 22, 0.88, 2.02, -1.34, -16.77, -3.92, -12.00, 0.90, 1.12, -1.32, -1.08, -1.73, -5.89, -0.15, 1.21, 1.30, 6.06, 9.33, 2.51, 2
17:58:07.262 -> 23, 1.18, 1.42, -1.04, -28.98, -9.29, -7.11, 0.75, -0.23, -0.27, 0.38, 1.69, -7.35, 0.15, -0.14, 0.25, -8.10, 8.35, -6.77, 2
17:58:07.310 -> 24, 0.88, 0.97, -0.59, -12.38, -2.46, -14.44, -0.90, -1.43, 0.03, -8.90, -5.15, -5.40, 0.15, 0.16, -0.50, 2.15, 6.40, 1.53, 2
17:58:07.310 -> 25, 1.33, 0.52, -1.34, -17.75, -2.94, -14.93, -0.60, -0.68, -1.02, -11.34, -0.26, -6.38, 0.15, 1.66, 0.25, 8.50, -0.43, 9.35, 2
17:58:07.310 -> 26, 0.58, 0.97, -0.14, -12.38, 11.22, -2.23, -0.15, -0.98, 0.03, 10.63, -8.56, -7.35, 0.45, 0.76, 0.40, -3.71, -7.76, 5.44, 2
17:58:07.310 -> 27, 1.18, 1.87, -1.04, -8.47, -2.94, -13.46, 1.05, -0.23, -1.02, -5.97, -11.49, -15.17, 0.60, 0.16, -1.25, 6.55, 6.89, 0.07, 2
17:58:07.310 -> 28, -0.77, 0.97, -1.34, -15.80, 2.92, -12.97, -0.15, 0.07, 0.48, -2.06, -8.08, -21.51, 0.15, 1.96, 0.70, -11.03, -3.85, -1.88, 2
17:58:07.358 -> 29, 0.58, 0.97, -0.89, -18.24, 1.94, -11.51, 0.75, -0.23, -1.47, 4.29, -2.71, -10.28, 1.20, 1.36, 0.85, -2.73, 0.05, -0.91, 2
17:58:07.358 -> 30, 1.93, 1.12, -0.74, -27.03, -1.48, -2.72, 0.45, -0.83, 0.18, -14.27, -10.03, -13.21, 0.60, 1.96, 0.25, 5.57, 5.91, 8.37, 2
17:58:07.358 -> 31, 0.58, 1.72, -0.59, -15.31, 2.92, -7.60, 0.75, -0.68, 0.03, -10.36, -2.71, -16.63, 1.35, 0.46, 0.25, -14.45, 7.87, 6.90, 2
17:58:07.358 -> 32, -0.32, -0.23, 0.31, -30.44, -9.78, -12.49, 0.15, -0.08, -1.32, 3.80, -8.08, -12.24, 0.45, 0.31, 0.40, -2.24, -9.71, -2.37, 2
17:58:07.406 -> 33, 1.18, 1.42, -0.74, -37.77, -7.83, -22.25, 1.50, -0.68, -0.27, 4.29, -7.10, -8.33, -0.00, 0.31, -0.35, 6.55, 2.01, 2.02, 2
17:58:07.406 -> 34, 0.28, 1.12, -1.49, -17.75, 3.40, -11.02, 0.15, -0.08, -0.57, 3.80, -7.59, -8.82, -0.00, 0.76, 0.40, -0.29, -17.52, 8.37, 2
17:58:07.406 -> 35, 0.88, 0.97, -0.14, -17.75, -12.22, -13.95, 0.30, -0.98, -1.02, 0.38, -9.54, -2.47, 0.15, 0.46, 0.70, -12.49, 4.94, 10.81, 2
17:58:07.406 -> 36, 1.33, 0.07, -1.34, -19.21, -3.92, -18.34, 0.45, 0.37, 0.18, 4.29, 6.57, -8.33, 0.45, 0.31, -0.65, -10.05, 5.42, 5.44, 2
17:58:07.454 -> 37, 0.73, 0.67, -0.29, -28.49, 14.15, -12.49, -1.20, 0.67, -0.57, -17.20, -12.47, -8.33, -0.30, 1.06, 0.85, -3.71, 4.45, 3.49, 2
17:58:07.454 -> 38, 1.78, -0.23, -0.89, -16.28, -8.80, -18.83, 0.15, -0.08, -0.87, 6.73, -2.71, -2.96, -0.00, 0.01, 0.40, -8.10, -3.36, 0.07, 2
17:58:07.454 -> 39, 0.58, 0.97, -1.34, -21.66, 0.96, -12.00, 0.15, -0.83, -1.62, -0.11, -10.52, -2.47, 0.75, -0.44, 0.85, -6.64, 3.96, 1.53, 2
17:58:07.454 -> 40, 0.58, 0.97, -0.59, -28.49, 2.92, -26.16, 0.30, -1.43, -1.92, -9.39, -10.52, -20.05, 0.45, 0.01, 0.10, 0.20, -6.78, 9.83, 2
17:58:07.454 -> 41, -0.17, 1.42, -0.74, -27.03, -2.94, -15.42, 0.30, -0.68, -1.02, 2.82, -14.91, -15.17, -0.60, 0.46, 2.05, -8.59, 13.24, 12.76, 2
17:58:07.501 -> 42, -0.32, 0.07, -0.59, -27.51, 2.92, -6.14, 0.30, 0.07, -0.72, -0.11, -14.42, -6.38, -0.00, -0.44, 1.15, -6.15, 1.03, 5.93, 2
17:58:07.501 -> 43, 0.88, 0.52, -0.89, -15.80, -1.97, -23.23, 0.30, 0.07, -0.72, -4.01, 3.64, -5.89, 0.60, 1.66, 0.70, -5.66, 3.96, 12.76, 2
17:58:07.501 -> 44, 0.58, 1.27, -1.34, -15.31, 6.33, -11.51, 0.15, -0.38, -0.57, -4.50, 0.71, -18.10, -0.15, 0.46, -1.25, 7.52, -9.71, 6.42, 2
17:58:07.501 -> 45, -0.32, 0.52, -0.14, -7.50, 7.80, -16.88, 0.30, 0.07, -1.92, -8.90, -2.22, -15.65, 0.15, 1.66, 0.25, 1.67, 14.70, 2.02, 2
17:58:07.548 -> 46, -0.17, 1.12, -1.04, -9.94, -12.22, -4.18, -0.90, -0.98, -1.02, -2.55, -5.15, 1.92, 0.75, 0.31, 1.60, 9.97, -0.43, 7.39, 2
17:58:07.548 -> 47, 0.73, 1.42, -0.74, -15.31, 0.96, -14.93, 0.30, -0.23, -1.47, -5.97, -18.33, -11.75, -0.15, -0.14, 1.30, -3.22, 14.70, -1.88, 2
17:58:07.548 -> 48, 0.88, 1.72, -0.89, -22.63, -1.48, -5.65, 0.30, 0.52, -0.72, 10.15, -14.91, -0.03, 1.05, 0.16, -0.50, 5.08, 1.52, 4.95, 2
17:58:07.548 -> 49, -0.32, 1.27, -0.89, -14.82, -0.99, -18.83, 0.15, -0.38, -0.12, -7.43, -13.94, -16.63, 0.15, 0.16, 0.70, 7.52, -7.27, 8.86, 2
17:58:07.595 -> 50, 0.88, 2.02, 0.31, -16.28, 1.94, -14.44, 0.90, -1.13, 0.18, -7.92, 3.15, -17.61, 0.15, 1.21, -0.80, -2.24, 4.94, 6.42, 2
17:58:07.595 -> 1, -1.37, 0.67, -2.24, -9.45, 4.87, -10.04, 0.75, 0.07, 0.78, -12.31, 4.62, -7.84, -1.80, 0.16, -0.05, -3.71, 18.61, 66.47, 2
17:58:07.595 -> 2, -0.77, 0.07, -0.89, -13.35, 10.73, -16.39, 1.95, -0.23, 1.23, 11.61, -18.82, -18.58, -0.60, -0.89, -0.50, -40.33, -10.69, 27.41, 2
17:58:07.595 -> 3, -0.92, 1.12, -1.94, -24.10, 5.84, -20.79, 2.10, 0.37, 1.38, -4.01, -9.54, -17.61, -0.75, 0.01, -0.35, 5.08, 17.63, 44.50, 2
17:58:07.644 -> 4, 0.88, 1.27, -2.84, -18.24, 7.80, -11.51, 2.70, -0.23, 1.53, -3.04, -10.52, -3.45, -0.60, -0.59, 0.70, 12.41, 4.45, 55.73, 2
17:58:07.644 -> 5, -0.47, 1.12, -3.44, -17.26, 0.96, -17.86, 3.30, 1.12, 1.83, 0.87, 2.67, -5.40, -2.10, -1.64, 2.50, -18.84, -5.32, 1.53, 2
17:58:07.644 -> 6, 1.18, 0.37, -3.14, -9.45, -2.46, -15.42, 4.20, -0.08, 0.63, 2.82, -11.98, -3.45, -0.75, -0.74, 2.65, -20.80, 5.91, 10.81, 2
17:58:07.644 -> 7, 2.68, 0.52, -5.24, -15.31, 3.89, -19.81, 5.55, -2.18, -4.17, -3.53, -15.40, -22.49, 0.15, -0.59, 2.50, 5.08, -2.88, 26.44, 2
17:58:07.644 -> 8, 5.53, 1.72, -2.54, -29.96, -9.78, 13.88, 5.10, -1.73, -4.47, -6.94, -11.49, -27.86, -0.75, 0.01, 2.35, -30.07, 2.98, 2.51, 2
17:58:07.693 -> 9, 3.88, 0.97, -2.84, 2.27, 1.94, -40.81, 4.20, -1.58, -8.22, -73.35, 10.97, 49.78, -0.30, 0.76, 1.90, 43.66, 10.80, -6.77, 2
17:58:07.693 -> 10, 4.48, 2.32, -2.24, -13.84, -7.34, -11.02, 2.85, -3.08, -9.72, 14.05, -11.49, -36.65, -0.15, 0.46, 2.80, -21.28, 6.89, -26.79, 2
17:58:07.693 -> 11, 5.38, -0.08, -3.44, -20.68, 7.80, -53.01, 4.20, -4.28, -8.97, -40.64, 31.96, -7.84, -0.00, 0.31, 3.70, 36.33, 24.47, -6.77, 2
17:58:07.693 -> 12, 4.33, 0.97, -2.09, -3.59, -2.94, 20.72, 2.85, -4.28, -8.22, -0.60, 4.62, -34.70, -1.20, 1.36, 2.65, 123.74, 14.21, 0.07, 2
17:58:07.739 -> 13, 4.48, -0.08, -1.49, -25.07, -25.89, -11.02, 2.85, -5.03, -5.82, -17.20, -1.24, 27.31, -0.75, 0.01, 1.60, 65.14, 5.42, -51.20, 2
17:58:07.739 -> 14, 3.28, -0.83, -1.49, -23.12, -14.66, -17.37, 3.30, -3.38, -4.02, 36.03, -20.77, -27.86, 0.15, 1.21, 2.50, 73.93, 11.77, -20.93, 2
17:58:07.739 -> 15, 3.43, -0.23, -1.34, -31.91, -0.99, -14.44, 3.30, -2.33, -2.82, -22.57, -6.12, -7.84, 1.05, 0.91, 1.30, 37.80, 8.84, -33.13, 2
17:58:07.739 -> 16, 1.33, -0.23, -2.54, -24.58, -3.92, -14.93, 1.35, -0.38, -0.87, -11.83, -0.75, -13.21, -0.00, 0.31, 1.60, 1.67, -8.74, -71.22, 2
17:58:07.787 -> 17, 0.58, 2.02, -0.59, -23.12, -8.80, -24.69, 1.05, -0.98, -1.92, 2.82, -5.15, -11.75, -0.00, 1.06, 0.40, 24.61, 2.50, -34.11, 2
17:58:07.787 -> 18, 2.23, 0.52, -1.64, -17.75, -0.01, -12.97, 1.05, 0.07, -0.27, -3.53, -7.10, 5.34, -0.00, 1.81, 0.10, 32.92, 1.52, -19.46, 2
17:58:07.787 -> 19, 1.18, 1.12, -0.29, -24.58, -7.34, -4.67, 0.75, -0.68, -0.72, -9.39, -4.66, -5.89, 1.05, 0.46, 0.70, -3.71, -2.39, -22.39, 2
17:58:07.787 -> 20, 0.58, 1.27, -1.34, -12.87, 3.89, -17.86, -0.15, -0.98, -1.92, 7.70, -8.08, -10.28, -0.60, 0.16, 0.70, 11.43, 0.54, -21.42, 2
17:58:07.787 -> 21, 1.33, 0.52, 0.31, -5.54, -9.29, -18.83, -0.30, -0.38, -1.32, 2.82, -1.73, -4.91, 0.45, 0.31, 0.85, 19.73, 1.52, -1.88, 2
17:58:07.835 -> 22, 0.88, 0.52, 0.31, -21.66, 0.96, -13.95, 1.35, -0.08, -0.87, 1.85, -2.71, -12.72, -0.00, 1.06, 0.10, 3.13, -5.32, -6.28, 2
17:58:07.835 -> 23, 0.88, 1.27, -0.14, -24.10, -5.87, -23.23, 0.30, -0.23, -1.92, -1.08, -14.91, -13.21, 0.75, 0.01, 0.85, 8.50, -1.41, -2.37, 2
17:58:07.835 -> 24, 0.88, 0.07, -0.59, -11.40, 11.70, -11.02, 0.15, 0.37, -1.62, -2.06, -6.12, -9.79, 0.60, 0.91, 0.70, 10.45, 0.54, 10.32, 2
17:58:07.835 -> 25, 0.73, 1.42, -1.49, -14.82, -4.41, -18.34, 0.90, -0.08, -0.57, -9.87, 0.71, -13.21, -0.00, 0.76, 0.40, 0.69, 9.82, 9.35, 2
17:58:07.882 -> 26, 0.58, 0.97, -0.89, -14.33, -5.87, -18.83, -0.30, -1.13, -1.32, 1.85, -2.22, -4.42, 0.60, 0.46, 0.70, 11.43, 2.01, -4.33, 2
17:58:07.882 -> 27, 0.28, 0.67, -1.49, -4.08, -0.99, -12.49, 1.35, -0.08, -0.87, 4.78, -11.01, -14.19, -0.00, 0.01, 0.40, 23.15, 3.96, 5.44, 2
17:58:07.882 -> 28, 0.88, -0.68, 0.31, -14.33, 0.96, -11.51, 0.15, 0.37, -0.87, -2.55, -13.94, -8.33, -0.00, 0.76, 0.10, 4.59, -7.76, -3.35, 2
17:58:07.882 -> 29, 1.78, 0.97, -0.89, -19.21, -7.83, -21.27, 0.75, 0.82, -1.47, -6.46, -4.17, -14.19, -0.90, 0.46, 0.25, -11.03, 5.42, -1.40, 2
17:58:07.930 -> 30, 1.93, 0.37, -0.74, -12.38, -0.01, -7.11, 1.35, 0.37, -1.32, -1.08, -8.56, -8.33, -0.15, -0.89, -0.50, -11.03, 8.84, 9.35, 2
17:58:07.930 -> 31, 1.93, 1.42, -1.49, -15.80, 1.45, -6.63, 0.90, -0.08, -0.12, -6.94, -12.96, -7.35, 0.15, -0.59, 0.25, -1.75, 8.35, -3.35, 2
17:58:07.930 -> 32, 0.28, 0.67, 0.01, -15.31, 0.47, -9.56, 0.15, -0.08, -1.32, -4.50, -5.63, -11.75, 0.75, 1.06, 0.85, -6.15, 3.47, -11.65, 2
17:58:07.930 -> 33, 1.18, 1.12, -0.29, -20.19, 0.96, -8.58, 0.45, -0.38, -0.87, -5.48, -15.40, -17.61, -0.30, 1.06, 0.85, -3.71, 5.42, -4.33, 2
17:58:07.930 -> 34, 0.13, -0.23, -0.89, -13.35, -6.36, -13.46, 0.75, -0.68, -0.27, -11.34, -17.35, -19.07, 0.45, 0.76, 0.85, -9.57, -6.29, 11.79, 2
17:58:07.977 -> 35, 0.58, -0.23, -1.34, -29.96, -7.83, -7.11, 0.15, -0.08, -0.57, -10.85, -20.77, -9.31, 0.45, 1.06, 0.10, 3.13, -11.18, 3.00, 2
17:58:07.977 -> 36, 1.18, 0.67, -1.04, -5.05, 1.45, -17.86, 0.75, 0.07, -1.47, 4.78, 1.20, -11.26, 1.35, -0.59, 0.70, -13.47, 0.54, 7.39, 2
17:58:07.977 -> 37, 0.73, 0.37, -1.04, -31.42, -0.50, -19.81, -0.90, -0.23, -1.47, -4.99, -8.08, -5.89, 2.70, -0.44, 0.10, -6.15, -2.39, -0.42, 2
17:58:07.977 -> 38, 0.13, 0.52, -0.59, -32.40, 1.45, -17.37, -0.30, -0.08, -0.57, -4.50, -10.03, 0.95, -0.60, 0.16, 0.25, 0.69, -4.83, 15.69, 2
17:58:08.025 -> 39, 1.18, -0.08, -0.29, -3.10, -1.48, -14.44, 0.15, 0.67, -0.12, -12.31, -7.10, -2.96, 1.20, 0.76, -0.35, -4.68, -2.88, 0.07, 2
17:58:08.025 -> 40, 1.63, 0.37, -1.04, -22.63, -2.46, -12.00, -0.75, -0.08, -0.12, -8.90, -7.59, -8.82, 0.45, 0.76, 0.85, -12.98, 4.45, 6.90, 2
17:58:08.025 -> 41, 0.88, 0.52, -0.14, -18.73, 7.31, -3.70, 0.45, -0.38, -0.87, -6.46, -5.15, -13.70, 1.05, 0.16, 1.00, -6.15, 0.54, 0.56, 2
17:58:08.025 -> 42, 1.93, 0.37, -1.49, -25.56, 9.26, -11.02, -0.30, 0.37, 0.18, -10.85, -7.10, -16.14, -0.00, -0.44, 0.85, 5.57, 9.82, 0.07, 2
17:58:08.072 -> 43, 1.33, 1.27, -0.89, -16.28, -0.99, -27.13, 0.90, 0.37, -0.57, -6.46, -6.61, -16.63, 0.45, 0.31, -0.65, 9.97, -1.41, 19.11, 2
17:58:08.072 -> 44, -0.32, 0.52, -0.59, -12.38, 3.89, -8.58, -0.15, 0.52, -0.72, -5.97, -5.63, -13.70, -0.30, 0.31, 1.60, -8.59, 25.93, 12.28, 2
17:58:08.072 -> 45, 1.18, 0.37, 0.46, -17.26, 7.31, -4.18, -0.75, -0.83, -0.87, -1.57, -14.91, -8.82, -0.60, 1.21, -0.05, -5.66, -4.83, -2.86, 2
17:58:08.072 -> 46, 0.73, 1.42, -0.74, -14.82, -7.34, -1.74, 0.90, -0.38, -0.12, 0.38, -7.59, -12.72, 0.60, 0.46, 1.00, 5.57, 8.35, 8.37, 2
17:58:08.119 -> 47, 1.93, 1.12, -1.04, -13.84, -0.50, -17.37, 0.30, 0.52, -1.02, -3.04, -11.49, -7.84, 1.05, 1.21, 1.30, -2.73, 2.98, 3.97, 2
17:58:08.119 -> 48, 0.88, 0.97, -0.89, -29.96, -8.80, -16.39, 1.50, 0.52, -1.02, 0.87, -21.75, -6.87, -0.15, -0.59, 1.30, -2.24, -8.25, 8.86, 2
17:58:08.119 -> 49, 0.28, -0.08, -1.04, -28.00, -4.90, -13.46, 1.35, -0.08, -2.07, 0.87, -16.38, -16.63, -0.00, 0.76, 1.90, -1.26, -4.83, 0.07, 2
17:58:08.119 -> 50, -0.92, 0.67, -0.74, -11.89, -6.36, -10.53, 0.45, 0.67, -0.57, -3.04, -11.01, -15.65, -0.00, 0.31, 0.10, 2.64, -2.39, 9.35, 2
17:58:08.119 -> 1, -0.47, -0.08, -1.04, -15.31, -0.50, -23.72, 0.15, -0.83, -0.57, 10.15, -11.01, -9.31, -0.30, -1.49, 1.60, -110.64, -15.08, 19.60, 2
17:58:08.167 -> 2, -0.47, 0.37, -1.49, -14.82, 0.47, -14.44, 0.30, 0.07, 1.53, -4.99, -7.10, -0.03, -0.90, 0.16, 0.70, -67.18, -3.36, 17.65, 2
17:58:08.167 -> 3, 0.13, 0.97, -2.54, -15.80, 9.26, -10.53, 3.15, -0.23, 0.48, -4.99, 3.64, -12.72, -0.75, -0.74, 1.60, -40.33, 2.98, 40.11, 2
17:58:08.167 -> 4, 2.23, 0.52, -2.84, -1.15, -6.36, -15.42, 3.45, -0.23, -0.27, -2.55, -7.10, 5.83, -0.60, -0.89, 2.05, -33.49, -3.36, 30.34, 2
17:58:08.167 -> 5, 2.98, 1.72, -1.34, -31.42, -3.92, -13.46, 2.55, -1.58, -2.07, 10.63, -3.19, -13.21, -0.00, 0.01, 1.60, -17.87, 16.17, 31.32, 2
17:58:08.214 -> 6, 3.43, 3.67, -0.59, 18.87, 24.89, -99.89, 0.75, 0.52, -2.97, -79.70, 27.57, 56.12, -0.90, -0.59, 1.75, 100.30, 19.10, -24.83, 2
17:58:08.214 -> 7, 3.73, 2.32, 0.91, -12.38, 19.03, -63.27, -0.90, 2.02, -2.67, -45.52, -9.54, -32.74, -0.30, 0.31, 1.60, 13.87, 21.05, -70.73, 2
17:58:08.214 -> 8, 2.83, 1.12, 0.01, -42.16, -13.69, 53.43, -1.95, 2.17, -2.82, -103.62, -7.10, 109.35, -0.30, 0.76, 1.60, 7.04, 39.60, 231.51, 2
17:58:08.214 -> 9, 2.98, 1.27, 0.61, -19.21, -18.57, -7.60, -1.35, 0.82, -2.22, 76.55, -22.24, -105.01, 0.15, 1.21, 1.75, 46.10, 29.35, 172.92, 2
17:58:08.261 -> 10, 3.43, 0.52, -0.89, -22.63, -2.94, -12.00, 0.45, -0.08, -1.62, -10.85, -16.87, 28.29, 1.20, 0.01, 1.60, -66.21, -4.34, 18.13, 2
17:58:08.261 -> 11, 2.38, 0.37, -1.04, -9.94, -15.15, -23.23, 0.75, -0.68, -1.47, 11.61, -9.54, -16.14, 1.05, 1.66, 0.70, -50.58, 4.94, 16.18, 2
17:58:08.261 -> 12, 1.93, 1.12, -1.04, -9.45, 2.92, -8.09, 1.05, -0.68, -1.02, -11.34, -13.45, -0.03, -0.75, 1.06, 1.90, -20.80, 8.35, 39.13, 2
17:58:08.261 -> 13, 1.18, 0.67, -0.74, -28.49, -12.22, -15.90, 0.90, 0.37, -0.12, -5.97, -9.05, -12.24, 0.45, 0.76, 0.85, -33.49, 2.01, -12.63, 2
17:58:08.310 -> 14, 1.93, 1.12, -0.29, -19.21, 3.40, -12.97, 0.15, -0.08, -0.87, -7.43, 3.64, -9.31, -0.00, 0.76, 0.85, -32.51, 2.98, -13.12, 2
17:58:08.310 -> 15, 1.93, 1.12, 0.01, -18.24, -12.71, -16.88, 0.75, -0.23, -1.02, -4.50, -3.19, -6.87, 0.60, 0.16, 0.70, -7.61, -7.76, 20.09, 2
17:58:08.310 -> 16, 0.73, 0.37, -0.29, -5.05, 15.12, -7.11, 0.45, 0.37, -0.57, 8.19, -6.12, -14.68, 0.60, 0.16, -0.05, -20.31, 2.50, 6.90, 2
17:58:08.310 -> 17, 1.78, 1.72, -1.64, -22.14, 1.94, -24.20, 0.90, 0.37, -2.07, -4.01, -10.52, -9.31, 0.45, 1.36, 0.40, -26.17, -2.88, 3.49, 2
17:58:08.310 -> 18, 1.33, 0.97, -1.34, -17.26, -7.83, -14.44, 0.45, -0.08, -0.87, -4.99, -4.17, -5.89, 1.05, -0.59, 0.25, -14.94, 12.26, 15.69, 2
17:58:08.356 -> 19, 0.13, 0.52, -0.89, -11.89, -1.97, -15.42, 0.75, -1.43, -0.27, -12.31, -13.45, -16.63, 1.20, 0.31, 0.40, 0.69, 5.91, 18.62, 2
17:58:08.356 -> 20, 0.73, 1.42, -1.49, -15.80, -1.97, -15.42, 0.15, -1.13, -2.37, 10.15, -18.33, -13.70, -0.00, 0.76, -0.65, -9.08, -0.43, 3.00, 2
17:58:08.356 -> 21, 1.18, 0.37, 0.46, -19.21, 9.26, -12.97, 0.15, 0.37, -1.62, -14.27, -19.79, -17.61, 0.60, 1.96, -0.05, -4.19, 10.31, 20.58, 2
17:58:08.356 -> 22, 0.73, 1.12, 0.46, -26.05, 5.84, -8.09, 0.90, -0.08, -0.87, -20.13, -2.71, -15.17, 0.15, -0.14, 0.25, 2.64, 10.80, 28.88, 2
17:58:08.404 -> 23, 0.73, 1.42, -0.74, -19.21, -1.48, -24.69, 0.45, 0.37, -0.87, -2.55, -26.63, -15.65, -0.30, 0.31, 0.40, 2.15, -9.22, -0.91, 2
17:58:08.404 -> 24, 1.18, 1.12, -1.04, -25.07, -12.22, -7.60, 0.45, -0.38, -1.32, -11.83, 1.69, -3.45, 0.15, -0.14, 1.30, -4.68, -1.90, 14.23, 2
17:58:08.404 -> 25, 1.18, 0.67, -0.29, -21.17, -2.46, -21.27, 0.90, -0.38, -0.87, -4.50, -5.15, -15.65, -0.60, 0.46, 1.30, -5.17, -3.85, 6.90, 2
17:58:08.404 -> 26, 1.63, 1.12, -0.29, -7.50, 1.45, -6.63, 0.90, -0.38, 0.18, -0.11, -27.12, -15.17, -0.60, 0.46, 0.25, 1.18, 1.52, 14.72, 2
17:58:08.451 -> 27, 1.18, 1.87, -0.29, -8.47, 4.87, -11.51, -0.15, 0.52, 0.03, -2.55, -22.72, -19.07, 0.45, 0.01, 1.15, -14.45, -5.32, 6.42, 2
17:58:08.451 -> 28, 0.58, -0.23, -0.14, -17.26, 2.92, -9.56, -0.60, 0.07, -0.27, 3.31, -10.03, -14.19, 1.35, 0.46, 2.50, 3.62, 7.87, 24.97, 2
17:58:08.451 -> 29, 0.88, 0.97, -1.34, -7.50, 8.77, -27.13, 0.75, -0.23, 0.03, -9.39, -1.24, -9.31, 1.65, 1.36, 2.35, 3.62, 4.94, 8.86, 2
17:58:08.451 -> 30, 1.63, 1.42, -1.94, -19.21, 0.96, -12.00, 0.45, -0.83, -0.87, -4.50, 0.71, -15.65, 0.60, 0.46, 1.00, -7.61, 7.87, 2.02, 2
17:58:08.451 -> 31, 0.73, 1.12, -0.74, -30.93, -8.80, -24.20, 0.90, -0.83, -0.87, -0.11, -3.68, 4.85, 0.75, 0.31, 2.35, 5.08, 2.01, 7.39, 2
17:58:08.499 -> 32, 0.28, 0.67, 0.01, -31.42, -8.32, -1.74, 0.45, 0.37, -0.57, 7.22, -13.94, -9.79, 0.45, 0.01, 1.60, -5.17, 1.52, 14.72, 2
17:58:08.499 -> 33, 1.63, 1.42, -1.04, -9.94, -4.41, -11.02, 1.50, -0.23, -1.02, 3.31, -14.42, -21.03, -0.15, 0.16, 0.70, -4.68, 7.38, 9.83, 2
17:58:08.499 -> 34, 1.18, -0.08, -0.74, -11.89, -0.99, -15.90, -0.30, -1.13, -0.87, 0.87, -3.19, -8.33, 0.60, -0.14, 1.00, -4.19, 6.89, 14.23, 2
17:58:08.499 -> 35, 0.88, 0.07, -0.14, -16.28, 1.45, -11.02, 1.65, -0.38, -0.57, 5.75, -4.66, -11.26, -0.15, 0.16, 0.70, 2.15, -3.85, 8.37, 2
17:58:08.546 -> 36, 1.18, -0.08, -0.29, -18.73, -0.01, -13.95, 1.35, -1.13, -0.87, 9.66, -12.47, -14.19, 0.45, 0.01, 0.10, 1.18, 3.47, 3.49, 2
17:58:08.546 -> 37, 2.23, 0.07, -1.64, -18.73, -6.36, -10.04, 0.15, -0.38, -0.87, 6.24, -4.66, -5.89, 1.35, 1.21, 1.00, -1.26, -12.15, -11.16, 2
17:58:08.546 -> 38, 0.73, 0.37, -0.29, -13.35, 3.40, 1.19, 1.05, -0.68, -0.72, -2.55, -9.05, -7.84, 0.45, 1.06, 0.10, 8.01, 9.82, 9.35, 2
17:58:08.546 -> 39, 2.83, 1.12, -0.29, -18.73, -0.01, -5.65, 0.15, 0.67, -1.62, -5.48, -7.10, -9.31, 0.15, 0.46, 0.25, -2.73, -0.92, 14.23, 2
17:58:08.594 -> 40, 1.63, 0.67, -1.04, -14.33, -1.48, -9.56, 0.15, -0.08, -1.62, -11.83, -8.56, -15.17, 1.35, 1.21, 1.75, -10.54, -0.92, 6.90, 2
17:58:08.594 -> 41, 0.88, 0.52, -1.34, -22.63, 12.68, -27.13, -0.90, -0.68, 0.03, -5.97, -4.17, -17.12, 0.45, 0.31, 1.15, 6.55, 3.96, 6.90, 2
17:58:08.594 -> 42, 2.38, 0.67, -1.04, -21.66, -0.99, -21.27, 1.35, -1.13, -0.87, 4.29, -6.12, -13.70, 1.80, 0.91, 0.25, 1.18, 1.03, 9.83, 2
17:58:08.594 -> 43, 1.93, -0.08, -0.29, -21.17, 3.40, -12.00, 0.75, 0.07, 0.48, -3.53, -11.01, -9.31, -0.15, 1.66, 1.00, -6.15, -1.90, 12.76, 2
17:58:08.641 -> 44, 1.33, 1.27, -1.34, -6.52, -5.39, -13.95, -0.60, 0.52, -0.72, 0.38, -10.52, -18.10, 1.05, 1.21, 1.00, -8.10, 2.50, 14.23, 2
17:58:08.641 -> 45, -0.47, 1.87, -1.04, -26.54, -4.90, -11.51, 0.75, 0.07, -1.02, 3.80, -14.42, -10.28, -1.50, 0.76, 1.15, 5.57, 8.35, 11.30, 2
17:58:08.641 -> 46, 0.73, 1.12, -1.04, -9.94, -8.80, -20.79, 0.15, -1.13, -0.57, -9.87, -11.01, -8.82, 0.45, 0.76, 2.35, -10.05, 12.75, 10.81, 2
17:58:08.641 -> 47, 1.18, -0.38, -0.74, -27.03, 2.92, -4.67, 0.30, 0.52, -0.27, 4.29, -10.52, -10.77, 1.05, 0.46, 1.75, -3.71, 2.50, 14.72, 2
17:58:08.641 -> 48, 0.73, -0.08, 0.46, -32.89, 5.84, -2.72, -0.30, -0.83, -0.87, -8.41, -13.94, -12.24, 0.45, 1.06, 0.85, -3.22, -5.81, 6.90, 2
17:58:08.689 -> 49, 1.93, 0.67, -1.04, -22.63, 4.38, -10.04, 0.75, -0.98, -1.02, -3.53, -11.01, -16.63, 0.60, 1.21, 2.50, 1.67, 1.03, 8.37, 2
17:58:08.689 -> 50, 1.63, 0.67, -0.74, -22.14, -5.87, -7.60, 0.15, -0.08, 0.18, -12.80, -16.38, -16.63, 1.05, 0.91, 1.30, -7.61, 9.82, 19.11, 2
17:58:08.689 -> 1, 1.33, 0.07, -1.34, -20.68, 5.84, -8.58, -0.30, -0.83, -1.32, -16.22, -17.35, -6.38, -1.20, 0.31, 1.60, 62.21, 13.24, 37.67, 2
17:58:08.689 -> 2, 1.33, 0.07, -1.64, -3.59, -2.94, -8.58, 1.05, 0.07, -1.02, 16.01, -12.47, -24.93, -0.75, 0.76, 0.85, 28.52, 0.54, -57.55, 2
17:58:08.738 -> 3, 1.18, 0.37, -1.94, -25.56, 4.38, -12.49, 2.10, 0.37, 0.18, -19.64, -8.08, -7.84, -1.95, 0.76, 1.60, 55.86, 6.40, -34.11, 2
17:58:08.738 -> 4, 2.38, -0.08, -3.44, -17.75, -5.39, -8.58, 3.75, 0.37, -0.87, -6.94, -2.22, -10.28, -2.55, 0.91, 2.05, 88.09, 15.19, 3.97, 2
17:58:08.738 -> 5, 1.33, 0.07, -2.09, -16.77, -5.39, -21.76, 4.80, -0.23, -0.72, -1.57, -0.26, -12.72, -2.10, 0.91, 4.00, 33.89, 10.80, -42.90, 2
17:58:08.738 -> 6, 2.38, -0.08, -2.24, -21.17, -4.41, -22.74, 4.95, -0.38, -2.07, -5.97, -3.68, -7.84, -2.10, 0.46, 5.05, 39.26, 18.61, -39.97, 2
17:58:08.738 -> 7, 1.78, 0.07, -0.89, -31.91, -12.22, 36.34, 5.10, 0.07, -4.17, 154.68, 16.34, -129.42, -1.35, 0.46, 6.10, -77.92, -6.78, -131.77, 2
17:58:08.784 -> 8, 2.38, -0.38, -1.04, -4.08, 4.38, -53.50, 5.10, 2.47, -5.22, -4.50, -14.91, -64.48, -0.75, 1.06, 7.00, 83.21, 25.44, 154.85, 2
17:58:08.784 -> 9, 2.23, 0.07, -1.34, -41.67, -12.71, 9.49, 4.80, 1.57, -6.12, -31.85, -8.56, -24.93, -1.95, -1.19, 5.20, -32.03, -24.85, 22.04, 2
17:58:08.784 -> 10, 2.23, -1.43, -0.89, -15.80, -2.94, 18.28, 4.20, 1.42, -4.77, -9.87, 14.87, 18.04, -1.20, 0.31, 6.40, -156.05, -35.59, 208.08, 2
17:58:08.784 -> 11, 1.78, -0.98, -0.59, -9.45, -0.50, -15.42, 3.75, 0.37, -5.07, 21.38, -13.94, -49.83, 0.60, 0.46, 6.55, 33.40, 38.14, 322.82, 2
17:58:08.832 -> 12, 1.18, -0.83, -2.69, -7.98, -3.43, -11.02, 2.85, 0.67, -2.82, -23.55, -1.24, -0.03, -0.60, 1.21, 3.55, -116.01, -18.50, 49.87, 2
17:58:08.832 -> 13, 2.38, 0.37, -0.29, -12.87, 6.33, -9.07, 1.05, 0.07, -1.92, 7.70, -4.17, -18.10, -0.00, 1.36, 4.15, -104.29, -17.04, 11.30, 2
17:58:08.832 -> 14, 1.18, 0.67, 0.91, -25.56, 10.24, -11.51, 0.75, -1.43, -1.02, 5.75, -11.98, -16.14, -0.00, -0.44, 2.65, 9.48, 26.91, 99.68, 2
17:58:08.832 -> 15, 1.33, -0.98, 0.61, -14.82, -10.27, -19.81, 0.90, -0.08, -0.57, 4.29, -5.15, -5.89, -0.75, 1.06, -0.35, -74.99, -13.62, -15.07, 2
17:58:08.880 -> 16, 1.33, 0.97, -1.64, -7.01, -6.85, -4.18, 0.45, -0.83, -0.87, -6.46, -2.71, -14.68, -0.00, 0.31, 0.40, -72.55, -17.52, -26.30, 2
17:58:08.880 -> 17, 1.33, 0.52, -1.34, -23.12, -7.34, -2.72, 1.35, 0.37, -0.87, -1.08, -4.66, -21.51, 0.15, 0.91, 1.30, 30.96, 16.17, 68.43, 2
17:58:08.880 -> 18, 1.33, 0.07, -2.09, -13.35, -3.92, -11.51, -0.60, 0.07, -0.27, 12.10, -20.28, -6.38, 1.35, -0.89, 0.70, -10.05, -2.88, 3.97, 2
17:58:08.880 -> 19, 1.63, -0.08, -1.04, -13.84, -6.85, -12.49, 0.30, -0.98, -0.72, -10.36, -14.42, -16.14, 0.60, 0.16, 3.25, -45.21, -14.59, -13.12, 2
17:58:08.928 -> 20, 0.58, 0.52, -0.14, -14.82, -1.48, -19.81, 0.15, -0.08, -1.62, -5.97, -10.52, -9.79, 0.15, 0.46, 0.25, 16.31, 10.80, 41.08, 2
17:58:08.928 -> 21, 1.78, 1.27, -1.64, -23.61, -3.92, -2.72, 0.90, -0.08, -2.07, -7.92, 0.71, -4.91, -0.00, 1.06, -1.10, -4.68, 4.45, 15.69, 2
17:58:08.928 -> 22, 1.18, 0.67, -2.24, -8.47, -8.32, -12.49, -0.30, -0.38, -0.57, -0.60, -8.56, -11.75, 0.60, 0.16, 0.70, -18.84, -0.43, -6.77, 2
17:58:08.928 -> 23, 1.78, 0.52, -0.14, -3.10, 3.40, -19.32, 0.30, -0.23, -0.27, 10.15, -5.15, -7.35, -0.00, 1.06, 0.40, 18.76, 4.94, 34.74, 2
17:58:08.975 -> 24, 1.63, 1.12, -0.74, -14.82, 2.43, -23.23, -0.15, -0.23, 0.03, 3.31, -20.77, -2.96, 0.75, -0.74, 0.10, 0.20, 3.47, 26.44, 2
17:58:08.975 -> 25, 1.93, 0.37, -0.74, -28.49, -2.46, -6.14, 0.30, -0.68, -1.92, -7.92, -4.17, -19.56, 0.45, 0.76, 0.85, -16.89, -14.11, -2.37, 2
17:58:08.975 -> 26, 1.18, 0.67, -0.29, -17.75, 0.96, -17.37, 1.50, 0.07, -1.02, 2.33, -5.15, -9.79, 0.45, 1.06, 0.85, -1.26, -1.41, 15.69, 2
17:58:08.975 -> 27, -0.17, 1.42, -0.74, -17.26, 4.87, -25.67, -0.60, -0.68, -1.02, -6.46, 1.69, -15.17, -0.30, 0.31, 0.10, 16.31, 11.28, 18.62, 2
17:58:08.975 -> 28, 1.18, 0.37, 0.01, -21.17, -5.87, -14.44, 0.75, -0.98, -1.02, -1.57, 0.22, -11.75, 1.35, -0.59, 1.75, -18.35, -2.39, -7.74, 2
17:58:09.022 -> 29, 1.63, 1.12, -0.74, -14.82, -0.99, -6.63, 1.05, -0.68, -0.72, -3.53, -0.26, -6.38, -0.30, 1.81, 1.15, -0.29, 14.21, 20.58, 2
17:58:09.022 -> 30, 1.93, 1.42, -1.49, -26.05, -1.97, -2.72, 1.50, -0.68, -1.47, -7.92, -7.10, -18.58, 0.75, -0.44, 0.85, 2.64, 8.84, 16.67, 2
17:58:09.022 -> 31, 0.58, 0.97, -1.34, -7.50, -2.46, -25.67, 1.05, -0.23, -1.02, -3.53, -17.84, -13.21, 0.75, 1.06, 0.85, -13.96, -7.76, 14.23, 2
17:58:09.022 -> 32, 0.28, -0.08, -1.04, -24.10, -2.94, -12.97, 1.35, -0.08, -0.57, 2.82, -4.17, -2.47, 0.15, 0.91, 0.70, -18.35, -9.22, -2.86, 2
17:58:09.070 -> 33, 1.33, -0.98, 0.31, -18.73, 7.80, -13.95, -0.60, -0.23, -0.72, -7.92, -7.59, -2.47, 0.60, 0.91, -0.80, -7.12, -4.34, 13.25, 2
17:58:09.070 -> 34, 0.58, 0.52, -0.14, -23.61, 1.45, -18.34, -0.15, -0.68, -0.72, 2.33, -5.63, -9.79, 0.15, 0.91, 1.00, 0.69, 9.33, 18.13, 2
17:58:09.070 -> 35, 1.18, 0.67, -0.74, -17.26, 9.75, -11.51, 0.15, -0.08, -1.32, 5.75, -17.35, -10.77, 0.75, 0.01, 0.85, -14.45, -2.88, -2.37, 2
17:58:09.070 -> 36, 0.88, 0.97, -0.59, -22.63, -7.34, -14.44, 0.45, -0.83, -0.87, 0.38, -0.26, -17.12, -0.15, 1.21, -0.05, 3.13, 2.01, -1.40, 2
17:58:09.118 -> 37, 1.63, -0.38, 0.01, -16.28, -6.36, -12.49, 2.25, -0.68, -0.72, -4.50, -19.79, -1.49, -0.15, 0.16, 0.70, 7.04, 0.54, 16.67, 2
17:58:09.118 -> 38, -0.92, 0.37, -1.04, -7.98, -13.69, -4.18, 0.45, 0.37, 0.18, -8.90, -1.73, -6.38, 0.60, 1.21, 1.00, -2.73, 0.54, 10.81, 2
17:58:09.118 -> 39, 0.88, -0.23, -0.14, -26.05, 5.36, -12.00, 0.75, -0.68, -0.72, -4.01, 0.71, -14.68, -0.15, -0.14, 1.00, 4.11, -5.32, 7.88, 2
17:58:09.118 -> 40, 0.73, 1.42, -1.04, -15.80, 11.22, -16.39, 1.35, 0.67, -1.32, -3.53, -12.47, -12.24, 0.15, 0.46, 0.25, -4.68, 3.96, 8.86, 2
17:58:09.118 -> 41, 0.13, 0.52, -0.59, -25.56, -5.39, -17.37, 0.30, 0.82, -1.02, -6.46, -3.19, -7.35, -0.00, 0.01, 0.40, 0.20, 1.52, 4.95, 2
17:58:09.166 -> 42, 1.33, 0.52, -0.89, -20.19, 0.96, -14.93, -0.75, -0.08, -0.57, -9.87, -16.87, -14.19, 1.05, 0.46, 0.25, -4.19, -6.29, 12.28, 2
17:58:09.166 -> 43, 1.78, 0.97, -0.59, -20.68, -7.83, -7.11, 0.15, 0.37, -0.57, -8.41, -12.96, -0.52, 0.15, 0.91, -0.05, 4.59, -1.41, 10.32, 2
17:58:09.166 -> 44, 0.73, 1.12, -1.49, -19.70, 17.56, -17.37, 0.75, -1.43, -0.27, -4.99, -11.01, -15.65, 0.15, 1.21, -0.05, -3.71, 2.01, 15.69, 2
17:58:09.166 -> 45, 0.73, 0.37, -1.04, -15.80, 1.94, -19.81, 0.45, -0.38, -0.12, -3.53, -5.63, -12.24, 0.45, -0.74, 0.85, -3.71, -6.78, -3.84, 2
17:58:09.214 -> 46, 2.23, -0.68, -0.89, -31.91, 5.84, -20.79, 1.05, -0.23, 0.48, 0.38, -14.91, -12.24, 0.45, 0.31, 0.85, 0.69, 6.40, 15.21, 2
17:58:09.214 -> 47, 0.58, 0.07, -0.89, -20.68, 2.92, -12.49, -0.60, -0.68, -1.92, -7.92, -13.45, -8.82, 0.45, 0.31, 1.60, -4.68, 4.94, 10.81, 2
17:58:09.214 -> 48, 1.78, 0.07, -0.14, -17.26, -14.17, -15.42, 0.75, -0.68, -0.27, 3.80, -10.52, -15.65, 0.45, -0.74, 0.85, -2.24, 9.33, -1.40, 2
17:58:09.214 -> 49, -0.17, 0.67, -0.29, -12.87, 4.87, -21.76, 1.35, -0.08, -0.12, 4.29, -15.40, -14.68, 0.75, 1.06, -0.35, 12.41, -10.69, 20.09, 2
17:58:09.262 -> 50, 0.58, 0.52, -0.89, -9.45, -0.01, -19.32, 0.75, -0.23, -0.27, -1.57, -10.03, -15.65, 0.15, 0.16, 1.30, 3.62, -5.81, 13.25, 2
17:58:09.262 -> 1, -0.17, 1.12, -0.74, -26.54, -3.92, -10.53, -0.75, 0.37, 0.63, -4.01, -2.22, -15.65, -0.75, -1.49, 0.10, -95.99, -11.18, 38.15, 2
17:58:09.262 -> 2, -0.17, -0.83, -1.04, -13.84, -0.01, -22.74, 0.45, 0.67, 0.63, -10.36, -25.65, -8.82, 0.60, -0.59, 0.25, -69.14, -4.34, 25.46, 2
17:58:09.262 -> 3, -1.07, -1.43, -0.89, -8.96, -4.90, -0.77, 0.75, 0.07, 0.48, 2.33, 1.20, -17.12, 0.15, -0.14, 0.70, -38.86, 1.03, 44.99, 2
17:58:09.262 -> 4, 0.58, 0.07, -2.54, -16.77, 5.84, -11.02, 2.10, 0.67, -0.87, -17.69, -4.66, -14.19, -0.30, 0.31, 0.40, -40.82, -5.81, 16.18, 2
17:58:09.310 -> 5, 0.58, 0.97, -2.09, -18.24, 0.47, -25.18, 2.10, -0.38, -2.37, -3.04, 1.20, -12.72, -0.60, 1.21, 0.70, -28.61, 6.89, 20.09, 2
17:58:09.310 -> 6, 1.78, 1.27, 1.51, -30.93, 0.96, 9.49, -0.75, 1.87, -0.87, 18.94, -40.79, -28.84, -0.60, 0.91, -0.05, -38.37, -3.85, 46.94, 2
17:58:09.310 -> 7, -0.17, 1.12, 1.21, -12.38, 14.15, -62.29, -0.75, 2.62, 0.63, -68.47, -12.96, 35.13, 1.05, 1.21, 1.00, 140.83, 23.00, 75.75, 2
17:58:09.310 -> 8, 0.58, 0.97, 2.26, -19.21, 2.43, -10.53, -2.70, 3.37, 1.08, -66.03, -33.96, -74.25, -0.75, 1.81, 1.15, 14.36, 34.72, -40.46, 2
17:58:09.357 -> 9, 1.18, -0.08, 2.11, -31.91, 5.84, 12.91, -2.70, 4.12, 0.63, -4.99, 21.71, -22.00, -0.00, 1.81, 1.60, 8.01, 23.98, 174.38, 2
17:58:09.357 -> 10, -0.47, 1.87, 2.86, -19.21, 1.94, -10.04, -2.10, 2.02, -0.27, 26.26, -10.03, -28.35, -0.15, 0.46, 1.30, 76.86, 29.35, 173.41, 2
17:58:09.357 -> 11, 0.13, 0.52, 1.51, -26.54, 5.84, -11.02, -0.15, 1.27, -0.72, -5.97, -10.03, -0.52, -0.00, 0.31, -0.35, -84.27, -18.99, -14.09, 2
17:58:09.357 -> 12, 0.73, -0.08, 1.21, -30.93, -0.99, -11.51, 0.15, 1.42, -0.87, 9.66, -12.47, -15.17, 0.60, 2.41, 0.25, -31.05, 1.52, 4.95, 2
17:58:09.405 -> 13, 0.88, 1.27, 1.06, -31.42, -1.97, -6.63, -0.15, 0.52, -1.02, -4.01, -7.59, -8.82, 1.05, 0.16, 0.70, 12.90, 14.70, 74.78, 2
17:58:09.405 -> 14, 1.33, 0.52, -0.14, -14.82, 4.87, -9.07, 1.35, -0.38, -1.32, -2.55, -10.03, -33.72, 1.05, 0.16, 1.00, -57.42, -15.57, -25.81, 2
17:58:09.405 -> 15, 1.78, 0.97, -1.34, -30.93, -3.92, -17.86, 0.45, -0.08, -0.57, -16.22, -2.22, -11.75, -0.00, 0.76, 0.85, -36.91, -7.76, -9.70, 2
17:58:09.405 -> 16, 1.93, 0.37, -0.29, -9.94, 1.94, -0.77, 0.30, -0.68, -1.02, 1.36, -14.42, -22.98, -0.60, 0.46, 1.30, 13.38, 8.35, 47.43, 2
17:58:09.452 -> 17, 0.73, -0.08, -0.29, -30.93, 11.22, -16.39, 0.30, -0.68, -1.02, -9.39, -11.98, -5.40, 1.05, 0.46, 1.30, -33.49, 0.54, -7.26, 2
17:58:09.452 -> 18, 1.18, 0.67, -0.29, -19.21, -6.85, -15.42, 0.15, -1.58, -0.57, -2.55, -18.33, -11.26, -0.75, 0.31, 0.40, -36.91, -9.22, -0.91, 2
17:58:09.452 -> 19, 1.78, 0.97, -2.09, -24.58, -10.76, -10.04, 0.45, -0.08, -0.57, -14.27, -6.61, -17.12, 0.15, 0.46, 1.00, 24.61, 5.91, 40.11, 2
17:58:09.452 -> 20, 0.88, 1.27, -0.59, -25.07, -1.48, -11.51, 1.05, -0.68, -1.02, 5.26, -13.94, -18.58, -0.15, 0.16, -0.05, -15.42, 0.05, 15.69, 2
17:58:09.452 -> 21, 1.78, 2.47, -0.59, -22.63, -1.48, -9.56, -1.35, 0.07, -1.47, -5.48, -27.12, -11.26, 0.75, 0.31, 0.10, -12.49, -5.81, -9.21, 2
17:58:09.501 -> 22, 1.63, 0.37, -1.94, -22.14, -2.46, -11.51, 1.50, 0.07, -1.02, 3.80, -21.75, -27.37, -0.00, 1.06, 0.85, 0.69, 17.63, 32.29, 2
17:58:09.501 -> 23, 0.73, 1.12, -0.74, -21.66, -12.71, -12.97, -0.90, -0.68, -1.47, -5.48, -26.63, -20.05, 0.45, 0.76, 1.90, 0.69, 3.47, 20.58, 2
17:58:09.501 -> 24, 2.38, 0.37, -1.04, -27.03, -4.90, -19.32, 0.45, 1.12, -2.07, -2.06, 2.67, -15.17, -0.60, 1.21, 1.30, -32.51, 8.84, 2.51, 2
17:58:09.501 -> 25, 1.33, 0.97, -2.09, -21.66, 2.92, -15.42, 0.15, 0.37, -1.32, -3.53, -24.19, -20.54, 1.35, -0.14, -0.80, -12.49, -2.39, 16.67, 2
17:58:09.548 -> 26, 2.23, 0.07, 0.31, -21.66, -1.97, -19.81, 1.35, 0.37, -1.62, -13.29, -12.96, -14.68, 1.20, -0.44, 1.60, 0.69, 16.66, 11.79, 2
17:58:09.548 -> 27, 2.38, 1.12, -0.74, -23.12, 2.43, -22.74, 1.05, 0.07, -2.22, -4.50, -12.47, -18.58, 0.15, 0.46, -0.05, -9.08, 3.96, 2.02, 2
17:58:09.548 -> 28, 1.33, 2.02, -0.59, -29.96, -5.39, -9.07, 1.05, 0.07, -1.02, -6.94, -17.84, -22.49, -0.00, 1.81, 0.40, -8.10, 0.54, 6.90, 2
17:58:09.548 -> 29, 1.33, 2.02, -0.89, -30.93, 2.43, -13.95, 0.15, -0.38, -1.62, -8.90, -13.45, -9.79, 1.20, 0.76, 0.85, -11.52, 21.54, 10.32, 2
17:58:09.596 -> 30, 2.83, 1.42, -1.04, -27.51, -14.66, -6.14, -0.15, 0.52, -1.02, -3.53, 3.64, -23.47, 1.05, 0.91, 0.25, 2.64, 10.31, 23.51, 2
17:58:09.596 -> 31, 1.18, 1.12, -0.74, -15.31, -5.87, -12.00, 1.50, 0.52, -1.02, -0.60, -19.79, -20.54, -0.90, 0.16, -0.80, -15.42, -2.39, 8.86, 2
17:58:09.596 -> 32, 1.63, 0.37, -1.49, -23.12, 3.89, -18.83, 0.75, -0.23, -1.47, -1.08, -1.73, -10.28, 1.65, 1.36, 1.15, 1.18, 3.47, 17.16, 2
17:58:09.596 -> 33, 1.93, 0.67, 0.46, -13.84, 1.45, -14.93, 0.90, -0.08, -1.32, -6.94, -12.47, -16.63, -0.00, 0.01, -0.35, 4.11, 15.68, 15.69, 2
17:58:09.644 -> 34, 1.93, 0.37, -0.74, -27.03, 1.45, -12.00, -1.20, -0.38, -1.62, 1.85, -16.87, -9.79, 1.05, 0.46, 1.75, -10.54, 4.45, 9.35, 2
17:58:09.644 -> 35, 0.88, 0.07, -0.89, -24.58, -7.83, -14.93, 0.45, -0.08, -1.62, -5.48, -19.31, -15.17, 1.20, 0.76, -0.65, 5.08, -0.92, 20.09, 2
17:58:09.644 -> 36, 1.93, 1.42, -1.04, -10.91, 3.40, -19.32, -0.15, -0.23, -1.47, -0.11, -12.96, -10.28, -0.60, 0.91, 0.25, -3.22, -3.85, 23.51, 2
17:58:09.644 -> 37, 1.63, 0.67, 0.01, -18.24, 16.59, -16.88, 0.90, 0.37, -2.82, -11.83, -19.79, -16.14, -0.00, 1.81, 1.60, -7.12, 7.87, 6.90, 2
17:58:09.644 -> 38, 0.88, 0.52, -0.89, -14.82, 7.80, -16.39, 0.15, -0.83, -2.07, -3.04, -14.91, -15.17, -0.15, 0.91, 0.70, -6.64, 19.10, 12.28, 2
17:58:09.691 -> 39, 1.63, 0.67, -0.74, -23.12, -1.48, -22.74, 0.45, 0.37, -1.62, -0.60, -19.31, -12.24, 0.75, 1.06, 0.40, 2.15, 9.82, 5.44, 2
17:58:09.691 -> 40, 0.73, 1.12, 0.01, -11.89, 4.38, -10.53, 1.05, 0.52, -0.72, -16.71, -3.19, -19.56, 0.75, 0.31, 0.10, -11.52, -5.32, -1.40, 2
17:58:09.691 -> 41, 0.28, -0.08, -0.74, -10.42, -0.01, -3.21, 1.05, -0.23, -1.47, -16.22, -8.56, -15.17, -0.30, 0.01, -0.35, 0.69, -7.76, 13.74, 2
17:58:09.691 -> 42, 1.18, 1.12, -0.29, -16.28, -2.46, -19.32, -0.60, -1.43, -0.27, -7.92, -8.08, -5.89, 1.05, 0.46, 1.75, -8.10, -11.67, 21.06, 2
17:58:09.738 -> 43, 1.63, 0.37, -0.29, -27.51, 7.31, -19.32, 0.75, 0.07, -0.27, -2.06, -8.56, -19.07, 0.75, 1.06, 1.90, -1.26, 2.50, 14.23, 2
17:58:09.738 -> 44, 1.18, 0.37, 0.01, -28.00, -6.85, -18.83, 0.30, -0.23, -1.02, 5.26, -0.75, -15.65, 0.45, 0.31, 0.10, -8.10, -4.83, 24.48, 2
17:58:09.738 -> 45, 0.28, -0.08, -1.94, -25.56, -2.46, -6.14, -0.15, -1.43, -0.72, -8.41, -5.15, -13.21, -0.30, 0.31, 0.10, 1.67, 1.03, 9.83, 2
17:58:09.738 -> 46, -0.17, 1.42, -0.74, -11.89, -1.48, -12.97, -0.75, 0.67, -1.62, -7.43, -11.98, -13.21, 1.20, 0.76, 0.85, -6.15, 2.01, 14.72, 2
17:58:09.785 -> 47, 1.33, 0.97, -0.89, -28.98, -0.50, -2.23, 0.75, -0.23, -0.27, -18.17, -15.40, -15.65, 1.80, 0.91, 0.70, -11.03, -9.22, 10.81, 2
17:58:09.785 -> 48, 1.33, 1.72, -0.14, -27.51, 4.38, -3.70, -0.15, 0.52, -1.02, 3.31, -14.91, -21.03, 0.60, 0.46, 0.25, -10.05, 0.05, -3.35, 2
17:58:09.785 -> 49, 1.18, 0.67, -1.04, -20.68, -1.97, -19.32, 0.90, -1.13, -1.32, 5.26, -12.96, -15.17, 1.65, 0.76, 1.15, -13.47, -9.71, 16.67, 2
17:58:09.785 -> 50, 2.38, 2.32, -0.74, -24.10, 4.38, -12.97, 0.75, 0.82, -0.72, -17.20, -21.75, -18.10, 0.60, 0.16, -0.80, -11.03, 6.40, 13.25, 2
17:58:09.833 -> 1, -0.17, 1.42, -0.74, -26.54, 1.94, -19.32, 0.30, 0.82, -0.27, -1.57, -5.15, -12.24, 0.60, -0.89, 1.00, -123.82, 1.03, 131.42, 2
17:58:09.833 -> 2, -0.47, 1.42, -0.29, -22.14, -2.94, -11.02, 0.75, 0.52, 1.53, -2.06, -2.71, -22.98, -1.35, -0.59, 1.30, -115.52, 4.45, 105.05, 2
17:58:09.833 -> 3, 0.28, -0.38, -1.49, -32.89, 5.84, -14.93, 0.30, 0.52, -0.27, 6.73, -12.47, -0.52, -1.20, -0.44, 1.15, -110.64, -18.50, 65.99, 2
17:58:09.833 -> 4, 1.33, 1.27, -2.84, -25.56, -2.46, -3.21, 2.55, -0.38, -1.62, -4.99, -5.15, -13.70, -0.15, -0.89, 2.05, -75.97, 2.50, 58.17, 2
17:58:09.833 -> 5, 2.38, 1.42, -2.69, -30.93, -4.41, -14.44, 2.85, -1.88, -2.82, -4.01, -14.91, -9.31, -0.00, 1.06, 1.90, -60.83, 6.89, 61.10, 2
17:58:09.880 -> 6, 1.93, 3.37, -1.49, -14.82, -1.48, -5.65, 0.75, -2.93, -8.37, -3.53, -17.84, -24.44, -1.20, 2.11, 2.35, -45.70, -9.71, 33.76, 2
17:58:09.880 -> 7, 3.73, 1.87, -1.49, 50.61, 10.24, -26.16, -0.90, -6.68, -12.12, -36.24, -8.08, -45.44, 0.60, 1.66, 1.30, -14.45, 3.96, -33.13, 2
17:58:09.880 -> 8, 4.48, 2.32, -1.94, -16.28, -11.25, -16.39, -1.95, -6.08, -13.17, -87.51, 16.34, 49.78, -0.60, 2.41, 1.75, -25.19, 27.40, 38.15, 2
17:58:09.880 -> 9, 4.93, 1.87, -1.49, 7.15, -19.55, 238.49, -3.00, -5.93, -11.07, 137.59, -25.65, -42.51, -0.15, 1.96, 3.25, -129.68, 16.66, 170.48, 2
17:58:09.927 -> 10, 5.53, 0.07, -0.89, -38.75, -5.39, -12.49, -1.20, -2.63, -7.02, -8.90, -10.03, -8.33, 1.35, 1.66, 2.50, -148.73, -16.55, 65.01, 2
17:58:09.927 -> 11, 3.88, 2.02, -1.34, -21.17, 9.26, -9.07, 1.50, -3.23, -4.47, 14.05, -15.40, -41.04, 2.40, 1.06, 1.60, -160.44, -32.66, 1.04, 2
17:58:09.927 -> 12, 2.83, -0.08, -1.49, -31.42, 7.80, -19.81, 1.35, -1.13, -3.12, -17.69, -10.52, -5.40, 0.60, 1.66, 2.50, -69.14, 12.26, 76.73, 2
17:58:09.927 -> 13, 0.88, 1.27, -0.89, -22.14, -0.99, -13.46, 2.70, -1.43, -1.02, -5.48, -23.70, -26.88, 0.60, 0.16, 1.75, -56.93, -10.20, 63.54, 2
17:58:09.975 -> 14, 1.33, 0.52, -0.14, -29.47, 7.31, -30.55, 0.30, -2.18, -1.92, 1.85, -16.87, -17.61, -0.00, 0.76, 0.85, -77.44, -0.92, 19.60, 2
17:58:09.975 -> 15, 1.33, 0.97, -0.89, -10.42, -1.48, -15.42, 1.35, -0.08, -0.87, -6.46, -0.75, -15.65, -0.30, 0.01, 0.85, -21.28, 14.21, 76.24, 2
17:58:09.975 -> 16, 2.23, 0.97, -2.54, -17.26, -11.25, -11.51, 1.05, 0.07, -1.02, 3.31, -5.63, -20.05, -0.00, 1.06, -0.35, -13.47, 14.70, 51.34, 2
17:58:09.975 -> 17, 0.13, 1.27, -0.89, -28.49, 4.38, -12.97, -0.15, 0.82, -2.22, -4.99, -8.08, -21.03, 0.60, -0.14, 1.75, -43.74, 0.54, 15.21, 2
17:58:10.022 -> 18, 0.28, 0.67, -0.74, -5.54, -6.85, -16.39, 1.50, 0.52, -1.47, -4.50, -18.33, -18.58, -0.75, 0.01, 1.15, -10.05, -3.85, 37.18, 2
17:58:10.022 -> 19, 0.58, 0.97, -0.59, -35.82, -4.41, -11.51, 0.75, 0.52, -0.72, -5.48, -20.28, -24.93, 0.75, 0.01, 1.15, -0.78, 4.94, 46.94, 2
17:58:10.022 -> 20, 1.78, 0.97, -0.59, -24.58, -1.97, -15.42, 1.05, 0.07, -0.72, -4.01, -9.05, -21.03, 0.15, 0.16, 2.05, -22.26, -1.41, 5.93, 2
17:58:10.022 -> 21, 0.73, 0.37, -1.04, -28.49, -0.50, -23.72, 0.30, 0.07, -0.72, 0.87, -9.54, -25.42, -0.00, 1.06, 0.85, -9.57, 3.96, 19.11, 2
17:58:10.069 -> 22, 0.58, 0.07, 0.31, -12.87, 6.82, -10.04, 0.15, -1.88, -0.87, -12.31, -14.91, -22.00, 1.95, 1.06, 1.60, 6.55, 4.45, 37.67, 2
17:58:10.069 -> 23, 0.73, 2.32, -1.49, -21.17, -10.76, -8.09, 0.90, -0.83, -0.57, 7.70, 3.64, -9.79, 1.65, 0.31, 1.15, -17.87, 2.50, 14.72, 2
17:58:10.069 -> 24, 0.73, 0.67, -1.04, -26.54, -0.99, -8.09, 0.75, -0.68, 0.03, -8.90, -10.52, -11.26, 1.05, 0.16, 1.00, -28.61, 0.54, 13.25, 2
17:58:10.069 -> 25, 1.63, 0.37, -2.69, -28.00, 8.77, -11.02, -0.30, 0.67, -0.87, -9.87, -11.49, -19.07, 0.60, 0.16, 1.75, -2.24, 8.35, 25.46, 2
17:58:10.117 -> 26, 0.58, 0.97, -0.59, -34.35, 7.80, -11.02, 0.45, -0.38, -1.62, -6.46, -18.82, -11.26, -0.30, 0.76, 0.10, -4.68, 0.05, 18.13, 2
17:58:10.117 -> 27, 0.88, 0.07, -0.89, -23.12, 4.87, -3.21, -0.60, 0.07, -1.92, -1.57, -3.19, -26.40, 0.60, 0.16, 1.30, -10.05, 2.01, 9.35, 2
17:58:10.117 -> 28, 0.13, -0.23, -0.59, -17.26, -0.99, -15.90, 0.30, -0.23, -1.47, -5.48, -12.47, -24.44, -0.00, -0.44, 0.40, -8.10, 0.05, 8.86, 2
17:58:10.117 -> 29, 1.18, 1.87, -0.74, -33.86, 19.03, -15.42, 0.75, -0.68, -0.72, -9.39, -10.03, -13.70, 0.60, 0.46, 1.30, -1.26, 13.73, 22.04, 2
17:58:10.117 -> 30, 1.33, 1.27, -0.89, -28.00, -0.50, -3.21, -0.60, -0.23, -1.02, 1.85, -4.66, -20.05, 1.05, 0.46, 1.30, -7.12, 1.52, 8.37, 2
17:58:10.164 -> 31, 0.88, 1.27, -1.34, -19.21, 5.84, -5.65, -0.60, 0.52, -0.27, 0.87, -10.52, -17.12, 0.45, 0.76, 0.85, 2.15, 15.19, 21.06, 2
17:58:10.164 -> 32, 1.63, 0.67, -1.49, -20.68, -22.96, -15.90, 0.15, -1.13, -1.62, -2.55, -6.12, -25.91, -0.30, 0.76, 0.85, 4.11, 9.82, 12.28, 2
17:58:10.164 -> 33, 1.18, 0.67, -0.74, -15.31, -4.41, -18.34, 0.75, 0.07, -1.92, 3.80, -16.87, -15.65, -0.00, 0.76, 1.15, -0.78, 0.05, 17.65, 2
17:58:10.164 -> 34, 1.63, -0.08, 0.01, -22.63, -3.43, -10.04, 0.15, 1.12, -0.57, -8.90, -16.87, -16.63, -0.30, 0.01, 1.15, -15.42, 8.35, 20.09, 2
17:58:10.211 -> 35, 1.18, 2.32, -1.04, -24.10, -1.48, -15.90, 1.05, 0.52, -1.02, -4.99, -17.84, -14.19, 1.20, 0.76, 0.10, 0.69, 10.31, 3.97, 2
17:58:10.211 -> 36, 1.63, 0.67, -0.74, -28.49, -1.97, -14.93, -0.30, -0.38, -0.57, 5.26, -4.66, -20.54, 1.05, 1.21, 0.70, -1.26, -1.41, 10.81, 2
17:58:10.211 -> 37, 0.58, 0.52, -0.14, -30.44, 1.45, 1.67, 0.45, 0.67, -0.12, -13.78, -12.96, -12.24, 1.35, 0.16, 0.25, -5.66, 11.77, 12.28, 2
17:58:10.211 -> 38, 1.33, 0.97, -0.89, -34.35, 5.84, -5.16, -0.60, -0.68, -0.72, -4.01, -2.71, -25.91, -0.30, 0.31, 0.85, -4.68, 16.17, 18.62, 2
17:58:10.258 -> 39, 1.33, 1.27, -1.64, -27.03, -9.29, -4.67, 0.30, -0.23, -1.47, 11.12, -5.63, -19.56, -0.75, -0.74, 1.60, -6.64, 1.52, 18.13, 2
17:58:10.258 -> 40, -0.17, 0.67, -0.74, -27.51, -9.29, -7.60, -0.15, 0.07, -1.47, 2.33, -20.77, -15.65, -0.75, 0.01, 0.85, -8.59, 10.31, 9.35, 2
17:58:10.258 -> 41, 1.33, 1.72, -1.34, -3.10, 4.38, -16.39, 0.15, 0.37, -1.32, -7.92, -12.96, -26.40, 1.35, -0.14, 1.00, -1.75, 6.40, 14.72, 2
17:58:10.258 -> 42, 1.33, 0.97, -0.59, -35.33, 4.38, -13.46, 0.15, -0.38, -1.32, -4.01, -23.21, -15.65, -1.20, 0.76, -0.35, -9.57, -4.83, 3.97, 2
17:58:10.258 -> 43, 2.23, 1.27, -1.64, -13.84, -7.34, -15.42, 0.15, -0.08, -2.07, -4.50, -10.03, -31.28, -0.00, 1.81, 1.60, 5.08, -7.76, 7.39, 2
17:58:10.308 -> 44, 0.28, 0.37, -1.49, -25.56, 5.36, -29.09, -0.60, -0.68, 0.48, -14.76, -9.05, -17.12, 1.05, 0.16, 1.00, -7.12, 7.87, 10.32, 2
17:58:10.308 -> 45, 1.18, 0.37, -0.74, -24.10, 3.89, -14.93, 1.50, -0.68, -0.72, 1.85, -11.01, -19.56, 0.60, 0.46, 0.70, 1.18, 4.45, 17.16, 2
17:58:10.308 -> 46, 1.33, 0.97, -1.34, -29.47, -7.34, -12.97, 1.05, -0.68, -1.47, 3.80, -11.98, -15.17, 0.75, 1.06, 1.15, 4.59, 6.89, 18.13, 2
17:58:10.308 -> 47, 1.33, 0.07, -0.89, -24.58, 5.36, -11.02, 0.45, -0.83, -1.32, -9.39, -19.79, -14.19, 0.60, 0.91, 1.00, 3.62, 9.33, 11.79, 2
17:58:10.354 -> 48, 1.33, 0.97, -1.34, -23.61, -6.36, -21.27, -0.60, -0.23, -1.02, 5.26, -9.54, -3.45, 0.60, 0.16, 1.00, -0.29, 2.98, 10.32, 2
17:58:10.354 -> 49, 1.78, 0.07, -0.89, -25.56, -2.94, -11.51, -0.90, -0.98, -1.47, -15.73, -8.08, -12.24, 1.65, 0.31, 0.40, -11.52, 3.47, 12.76, 2
17:58:10.354 -> 50, 1.33, 0.07, -1.34, -20.19, -0.99, -11.02, 1.05, 0.07, -0.72, -1.08, -12.47, -20.05, -0.30, 0.31, 0.10, -7.12, 13.73, 14.23, 2
17:58:10.354 -> 1, 0.58, -0.68, -0.89, -30.93, 2.92, -5.65, 2.25, -1.43, -1.02, -18.17, -4.17, -5.89, -0.00, 0.76, 2.65, 93.95, 7.38, 28.39, 2
17:58:10.402 -> 2, -0.92, -0.08, -1.49, -20.19, -8.32, -11.02, 1.05, -0.23, -0.27, 9.17, -23.70, -23.47, -1.50, -1.49, 0.10, 23.64, 2.01, -61.94, 2
17:58:10.402 -> 3, -2.12, -1.28, -1.49, -20.19, -4.41, -20.30, 4.20, 1.42, 0.63, -3.53, -18.82, -21.03, -1.95, -1.79, 1.60, 36.33, 4.94, -15.56, 2
17:58:10.402 -> 4, 0.13, -1.88, -1.64, -24.58, 8.77, -18.34, 3.75, 0.37, 1.08, 7.70, -6.12, -28.84, -1.80, -1.34, 2.50, 80.28, 21.54, -17.02, 2
17:58:10.402 -> 5, 0.58, -0.23, -3.74, -32.89, 1.94, -20.79, 1.95, 0.82, -1.02, -10.85, 1.20, -19.56, -0.90, -0.14, 1.00, 27.06, -7.27, -38.51, 2
17:58:10.450 -> 6, 1.78, 0.97, -0.89, -42.16, 6.82, -3.21, -3.60, 1.42, 0.18, 62.88, -31.51, -69.85, -0.60, 0.46, 1.30, -34.96, 32.77, -43.39, 2
17:58:10.450 -> 7, 0.13, -0.23, -0.14, -6.03, 1.94, -72.54, -6.00, 2.92, 0.63, 20.40, -6.61, -35.67, -0.60, -0.89, 1.30, 196.00, 49.37, 86.49, 2
17:58:10.450 -> 8, -0.77, 1.27, -1.34, -50.46, 9.75, -56.92, -4.65, 2.47, 1.53, -153.92, -20.77, 58.56, -0.90, 0.46, -0.05, 148.64, 73.30, -18.00, 2
17:58:10.450 -> 9, 0.88, 1.27, -0.14, -9.45, 8.29, -31.53, -2.70, 2.17, 1.38, -23.55, -5.15, -14.19, -0.00, 1.06, 0.85, 194.05, 23.00, -173.76, 2
17:58:10.450 -> 10, 0.73, 1.87, 0.01, -21.17, 3.89, -8.58, -0.90, 1.57, 0.48, -3.04, -4.17, -15.65, -0.00, 0.76, 1.60, 187.21, 22.51, -151.30, 2
17:58:10.499 -> 11, -0.47, 0.67, 0.01, -29.96, 1.94, -4.67, -0.30, 0.67, -0.12, 8.68, -11.49, -18.58, 0.60, 0.91, 1.75, 113.48, 0.05, -150.81, 2
17:58:10.499 -> 12, 1.78, 0.07, -0.59, -19.70, 1.45, -6.14, 0.45, -1.58, -1.32, -3.53, -13.45, -16.63, 1.80, 1.66, 1.30, 71.49, 5.42, -133.23, 2
17:58:10.499 -> 13, 1.93, -0.38, -0.29, -34.84, -1.97, -15.42, -0.15, -0.68, -0.72, -9.39, -12.96, -16.14, -0.60, 0.46, 1.30, 84.18, 17.63, -60.97, 2
17:58:10.499 -> 14, 1.33, -0.68, -0.89, -28.49, -2.46, -19.81, 0.15, -1.13, -0.87, -8.41, -7.10, -7.84, -0.00, 1.06, -0.65, 64.65, 7.87, -46.32, 2
17:58:10.546 -> 15, 1.93, 1.42, -0.29, -26.05, 4.38, -12.49, 0.30, -0.68, -1.92, -7.43, -13.45, -12.72, 0.45, 0.01, 0.85, 23.64, 5.42, -58.04, 2
17:58:10.546 -> 16, 0.73, 1.42, -0.29, -34.84, -2.94, -12.97, 1.95, 0.07, -1.92, -10.36, -4.17, -16.14, 0.45, 0.76, 1.90, 44.15, 8.35, -18.97, 2
17:58:10.546 -> 17, 0.88, 0.07, -0.59, -26.54, -8.32, -19.81, -0.30, 0.67, -1.62, 1.36, -8.08, -30.30, -0.00, 0.31, 1.15, 44.15, 11.28, -9.21, 2
17:58:10.546 -> 18, 2.38, 0.37, -0.74, -22.14, 4.38, -11.02, 0.30, -0.68, -1.02, 0.38, -18.33, -12.24, 0.75, 0.76, 0.40, 14.36, 7.38, -5.30, 2
17:58:10.593 -> 19, -0.47, 0.37, 0.01, -24.58, -13.69, -10.53, 1.35, 0.37, -0.57, 1.85, -17.35, -16.14, -0.60, 0.16, 1.30, 18.76, 12.75, 0.07, 2
17:58:10.593 -> 20, 2.23, 0.07, -0.89, -19.21, -1.48, -8.58, 1.50, 0.52, -0.27, 4.29, -12.47, -16.14, 1.20, 1.06, 1.15, 12.41, -3.36, 4.46, 2
17:58:10.593 -> 21, 0.88, 0.52, -0.14, -24.58, -3.92, -14.44, 0.45, 0.37, -1.62, -8.41, -13.45, -27.86, 1.20, -0.44, 0.85, 12.41, 9.33, -2.86, 2
17:58:10.593 -> 22, 0.88, 0.52, -0.14, -22.63, 14.15, -20.30, 0.45, 0.67, -1.32, 1.36, -9.54, -16.63, -0.15, 1.66, 0.70, 18.27, 6.40, -1.88, 2
17:58:10.593 -> 23, 2.23, 1.72, -0.59, -20.68, 2.92, -19.81, 0.30, 0.07, -0.72, 3.31, -8.56, -13.70, 0.75, 0.76, 1.90, 11.92, 4.94, 14.23, 2
17:58:10.643 -> 24, 0.73, -0.08, 0.01, -16.77, 0.96, -25.18, -0.30, 0.37, -1.62, 2.82, -16.38, -12.24, 1.35, 0.46, 0.25, 3.13, -2.88, 5.44, 2
17:58:10.643 -> 25, 1.33, 0.52, -1.34, -16.77, -12.71, -5.16, 0.30, -0.98, 0.48, 2.33, -20.77, -29.33, 0.45, 1.36, 0.85, 0.20, 11.77, -10.19, 2
17:58:10.643 -> 26, 0.73, 0.67, -0.74, -22.63, 9.75, -22.74, 1.05, -0.68, -0.72, 0.38, -25.17, -8.82, -0.30, 1.81, 0.40, 10.94, -2.39, 18.62, 2
17:58:10.643 -> 27, 0.58, -0.08, 0.91, -22.63, -10.76, -11.02, 0.30, -0.23, 0.03, -1.08, -11.98, -15.17, 0.60, 0.16, -0.05, -3.71, 8.35, 13.25, 2
17:58:10.690 -> 28, 1.18, 0.67, -2.69, -25.56, -4.90, -12.49, 0.30, 0.07, -2.67, -3.04, -19.31, -30.79, 0.45, -0.44, 0.40, 11.43, 4.45, 5.44, 2
17:58:10.690 -> 29, 2.23, 1.27, -0.59, -30.93, -13.20, -12.49, 1.35, -0.38, -1.62, -0.60, -18.33, -2.96, -0.60, 1.66, 0.25, 3.62, 7.87, 13.74, 2
17:58:10.690 -> 30, 1.18, 0.37, -0.74, -23.12, -4.41, -17.37, -0.60, -0.68, -1.92, -4.01, -6.12, -25.91, 1.05, 0.91, 0.70, 7.52, 14.70, 10.81, 2
17:58:10.690 -> 31, 0.88, 0.97, -0.89, -18.24, -11.25, -12.97, 1.95, 0.07, -0.72, -4.50, -11.98, -26.40, 0.75, 1.36, 1.60, -18.84, -7.76, 4.95, 2
17:58:10.737 -> 32, 1.63, -0.38, -1.49, -23.12, -13.20, -19.32, 0.15, -0.38, -1.32, 5.75, -10.52, -21.51, -0.15, 0.16, 1.75, 1.67, 4.45, 16.67, 2
17:58:10.737 -> 33, 2.38, -0.38, -0.29, -23.12, -0.01, -12.97, 0.15, -0.38, -0.57, -18.17, -14.91, -11.75, -0.75, -0.44, 0.85, 0.20, -11.18, 20.58, 2
17:58:10.737 -> 34, 1.63, -0.08, 0.01, -22.63, 3.40, -11.02, 0.75, -1.43, -1.47, -5.97, -0.75, -25.91, 0.45, 0.31, 0.85, -0.78, -1.41, 4.95, 2
17:58:10.737 -> 35, 1.33, 1.72, -2.54, -22.14, -3.43, -16.88, 0.45, 0.67, -0.57, -13.78, -14.91, -14.19, 1.05, 1.21, 2.05, -13.47, 13.24, 10.81, 2
17:58:10.785 -> 36, -0.17, 1.12, -0.29, -33.86, 7.31, 2.16, -0.90, 0.07, -0.72, -10.85, -7.59, -0.03, -0.00, 0.31, 0.40, -2.73, -2.39, 18.62, 2
17:58:10.785 -> 37, 0.28, 1.12, -0.74, -21.66, 2.92, -4.18, -0.30, -0.38, -2.07, 5.75, -11.49, -6.87, 0.60, 1.66, 0.25, -15.91, 8.84, 12.28, 2
17:58:10.785 -> 38, 1.33, 0.07, -1.34, -17.26, -0.01, -18.34, 1.05, -0.23, -1.02, 0.38, -15.89, -10.28, -0.00, 1.36, -0.35, -4.19, 5.42, 6.90, 2
17:58:10.785 -> 39, 1.63, 0.67, 0.46, -23.61, 1.45, -12.00, 1.35, 0.67, -1.62, -2.55, -21.26, -19.56, 0.60, 0.91, 0.70, -1.75, 6.40, 8.86, 2
17:58:10.785 -> 40, 1.18, 0.67, -1.49, -17.75, 12.68, -11.02, 2.10, 0.67, -0.57, -10.85, -15.40, -25.42, 0.60, 1.21, 1.00, -17.87, -0.43, 15.21, 2
17:58:10.834 -> 41, 1.18, 1.12, -0.29, -18.24, -4.41, -10.53, 0.45, 0.67, -1.62, -10.36, -16.87, -22.98, 0.60, 1.21, 0.70, 9.48, 10.80, 6.42, 2
17:58:10.834 -> 42, 0.88, 0.52, -1.34, -21.66, -2.94, -1.74, 0.15, -0.83, -1.32, -3.04, -6.61, -22.98, 1.35, 0.91, 1.30, -6.15, 2.50, 21.06, 2
17:58:10.834 -> 43, 1.63, 0.67, 0.46, -27.51, -5.87, -4.18, -0.60, -0.68, -0.72, -8.90, -14.91, -18.10, 2.40, 0.31, 2.35, -12.98, 1.52, 10.32, 2
17:58:10.834 -> 44, 1.18, 1.42, -1.49, -12.38, -7.83, -24.20, 0.75, -1.43, -0.72, -8.90, -2.71, -10.28, 1.35, 0.46, 1.75, -5.17, 6.40, 17.16, 2
17:58:10.881 -> 45, 0.28, 0.67, -1.94, -19.70, -4.90, -8.58, -1.35, -0.68, -0.27, -3.53, -3.19, -17.61, -0.75, 1.06, 0.10, 7.04, 3.96, 22.53, 2
17:58:10.881 -> 46, 1.18, -0.38, -0.29, -20.19, -13.20, -13.46, -0.30, 0.37, -1.32, -11.34, -11.49, -18.58, 1.80, 0.46, 0.25, -7.61, -1.41, 6.90, 2
17:58:10.881 -> 47, 1.18, -0.08, -1.04, -26.05, -16.13, -14.93, 0.90, -0.38, -1.32, -15.24, -23.21, -17.12, -0.75, 1.81, 0.85, -5.66, 7.38, 15.21, 2
17:58:10.881 -> 48, 1.63, 0.67, -0.74, -31.91, 10.24, -14.93, 0.90, -0.83, -1.32, -6.46, -19.79, -13.70, 1.05, 0.16, 0.25, 8.01, 4.94, 11.30, 2
17:58:10.929 -> 49, 1.78, 0.97, -0.59, -15.31, 1.45, -16.39, -0.15, 0.07, -0.72, -15.24, -12.96, -12.24, 1.05, 0.16, 0.70, -9.57, 6.89, 18.13, 2
17:58:10.929 -> 50, 1.18, 1.12, -0.29, -21.17, -7.34, -18.34, 0.15, 0.67, -2.07, -3.04, -10.52, -8.82, 0.45, 0.76, 1.15, -2.24, 4.45, 3.97, 2
17:58:10.929 -> 1, 0.88, -0.23, -1.64, -27.03, 3.40, -9.56, 0.30, -0.68, -1.47, -21.10, -2.22, -2.47, -0.60, -0.59, 0.70, -17.38, 10.80, 39.13, 2
17:58:10.929 -> 2, 2.83, 1.12, -1.49, -33.86, -4.90, -13.95, 0.15, 0.37, -0.87, -2.55, -6.61, -20.54, 0.45, -0.44, -0.35, -32.03, -6.29, 19.11, 2
17:58:10.929 -> 3, 0.88, 1.72, -1.34, -28.00, -11.73, -9.07, 0.75, -0.23, -0.72, 0.87, -10.52, -15.17, -0.00, -0.44, 0.40, 7.04, 10.80, 58.66, 2
17:58:10.976 -> 4, 1.18, -0.08, -1.04, -23.61, -6.36, -18.34, 1.50, 0.52, 0.78, -8.90, -9.05, -18.58, 0.75, -0.44, 0.85, -5.66, 11.28, 39.62, 2
17:58:10.976 -> 5, 1.63, -1.28, -2.24, -24.58, -9.78, -11.02, 2.85, -0.38, -0.87, -4.99, -17.84, -20.54, -1.20, 0.01, 0.85, -29.58, -7.27, 14.72, 2
17:58:10.976 -> 6, 0.73, 0.37, -2.24, -29.47, 3.40, -10.04, 2.55, -0.83, -1.62, 6.24, -21.75, -20.05, -1.35, 0.46, 1.00, -5.66, 4.45, 17.65, 2
17:58:10.976 -> 7, 1.63, 0.37, -1.94, -21.17, 2.43, -10.53, 3.45, 0.52, -2.22, -4.50, -15.89, -22.98, -1.50, 0.01, 1.90, -13.47, -6.78, 26.92, 2
17:58:11.024 -> 8, 3.43, 0.97, -1.64, -21.17, -6.36, -13.95, 4.20, -0.08, -3.12, 14.54, -2.22, -11.75, -3.45, 1.06, 2.35, -17.38, 4.94, 7.88, 2
17:58:11.024 -> 9, 3.88, 0.97, -0.59, -22.14, -4.41, -12.00, 3.75, -1.88, -4.77, -2.06, -3.19, -20.54, -1.50, 1.36, 3.70, -8.10, 5.91, 7.88, 2
17:58:11.024 -> 10, 3.73, -0.38, -0.74, -26.54, -0.50, -6.14, 1.50, -2.48, -4.92, -12.31, -33.47, -24.93, -0.00, 1.81, 2.95, -12.49, -2.88, 18.13, 2
17:58:11.024 -> 11, 4.33, 0.07, -0.89, -19.70, -14.66, -13.95, 0.75, -3.98, -5.67, 18.94, -24.68, -33.23, -0.75, 3.61, 2.65, 30.47, 7.38, -83.43, 2
17:58:11.072 -> 12, 2.98, 0.07, -0.59, -30.44, 1.94, -9.56, 0.30, -3.98, -6.12, -23.06, -20.28, -29.81, -0.60, 2.71, 3.25, 0.69, 0.05, -101.49, 2
17:58:11.072 -> 13, 3.43, 0.97, -0.14, -37.77, -2.46, -50.08, -0.60, -3.68, -5.22, -23.55, -7.59, -31.28, 0.75, 3.61, 2.95, 62.70, 18.12, -27.76, 2
17:58:11.072 -> 14, 2.98, -0.23, -0.59, -36.30, 2.92, 2.16, -1.80, -3.23, -6.42, -6.94, -19.79, -29.33, 1.35, 2.41, 2.50, -33.98, 1.03, -1.88, 2
17:58:11.072 -> 15, 1.78, -0.23, 0.61, -28.00, -7.83, -3.70, -0.30, -1.58, -5.52, 19.42, -3.19, -27.86, 3.00, 2.41, 3.25, 46.10, 32.28, 114.33, 2
17:58:11.119 -> 16, 3.28, 0.37, -1.04, -37.28, -2.46, -20.79, 0.75, -0.68, -3.72, 2.82, -11.49, -11.26, 2.40, 1.81, 2.65, 0.69, 11.77, 57.69, 2
17:58:11.119 -> 17, 3.73, 1.42, -0.29, -22.14, 8.29, -25.67, 1.05, -0.23, -1.92, 7.70, -20.77, -37.63, 1.05, 0.16, 2.05, -25.19, 12.75, 15.21, 2
17:58:11.119 -> 18, 1.78, 0.97, 0.31, -22.14, 0.47, -15.90, -0.30, -0.83, -3.12, 2.82, -22.24, -23.96, 0.45, -0.44, 2.35, 10.45, 2.98, 63.06, 2
17:58:11.119 -> 19, 1.63, -0.83, -0.29, -12.87, 15.61, -11.51, -0.30, -1.13, -1.32, -2.06, -20.28, -28.35, 0.75, 0.76, 0.85, -4.68, 10.80, 32.78, 2
17:58:11.119 -> 20, 0.73, 1.42, -1.04, -21.17, -4.90, -9.07, 0.90, -1.13, -1.32, -5.97, -16.38, -16.14, 0.45, 1.06, 0.40, -30.56, -3.36, -1.40, 2
17:58:11.167 -> 21, 1.63, -0.83, -0.74, -31.42, 4.87, -17.86, 2.10, 0.37, -1.62, 5.26, -13.45, -25.91, 1.20, 1.36, 2.35, 2.64, 10.80, 26.92, 2
17:58:11.167 -> 22, 0.58, 0.97, 0.31, -23.12, -12.71, -21.27, 0.90, -0.83, -2.07, -8.41, -15.89, -14.68, 1.65, 0.76, 0.40, -5.66, 2.50, 31.32, 2
17:58:11.167 -> 23, 0.73, 1.42, -1.49, -26.54, 7.31, -16.39, 0.30, 0.07, -2.67, -3.53, -14.42, -18.58, 0.45, 0.01, 0.85, -18.84, -4.83, -0.42, 2
17:58:11.167 -> 24, 1.63, 0.67, -0.29, -28.00, -4.90, -21.27, 0.15, -0.83, -2.07, 1.36, -9.05, -32.74, 0.75, 0.76, 0.85, -5.66, 7.87, 11.79, 2
17:58:11.214 -> 25, 2.83, 0.67, -1.04, -26.05, -1.97, -13.46, 0.90, -0.83, -2.07, -2.06, -15.40, -27.86, 0.15, 0.46, 1.30, -7.61, 13.24, 34.25, 2
17:58:11.214 -> 26, 2.38, 0.37, -0.74, -26.05, 3.40, -13.95, -0.15, -0.98, -1.47, 5.75, -20.77, -22.98, 1.35, 0.46, 1.75, -5.17, 9.82, 17.16, 2
17:58:11.214 -> 27, 0.88, 0.97, 0.31, -30.44, 2.92, -19.32, 0.75, -0.23, -1.47, -4.01, -13.94, -24.93, 0.45, 2.56, 1.60, -10.05, -4.34, 17.16, 2
17:58:11.214 -> 28, 1.63, 0.37, 0.46, -28.49, 3.40, -16.88, 1.50, -0.23, -1.47, 7.22, -18.33, -20.05, 0.15, 0.46, 1.75, -7.12, 8.35, 27.41, 2
17:58:11.265 -> 29, 1.63, 1.87, -1.49, -32.89, 0.47, -12.97, 0.30, -0.98, -1.02, -9.39, 1.69, -18.10, -0.60, 1.21, 1.00, -12.49, 10.80, 7.88, 2
17:58:11.265 -> 30, 1.33, 0.07, -0.59, -28.00, -2.94, -8.58, 1.65, -0.83, -2.07, 1.36, -24.68, -16.14, 2.55, 1.66, 1.00, -22.75, 2.50, 10.32, 2
17:58:11.265 -> 31, 0.28, 0.37, -1.04, -28.98, -1.97, -12.97, -1.50, -0.83, -2.07, -1.08, -13.94, -19.07, 1.20, 0.31, 1.60, -3.22, 6.40, 20.09, 2
17:58:11.265 -> 32, 1.93, 0.67, -0.74, -39.23, 2.92, -22.25, 0.90, -0.08, -0.87, 3.31, -8.56, -18.58, 0.45, 1.81, 1.60, -2.24, 0.54, 15.69, 2
17:58:11.265 -> 33, 2.23, -0.23, -0.59, -32.89, 2.43, -21.27, 0.75, -0.68, -1.02, -2.55, -16.38, -30.30, -0.00, 0.31, 0.40, -14.94, 11.28, 6.90, 2
17:58:11.311 -> 34, 0.88, 0.52, -0.59, -24.58, 0.47, -12.00, -0.15, -0.68, -1.92, 0.87, -17.84, -26.88, 0.45, 0.76, 1.60, -8.10, 3.96, 19.60, 2
17:58:11.311 -> 35, 0.73, 0.67, 0.46, -36.30, 4.38, -17.37, 1.65, -0.38, -1.32, -5.48, 0.22, -25.42, -0.75, 1.06, 0.10, -5.66, 11.77, 20.58, 2
17:58:11.311 -> 36, 0.58, 0.52, -0.59, -32.40, -0.99, -17.86, 0.45, 0.37, -1.62, -1.08, -16.87, -21.51, 0.45, 1.36, 0.40, -11.03, 11.77, 9.35, 2
17:58:11.311 -> 37, 0.58, 0.97, -0.59, -22.14, 0.47, -10.04, 1.05, 0.07, -0.27, -7.92, -3.68, -22.98, -0.15, 0.91, 1.30, -14.94, 4.94, 24.97, 2
17:58:11.358 -> 38, 1.63, 2.32, -1.49, -31.42, -2.46, -10.04, -0.15, 0.52, -1.02, -12.80, -10.03, -16.63, 0.60, 0.46, 1.00, -5.17, -0.43, 15.21, 2
17:58:11.358 -> 39, 0.28, 0.67, 0.46, -21.17, 2.92, -10.04, -0.30, -0.38, -1.62, -0.11, -18.82, -21.03, 1.20, 1.36, 1.15, -13.47, 9.82, 17.65, 2
17:58:11.358 -> 40, 1.18, 0.67, 0.01, -28.49, -4.90, -2.72, 1.05, -0.23, -2.67, -5.97, -14.91, -24.44, 1.20, 1.36, 0.40, -3.22, 7.87, 8.86, 2
17:58:11.358 -> 41, 1.78, 0.52, -1.64, -34.35, 4.87, -13.95, 0.15, -0.38, -1.62, -10.36, -9.54, -22.49, -0.00, 0.76, 1.15, 5.08, 13.24, 3.97, 2
17:58:11.406 -> 42, 1.18, -0.08, -0.29, -34.35, -5.87, -2.23, 0.45, 0.67, -1.32, -15.73, -20.77, -17.12, 0.60, 0.91, 1.75, -7.61, 11.28, 13.74, 2
17:58:11.406 -> 43, 2.23, 0.97, -0.14, -43.63, 9.26, -14.93, 0.75, -0.68, -1.92, -20.13, -15.40, -23.47, 1.05, 0.91, 1.00, -7.12, 10.31, 22.04, 2
17:58:11.406 -> 44, 1.63, 1.87, -1.04, -33.37, -0.50, -12.49, 0.45, -0.38, -0.87, -0.60, -11.98, -23.96, -0.00, -0.44, 1.15, 5.57, 18.12, 20.09, 2
17:58:11.406 -> 45, 1.63, -0.38, 0.01, -37.77, -9.78, -12.49, 0.75, -0.68, -0.72, 2.82, -11.98, -16.63, 1.05, 0.16, 1.30, -13.96, 3.47, 10.81, 2
17:58:11.453 -> 46, 1.18, 0.67, -0.74, -24.10, -11.25, -11.02, 0.75, 0.82, -2.22, -7.92, -8.56, -15.65, 1.05, 0.91, 1.00, 0.20, 3.47, 16.67, 2
17:58:11.453 -> 47, 1.18, 0.37, -0.29, -39.72, 2.43, -8.58, 0.15, -0.83, -1.62, -9.39, -18.82, -22.98, 1.20, 0.31, 0.40, -16.40, 7.38, 28.39, 2
17:58:11.453 -> 48, 1.93, 0.67, -1.04, -32.89, 4.87, -14.44, 0.30, 0.52, -1.92, -18.66, -16.87, -18.58, 0.60, 0.91, 1.75, -9.08, 6.89, 16.67, 2
17:58:11.453 -> 49, 1.33, 0.97, -0.59, -25.56, -12.22, -15.90, 0.75, -0.68, -1.47, -11.83, -13.45, -33.72, 1.05, 1.21, 1.75, -7.61, -1.90, 20.09, 2
17:58:11.453 -> 50, 1.93, 0.37, -0.74, -31.42, -1.97, -24.20, 1.50, -0.23, 0.03, -4.99, -12.96, -14.19, 1.95, 0.76, 0.85, -13.96, 7.38, 20.09, 2
17:58:11.500 -> 1, 0.58, 0.52, -2.09, -31.91, -5.87, -15.42, 1.65, -0.83, 1.08, -25.01, -9.54, 3.88, -0.90, 0.46, 0.70, -99.41, 0.05, 124.58, 2
17:58:11.500 -> 2, 1.33, -0.23, -2.54, -22.63, 9.26, -12.97, 3.45, 0.52, -0.27, 11.12, -6.61, -19.07, -1.35, -0.89, 0.70, -103.32, -2.39, 73.80, 2
17:58:11.500 -> 3, 1.18, 0.37, -3.44, -32.40, 0.96, -14.93, 3.45, -0.23, 0.48, -12.31, -10.03, -24.44, -0.60, -1.64, 1.00, -61.81, 12.26, 97.24, 2
17:58:11.500 -> 4, 0.58, 0.07, -4.79, -11.89, -3.43, -15.42, 5.10, 0.52, 1.98, 5.75, -18.33, -15.65, -1.20, 0.01, 2.65, -54.98, 19.10, 75.26, 2
17:58:11.549 -> 5, -2.12, -1.28, -4.64, -21.66, 0.96, -2.23, 4.20, -0.08, 6.03, -10.36, -23.70, 6.81, -0.90, -1.64, 1.00, -67.18, -0.92, 43.04, 2
17:58:11.549 -> 6, -3.17, -2.93, -4.04, 4.71, 20.49, -95.98, 3.75, -1.13, 9.78, -76.28, -17.84, -31.28, -0.30, -1.49, 1.90, 22.17, -13.62, -35.09, 2
17:58:11.549 -> 7, -3.02, -3.98, -5.09, -17.26, 12.19, -34.95, 5.40, -1.58, 10.23, -79.21, 3.15, 31.71, -1.20, 0.01, 1.60, -9.57, -6.78, 47.92, 2
17:58:11.549 -> 8, -2.12, -2.33, -5.09, -56.81, 1.45, -67.17, 6.30, -0.23, 7.68, 357.31, 43.68, 17.06, 0.15, 0.46, 1.00, -101.36, 5.91, 20.58, 2
17:58:11.597 -> 9, -0.32, -0.68, -3.74, -29.96, 4.87, -9.56, 4.50, -1.13, 2.88, -57.24, 8.04, 17.55, -0.30, 0.76, 1.15, -53.02, -7.27, 26.92, 2
17:58:11.597 -> 10, -0.17, -0.83, -1.94, -31.42, -0.01, -16.39, 1.95, 0.52, -1.02, 1.36, -19.79, -26.88, 0.45, 0.31, 1.60, -108.20, -24.36, -11.16, 2
17:58:11.597 -> 11, -0.47, 1.12, -0.29, -31.42, 1.94, -12.00, -0.90, 0.52, 0.03, -24.03, -13.45, -3.45, 1.05, 1.21, 0.70, 18.76, 19.10, 112.86, 2
17:58:11.597 -> 12, 0.28, 1.42, -1.04, -22.14, 2.43, -5.65, 1.35, -0.83, -1.32, 0.38, -9.05, -29.33, -0.00, -0.44, 0.85, -1.75, 19.58, 70.87, 2
17:58:11.643 -> 13, 0.88, -0.68, -0.59, -31.91, -6.36, -14.93, 0.30, 0.52, -1.47, -12.80, -6.61, -11.75, -0.00, 0.31, 0.85, -66.69, -0.43, 17.65, 2
17:58:11.643 -> 14, 1.63, 0.67, -0.74, -21.66, 0.96, -17.37, 0.30, -0.68, -1.92, -16.71, 3.15, -29.81, 0.15, 0.91, 1.30, 14.85, 17.63, 53.78, 2
17:58:11.643 -> 15, 0.58, -0.23, -1.34, -32.89, -4.90, -18.83, 0.45, 0.37, -2.07, -10.36, -20.77, -24.44, -0.15, 0.16, 0.25, -5.17, 18.61, 52.80, 2
17:58:11.643 -> 16, 2.68, 1.27, -0.59, -32.40, 2.92, -22.25, 0.90, -2.33, -1.62, 7.22, -13.45, -34.21, 0.15, 0.91, 0.25, -39.84, -10.69, 1.04, 2
17:58:11.643 -> 17, 0.73, -0.38, -1.04, -23.12, 1.94, -3.21, 1.05, -0.23, -1.47, -13.29, -23.21, -3.94, 1.65, 1.06, 0.85, 1.67, 1.03, 30.34, 2
17:58:11.690 -> 18, 2.83, 1.12, -0.74, -28.49, -6.36, -7.11, 1.35, -0.38, -2.37, 6.73, -23.70, -19.07, 0.75, 0.01, 1.15, 17.78, 2.98, 35.22, 2
17:58:11.690 -> 19, 0.73, 0.37, 0.46, -25.07, -6.85, -3.21, 0.90, -0.38, -0.87, 1.36, -11.49, -16.63, 1.35, 1.66, 1.75, -21.28, 5.91, -2.86, 2
17:58:11.690 -> 20, 1.33, 0.97, -0.14, -26.54, 2.43, -12.97, 0.90, -1.13, -1.32, -8.90, -8.08, -25.91, 1.95, 0.31, 0.40, -12.98, 4.45, 18.62, 2
17:58:11.690 -> 21, 1.78, 0.97, -0.89, -23.61, -2.46, -6.14, 0.90, -0.38, -0.87, 5.26, -12.96, -27.86, -0.00, 1.81, 1.15, 5.08, 3.96, 38.15, 2
17:58:11.737 -> 22, 2.23, 0.52, -0.59, -12.87, 4.87, -20.79, -0.15, -0.68, -0.72, 5.75, -22.24, -29.81, 0.15, -0.14, 0.70, -21.28, -10.20, 2.02, 2
17:58:11.737 -> 23, 1.63, 0.67, -0.74, -22.63, -8.32, -11.51, -0.60, -0.98, -1.02, -12.80, -24.68, -17.12, 1.05, 0.91, 1.75, -31.54, 5.91, 3.00, 2
17:58:11.737 -> 24, 1.93, 1.12, -0.29, -33.37, 7.80, -0.28, -0.75, -1.13, -1.62, -11.34, -18.33, -24.93, 0.75, 1.06, 1.15, 7.04, 23.49, 26.92, 2
17:58:11.737 -> 25, 2.68, 0.07, -1.34, -29.47, 5.36, -15.90, 1.35, -0.38, -3.12, -12.31, -13.94, -23.47, 1.95, 0.01, 1.15, -5.17, 15.19, 19.11, 2
17:58:11.786 -> 26, 2.23, 1.27, -0.89, -26.05, -1.97, -20.30, 0.45, -1.88, -1.62, -9.87, -20.77, -19.07, 1.20, 0.01, 1.90, -6.64, 10.31, 19.11, 2
17:58:11.786 -> 27, 0.88, 0.52, -0.89, -38.26, 3.89, -23.72, 0.30, -0.98, -1.92, -10.36, -16.38, -12.24, -0.00, -0.44, 1.60, -11.52, 23.49, 35.22, 2
17:58:11.786 -> 28, 2.23, 0.52, -0.89, -40.21, -4.41, -8.09, 0.45, -0.08, -1.62, -6.46, -34.44, -12.72, 0.15, 0.46, 1.00, 0.20, -1.41, 16.67, 2
17:58:11.786 -> 29, 2.38, -0.08, -1.94, -27.03, 2.92, -20.79, 0.75, 0.07, -1.47, -13.78, -10.52, -18.58, 0.75, 0.76, 1.15, -12.49, 9.33, 17.65, 2
17:58:11.832 -> 30, 0.88, -0.23, -1.64, -27.51, 3.40, -15.42, -0.15, 0.07, -0.27, -1.08, -14.42, -26.88, -0.90, 0.91, 1.30, -12.01, 12.26, 20.58, 2
17:58:11.832 -> 31, 1.93, 0.67, -0.29, -20.19, -0.99, -9.07, 1.05, -0.68, -1.92, -4.99, -6.61, -13.21, -0.15, 1.66, 0.70, 0.69, 3.47, 25.46, 2
17:58:11.832 -> 32, 1.33, 0.52, 0.31, -19.21, 0.96, -15.90, 0.90, -0.38, -1.32, -2.55, -14.42, -26.88, 0.60, -0.59, 1.00, -6.15, -0.43, 6.90, 2
17:58:11.832 -> 33, 1.78, -0.23, -0.14, -34.84, 2.43, -21.76, 0.75, -0.23, -1.02, 6.73, -12.47, -5.40, 1.05, 1.66, 1.00, -11.52, -3.36, 14.72, 2
17:58:11.832 -> 34, 0.88, 1.72, -1.34, -28.00, 9.26, -12.97, 1.35, 0.37, -0.87, -4.99, -18.82, -22.00, 1.20, -1.19, 1.15, -12.01, 17.14, 21.06, 2
17:58:11.880 -> 35, 1.33, 0.52, -0.89, -22.63, -3.92, -10.04, 0.75, -0.23, -0.72, -2.06, -9.54, -22.98, -0.15, 1.96, 1.00, -9.57, 5.91, 31.32, 2
17:58:11.880 -> 36, 1.78, 0.52, -0.89, -32.40, 1.94, -15.42, 1.65, 0.37, -0.57, -7.92, -22.72, -21.51, 1.05, 0.16, 1.30, -18.84, 5.42, 24.48, 2
17:58:11.880 -> 37, 1.18, -0.38, -0.74, -33.37, 0.47, -13.95, 0.45, -1.13, -0.87, -9.39, -26.14, -20.54, 1.05, 0.91, 1.00, -9.08, 5.91, 17.16, 2
17:58:11.880 -> 38, 0.88, 0.07, -0.89, -35.82, -15.15, -22.74, 0.90, -0.83, -2.07, -8.90, -11.49, -25.91, 1.20, 1.36, 1.60, -0.29, 15.19, 26.92, 2
17:58:11.927 -> 39, 0.88, 0.07, -0.14, -17.75, 0.47, -15.42, -0.30, -0.08, -1.62, -5.97, -1.24, -16.14, 1.05, 0.16, 1.00, -1.26, 11.77, 7.39, 2
17:58:11.927 -> 40, 2.38, 1.42, 0.46, -16.28, -14.17, -12.00, 0.75, -0.23, -2.22, -4.50, -16.38, -13.70, 1.80, 0.16, 1.00, -10.54, 7.87, 14.23, 2
17:58:11.927 -> 41, 1.63, 1.87, 0.01, -24.58, 3.40, -12.97, 0.30, -0.23, -1.92, 1.85, -11.01, -13.70, 1.20, 0.76, 1.15, -6.15, -6.78, 12.28, 2
17:58:11.927 -> 42, 1.63, -0.08, -1.94, -18.73, -4.90, -18.83, 0.30, 0.52, -1.47, -6.46, -24.68, -14.19, 0.60, 0.91, 1.00, -15.42, 11.77, 12.28, 2
17:58:11.974 -> 43, 2.23, 0.52, -1.64, -23.12, -0.50, -11.02, -0.15, 0.52, -1.92, -10.85, -20.77, -10.77, 1.20, 1.36, -0.65, -9.57, 6.89, 26.44, 2
17:58:11.974 -> 44, 2.23, 0.97, -0.89, -24.58, -1.97, -16.39, 1.05, -1.43, -1.47, -7.43, -19.79, -21.51, -1.20, 0.76, 0.10, 1.18, 4.94, 27.90, 2
17:58:11.974 -> 45, 1.93, 1.12, -1.49, -30.44, -0.01, -9.07, -0.15, -0.68, -1.02, -5.97, -11.98, -12.24, 0.15, 1.66, 0.25, -8.10, 9.33, 21.06, 2
17:58:11.974 -> 46, 0.58, 1.27, -0.89, -25.56, 6.33, -11.02, 0.75, -0.98, -0.72, -3.53, -14.91, -28.35, 0.15, 0.91, 1.30, -8.59, 0.54, 17.16, 2
17:58:12.021 -> 47, 1.93, 1.12, -1.49, -41.67, -3.43, -5.65, -0.15, 0.07, -1.02, -0.11, -19.79, -26.88, -0.30, 0.76, 2.95, -0.78, 8.35, 12.76, 2
17:58:12.021 -> 48, 1.18, 0.37, -0.74, -42.16, 8.29, -10.04, 0.45, -0.38, -1.62, -8.41, -11.49, -6.87, -0.00, 0.76, 0.40, -2.24, 13.24, 8.37, 2
17:58:12.021 -> 49, 1.33, 0.07, -0.89, -35.82, 3.40, -8.09, 0.90, -1.13, -1.62, 4.78, -14.42, -22.98, 0.15, 0.91, 1.00, 0.20, 24.96, 19.11, 2
17:58:12.021 -> 50, 1.78, 0.07, -0.14, -45.58, -2.94, -12.00, 1.05, -0.23, -1.92, 2.33, -14.42, -13.21, -0.00, 1.06, 0.40, -14.94, -8.25, 17.16, 2
17:58:12.068 -> 1, -0.32, 0.97, -0.89, -22.63, -4.90, 9.00, 1.35, 1.12, 1.38, -10.85, -11.98, -36.65, 0.75, -0.44, 1.60, -62.30, 0.05, 57.20, 2
17:58:12.068 -> 2, -0.92, 1.42, -2.24, -24.10, -9.29, -7.60, 2.10, -0.08, 1.08, 4.78, -6.12, -24.44, 0.45, -0.44, 2.35, -42.77, 2.98, 47.92, 2
17:58:12.068 -> 3, -0.32, 0.52, -3.74, -26.54, -2.94, -14.93, 2.85, -0.83, 0.18, -5.48, -7.10, -19.07, -0.30, 0.31, 0.85, -33.00, 11.28, 60.62, 2
17:58:12.068 -> 4, 3.43, 2.02, -4.49, -32.40, -7.83, -7.60, 5.10, -2.18, -0.27, -9.39, -3.19, -13.70, 1.35, -0.14, 2.50, -2.24, 18.61, 73.80, 2
17:58:12.068 -> 5, 3.73, 1.87, -8.99, -23.61, -7.83, -13.46, 4.95, -4.58, 0.18, 98.04, -10.52, -166.04, -0.60, 0.16, 4.00, -69.14, 39.12, 25.46, 2
17:58:12.115 -> 6, 5.38, 3.07, -13.64, -68.53, 3.89, -106.24, 4.50, -5.78, 0.63, 73.62, -33.96, -148.96, 1.20, 1.06, 2.65, 74.42, 39.12, 83.08, 2
17:58:12.115 -> 7, 7.78, 1.87, -12.89, -27.51, 4.87, -22.74, 3.90, -6.23, -0.27, -81.65, -35.91, -16.63, -0.30, 0.76, 1.90, 68.07, 10.80, 48.90, 2
17:58:12.115 -> 8, 5.98, 2.92, -11.99, -32.40, -6.85, 16.81, 4.35, -5.18, 0.48, 53.11, -36.40, -70.83, -0.15, 1.21, 2.50, -20.80, 6.40, -128.84, 2
17:58:12.115 -> 9, 3.73, 0.67, -4.64, -29.96, -3.43, -20.30, 2.25, -3.23, -1.02, -34.29, -11.98, -10.28, -0.15, 0.16, 2.50, 90.04, 26.91, 2.51, 2
17:58:12.162 -> 10, 1.63, 1.42, -3.14, -46.07, -8.32, -21.27, 1.65, -1.58, -0.87, 21.86, -17.84, -37.14, 0.60, 0.91, 4.00, 33.40, 15.19, -16.53, 2
17:58:12.162 -> 11, 2.38, 1.42, -1.49, -33.86, 9.26, -11.51, 1.35, 0.37, -1.32, -19.64, -15.40, -17.12, 1.20, 0.31, 0.85, -6.15, 10.31, -47.78, 2
17:58:12.162 -> 12, 0.73, 0.37, -0.29, -27.51, 6.82, -14.44, 0.75, 0.52, -1.02, -0.60, -15.40, -29.81, -0.00, 0.01, 1.90, 55.38, 21.05, 36.20, 2
17:58:12.162 -> 13, 1.93, 0.67, -1.04, -35.33, -9.78, 4.12, 0.75, -0.98, -0.72, -7.43, -11.01, -16.14, 0.60, 0.91, 1.00, 28.03, 21.54, 17.65, 2
17:58:12.210 -> 14, 2.38, 1.42, -0.74, -43.14, 2.43, -7.60, 1.35, -1.58, -2.07, 3.31, -14.91, -27.86, -0.90, 0.46, 0.25, -4.68, 10.31, -9.21, 2
17:58:12.210 -> 15, 1.63, 0.37, -0.29, -29.96, -3.92, -1.74, 1.35, -0.83, -2.37, -20.62, -18.82, -20.54, -0.00, 2.11, 1.15, 20.71, 13.24, 22.53, 2
17:58:12.210 -> 16, 2.38, 0.37, -1.04, -33.86, 6.82, -15.42, 1.65, -0.08, -2.07, 4.78, -12.96, -41.53, -0.00, 1.36, 1.90, 16.31, 15.19, 18.62, 2
17:58:12.210 -> 17, 1.93, 1.87, 0.01, -35.82, 1.94, -17.37, 0.30, -0.98, -0.27, -11.83, -20.28, -18.10, -0.15, -0.14, 0.70, -17.38, 5.91, 0.07, 2
17:58:12.257 -> 18, 1.33, 0.07, -0.14, -39.23, -10.27, -6.14, 0.45, -0.83, -1.62, -7.92, -21.26, -19.07, 1.20, 1.06, 0.40, 10.94, 14.70, 12.28, 2
17:58:12.257 -> 19, 1.18, 0.37, -0.74, -39.72, 5.36, -16.39, 0.45, 0.37, -1.32, 2.82, -26.63, -6.87, -0.30, 2.11, 0.85, 17.78, 7.87, 29.85, 2
17:58:12.257 -> 20, 1.33, 0.07, -0.14, -38.75, -0.50, -21.76, 0.15, -0.83, -1.32, -8.90, -16.38, -33.72, 0.45, 0.31, 1.60, -11.52, 12.75, 4.95, 2
17:58:12.257 -> 21, 2.68, 0.52, -0.59, -25.56, -9.29, -25.18, 0.75, -0.68, -0.27, -4.50, -12.96, -33.72, 1.35, 0.16, 1.75, -6.15, 4.45, 5.44, 2
17:58:12.304 -> 22, 1.18, 1.12, -0.74, -27.51, -9.29, -12.49, -0.15, 0.07, -2.22, -5.48, -21.75, -19.56, 1.20, 0.31, 1.60, 2.15, 9.33, 21.06, 2
17:58:12.304 -> 23, 1.63, 0.67, -0.74, -49.98, -0.50, -11.02, -0.60, -0.23, -1.02, -3.04, -16.38, -24.44, -0.30, 0.31, 1.60, -0.78, 11.28, 18.62, 2
17:58:12.304 -> 24, 1.18, 1.87, -1.49, -36.79, -10.76, -13.46, 0.45, -1.58, -2.07, 1.36, -19.31, -21.03, 1.80, -0.14, 0.70, -8.59, 5.42, 3.00, 2
17:58:12.304 -> 25, 0.73, 0.37, 0.01, -43.63, -1.97, -24.20, 0.90, -1.58, -1.32, -7.92, -18.33, -27.86, 0.15, 2.41, 1.00, -9.57, 0.54, 18.13, 2
17:58:12.304 -> 26, 1.63, 1.12, -1.49, -29.47, 11.70, -8.09, 0.45, -0.38, -0.87, -2.06, -14.91, -20.54, 1.35, 1.66, 1.75, -8.10, 12.26, 20.09, 2
17:58:12.352 -> 27, 2.38, 1.12, -0.74, -23.61, 2.43, -13.46, 0.90, 0.37, -2.37, -0.60, -11.98, -25.42, 1.80, -0.59, 2.50, -12.98, -2.88, 18.13, 2
17:58:12.352 -> 28, 1.33, 0.97, -0.89, -25.07, -4.90, -13.46, 0.30, 0.07, -1.92, -9.87, -29.56, -19.56, -0.15, -0.59, 1.30, -10.05, 7.87, 14.72, 2
17:58:12.352 -> 29, 0.58, -0.23, 0.31, -31.42, -7.83, -5.16, 0.75, 0.07, -2.97, -8.41, -21.75, -22.49, 1.35, 0.46, 2.05, 1.67, 5.91, 23.99, 2
17:58:12.352 -> 30, 1.93, 1.42, -0.74, -28.98, 4.38, -10.53, 0.30, -1.73, -0.72, -6.94, -7.59, -27.37, -0.60, 0.46, 2.80, -6.64, 5.42, 3.49, 2
17:58:12.399 -> 31, 1.18, 0.67, -0.74, -36.79, -6.85, -19.32, 1.05, 0.07, -1.47, -7.43, -8.56, -18.58, 0.60, 0.46, 1.30, -13.47, 14.21, 19.11, 2
17:58:12.399 -> 32, 1.18, 0.37, 0.01, -22.14, -6.36, -16.39, -0.90, -0.68, -1.92, -2.06, -14.42, -25.42, -0.00, 0.31, 1.60, 4.59, 11.77, 13.74, 2
17:58:12.399 -> 33, 1.93, 0.67, -1.94, -29.96, -9.29, -13.95, 0.90, -0.38, -0.87, 7.22, -21.26, -21.51, 2.25, 1.21, 1.30, -9.57, 21.05, 11.30, 2
17:58:12.399 -> 34, 2.38, 1.87, -1.04, -35.33, 0.47, -18.34, 0.90, -0.38, -2.37, -9.39, -17.35, -23.47, 1.95, 1.06, 0.85, -9.57, -0.43, 13.25, 2
17:58:12.447 -> 35, 1.18, 1.12, -0.29, -32.40, -7.34, -20.30, 1.50, -0.68, -1.47, 0.38, -23.21, -27.86, 1.20, 1.36, 0.40, -17.87, 7.87, 20.09, 2
17:58:12.447 -> 36, 0.58, 0.97, 0.31, -39.23, -0.99, -12.49, 0.90, -1.13, -2.37, -9.87, -11.01, -16.63, 0.60, 1.21, 1.75, -15.42, -5.81, 27.41, 2
17:58:12.447 -> 37, 1.78, 0.97, -1.34, -28.00, 12.19, -3.70, 1.65, -0.08, -0.87, -7.92, -20.28, -26.88, 0.75, 2.11, 1.15, -13.47, 6.89, 22.53, 2
17:58:12.447 -> 38, 0.88, 1.72, -0.59, -29.96, -4.90, -7.60, 0.75, 0.07, -2.22, -14.76, -6.61, -23.47, 0.75, 0.31, 1.15, -9.08, 11.28, 22.04, 2
17:58:12.447 -> 39, 0.88, 1.27, -0.89, -39.23, 7.80, -24.20, 1.35, 0.37, -1.32, -3.04, -16.38, -39.09, 1.65, 1.36, 1.60, -14.45, 7.38, 23.51, 2
17:58:12.495 -> 40, 1.33, 0.52, -2.09, -31.91, 8.29, -19.32, 0.30, -0.23, -1.47, -12.31, -13.94, -28.84, 1.35, 0.91, 2.05, 7.52, -7.76, 21.55, 2
17:58:12.495 -> 41, 1.18, 0.67, -0.74, -20.19, -3.43, -24.69, 1.05, -0.68, -1.47, -12.31, -11.98, -35.19, 0.45, 1.06, 0.85, -7.12, 13.73, 27.90, 2
17:58:12.495 -> 42, 1.63, 0.67, 0.01, -34.84, 2.43, -5.16, 0.90, -0.38, -0.87, -5.97, -1.24, -35.19, 1.80, 0.91, 0.70, -4.19, 4.45, 23.51, 2
17:58:12.495 -> 43, 1.33, 1.27, -0.89, -38.75, -0.50, -13.95, 0.15, -0.83, -1.32, -19.64, -7.59, -22.00, 1.05, 0.46, 2.50, -10.05, -1.90, 24.48, 2
17:58:12.546 -> 44, 1.33, -0.23, 0.31, -25.56, 2.92, -13.46, 1.50, 0.07, -1.02, -7.92, -25.65, -23.47, -0.60, 1.96, 1.30, -3.71, 6.89, 32.78, 2
17:58:12.546 -> 45, 2.38, 0.67, -1.04, -25.07, -0.01, -15.90, 1.50, -0.98, -1.02, -13.29, -15.40, -27.86, 0.45, 0.76, 0.85, -8.10, 7.87, 7.88, 2
17:58:12.546 -> 46, 2.38, 0.67, -1.49, -23.12, 4.87, -23.72, 0.45, -0.38, -1.62, -6.46, -12.96, -21.03, 0.15, 0.91, 1.30, -5.17, -8.25, 29.85, 2
17:58:12.546 -> 47, 1.78, 0.07, -0.59, -33.37, 10.24, -14.44, 0.45, -0.38, -0.87, 10.15, -23.70, -18.58, 1.80, 1.96, 1.30, 0.20, 14.70, 24.97, 2
17:58:12.593 -> 48, 0.73, 0.67, -0.74, -44.12, -3.43, -16.39, 0.45, -0.83, -1.32, -7.43, -16.87, -40.56, -0.00, 0.76, 0.40, -13.96, 2.01, 14.23, 2
17:58:12.593 -> 49, 1.78, 0.07, -0.89, -33.86, -10.76, -19.81, 0.45, -0.38, -1.62, -12.80, -11.01, -24.93, 0.75, 0.31, 1.60, -11.03, -7.76, 20.58, 2
17:58:12.593 -> 50, 2.38, 0.37, -0.74, -29.96, -3.92, -3.70, 2.10, -1.13, -0.57, -13.78, -19.79, -36.65, 1.65, 0.01, 0.85, -1.75, 1.52, 22.53, 2
17:58:12.593 -> 1, 0.73, 1.12, -1.49, -30.93, -0.01, -20.79, 1.50, 0.52, 0.48, -18.66, -8.56, -41.04, -0.60, 0.46, 0.70, -73.53, -3.36, -4.33, 2
17:58:12.640 -> 2, 0.28, 0.67, -3.44, -29.96, -7.83, -9.56, 2.55, 0.67, 1.08, -8.41, -10.52, -25.42, 0.60, -0.59, 1.30, -22.26, 11.77, 24.48, 2
17:58:12.640 -> 3, -0.32, 0.07, -2.84, -30.93, 3.89, -17.37, 2.25, -0.98, 0.78, 6.73, -11.49, -30.79, -1.20, -0.74, 1.15, -6.15, 12.75, 34.25, 2
17:58:12.640 -> 4, 2.38, 1.42, -2.69, -35.82, 6.33, -22.74, 3.30, -1.58, -0.12, -14.27, -8.08, -28.84, 0.60, 0.91, 2.50, -15.91, 7.87, 17.65, 2
17:58:12.640 -> 5, 2.98, -0.23, -0.59, -17.26, 2.43, -13.95, 2.25, -1.43, -1.92, 1.36, -24.68, -32.26, -0.60, 0.16, 2.05, 6.06, 11.28, 33.27, 2
17:58:12.640 -> 6, 2.68, -0.98, 2.26, 8.13, 16.59, -160.92, 0.75, 0.07, -2.67, -138.29, -23.70, 53.19, -0.15, 0.46, 2.05, 23.64, 56.21, 61.59, 2
17:58:12.687 -> 7, 3.43, -0.98, 4.21, -38.75, 13.66, -31.04, 1.50, 0.82, -2.22, -38.68, -2.71, 0.95, -0.15, 1.21, 2.50, -6.64, 7.38, 64.52, 2
17:58:12.687 -> 8, 0.73, -1.28, 3.61, -40.21, 11.70, -74.99, -0.15, 1.27, -1.02, -101.67, -17.84, -14.19, 1.05, 1.21, 1.00, 102.25, 85.01, 124.09, 2
17:58:12.687 -> 9, 1.63, -0.38, 0.01, -28.98, 6.33, -5.16, 0.90, -0.38, -2.07, -19.15, -9.05, -36.16, 0.75, 0.76, 2.35, 85.16, 20.07, 64.03, 2
17:58:12.687 -> 10, 0.73, -0.38, 1.21, -22.63, 1.94, -7.60, 1.05, -0.23, -2.22, -16.22, -20.28, -19.56, 2.25, -0.14, 3.55, 22.17, 9.82, -19.46, 2
17:58:12.734 -> 11, 2.68, -0.23, -0.14, -38.75, 4.87, -10.04, 0.30, -0.98, -2.67, 5.75, -14.42, -37.14, -0.75, 2.11, 2.95, 60.75, 4.45, 18.62, 2
17:58:12.734 -> 12, 2.23, 1.72, -0.59, -33.86, -2.46, -20.79, 1.05, -0.68, -1.47, -6.46, -14.42, -15.65, -0.15, 0.91, 0.25, 24.13, 9.82, -11.16, 2
17:58:12.734 -> 13, 2.38, -0.08, -1.49, -44.60, -0.01, -16.88, 0.90, -0.83, -1.32, -11.83, -18.82, -26.40, 1.35, 1.66, 2.05, -25.19, 1.52, -41.92, 2
17:58:12.734 -> 14, 1.63, 0.67, -0.74, -29.47, -0.50, -18.34, 0.45, -1.58, -1.32, -10.36, -19.31, -27.37, 1.35, -0.14, 2.05, 12.90, 18.61, -6.28, 2
17:58:12.782 -> 15, 1.18, 0.37, -1.94, -43.14, 6.33, -13.95, 0.75, -0.68, -2.22, -3.53, -15.89, -29.33, 1.20, 1.36, 2.65, 6.55, 12.75, 6.90, 2
17:58:12.782 -> 16, 1.93, -0.38, 0.01, -34.84, -7.34, -21.76, 1.05, -1.73, -2.22, -6.94, -19.79, -27.37, -0.15, 1.21, 2.05, -10.05, 8.35, -18.49, 2
17:58:12.782 -> 17, 0.88, 0.52, -1.64, -39.23, -0.99, -13.95, -0.60, -0.23, -2.97, 7.70, -17.35, -22.98, 0.15, 0.91, 1.00, 17.78, 4.45, 4.95, 2
17:58:12.782 -> 18, 1.63, 0.37, -0.29, -34.35, -9.29, -10.04, 0.15, -0.08, -0.87, -9.39, -17.35, -24.44, 0.75, 1.36, 1.90, 16.31, 5.42, 25.46, 2
17:58:12.829 -> 19, 1.78, 0.97, -1.34, -28.00, -3.92, -12.00, -0.15, -0.98, -2.67, -11.83, -4.66, -22.00, 1.35, 0.46, 2.05, -20.80, 3.47, 1.04, 2
17:58:12.829 -> 20, 2.23, 0.07, -0.89, -31.91, 3.40, -16.39, 1.05, -2.18, -0.27, -19.15, -19.79, -38.60, 0.75, 1.81, 1.15, 1.67, 13.73, 6.42, 2
17:58:12.829 -> 21, 1.78, 0.97, 0.31, -28.00, 2.43, -21.76, 1.95, -0.68, -0.27, -5.48, -3.68, -22.98, -0.30, 0.76, 0.85, 1.67, 4.94, 14.72, 2
17:58:12.829 -> 22, 1.33, 0.97, -1.34, -21.17, -3.43, -11.02, 0.75, 0.07, -2.22, 4.29, -19.79, -22.00, -0.30, 1.06, 1.60, -11.52, -8.25, 25.95, 2
17:58:12.829 -> 23, 2.83, 0.37, -0.74, -20.19, -9.29, -13.46, 1.50, -1.43, -1.02, 9.66, -21.26, -5.40, 0.15, 0.46, 2.50, -3.71, -6.29, 5.44, 2
17:58:12.878 -> 24, 2.23, 0.07, -0.59, -27.51, 3.40, -5.16, 0.45, 0.37, -0.87, -13.29, -12.96, -25.91, -0.00, 1.36, 0.10, 6.55, 9.82, 21.06, 2
17:58:12.878 -> 25, 1.78, 0.07, -0.59, -33.86, -9.78, -13.95, 0.90, -0.38, -2.07, -4.01, -20.28, -13.21, 1.35, 0.46, 0.70, -4.68, -3.85, 16.67, 2
17:58:12.878 -> 26, 1.63, 0.67, 0.01, -26.05, 3.89, -22.74, 1.35, -1.13, -1.32, 0.87, -21.75, -22.49, 1.65, 0.31, 1.60, -9.08, -9.22, 11.30, 2
17:58:12.878 -> 27, 1.18, 0.67, -0.74, -36.30, -7.83, -5.65, -0.15, -0.68, -1.02, -3.04, -8.56, -24.44, 0.45, 0.76, 1.90, -3.22, 3.47, 17.65, 2
17:58:12.925 -> 28, 2.23, 0.97, -1.34, -32.40, -1.48, -15.90, 0.75, -0.23, -2.22, -11.34, -11.98, -35.19, 1.05, 0.16, 2.05, -4.19, 3.47, 16.18, 2
17:58:12.925 -> 29, 1.63, 1.42, -0.74, -35.82, -3.92, -14.93, -0.15, -1.43, -1.02, -4.99, -16.87, -16.63, 0.60, 1.66, 0.25, 3.62, 16.17, 16.67, 2
17:58:12.925 -> 30, 2.23, 0.07, -0.14, -29.47, 6.33, -2.23, 0.90, -0.38, -1.62, -6.94, -11.98, -37.63, -0.60, 0.16, 1.30, -11.52, 12.26, 9.83, 2
17:58:12.925 -> 31, 1.63, 0.37, 0.01, -30.44, -6.36, -11.02, -0.30, -0.38, -0.12, -5.48, 0.71, -23.47, -0.30, 0.76, 0.40, -2.73, 13.73, 26.92, 2
17:58:12.972 -> 32, 2.38, 1.42, -0.29, -37.28, 7.31, -16.88, 0.75, -0.23, -1.02, -9.87, -20.28, -17.61, 0.45, 0.76, 1.15, -9.08, 11.28, 22.04, 2
17:58:12.972 -> 33, 2.98, -0.23, -1.34, -38.26, 9.26, -14.44, 0.30, 0.07, -2.22, -7.92, -9.54, -32.74, 1.35, 0.46, 1.30, -3.71, 2.50, 19.60, 2
17:58:12.972 -> 34, 1.33, 1.27, -0.89, -32.40, 9.75, -7.11, 0.30, -0.23, -2.22, -16.71, -7.59, -23.47, 0.60, 1.66, 1.30, -8.59, 10.80, 8.86, 2
17:58:12.972 -> 35, 1.63, 0.67, -0.74, -32.40, 6.33, -24.20, -0.60, -0.23, -2.97, -19.15, -17.35, -28.35, 0.15, 0.91, 1.30, -20.80, -1.41, 25.95, 2
17:58:13.021 -> 36, 0.58, 0.52, -1.64, -35.82, -7.34, -21.76, 1.95, -0.23, -1.02, -0.11, -8.56, -24.93, 0.15, 0.16, 1.30, -21.28, 13.24, 17.65, 2
17:58:13.021 -> 37, 0.88, 0.97, -0.89, -35.82, 2.92, -20.30, 0.75, -0.98, -1.47, -16.71, -15.40, -27.37, -0.60, 1.96, 1.00, -1.75, -5.81, 19.60, 2
17:58:13.021 -> 38, 2.23, -0.68, -0.89, -44.60, -0.01, -11.02, 1.35, -1.58, -1.32, 5.75, -6.61, -26.40, 0.45, 1.36, 1.60, -8.59, 19.10, 29.37, 2
17:58:13.021 -> 39, 2.38, -0.08, -0.74, -27.51, -1.48, -12.00, 1.35, -1.13, -1.62, 0.87, -22.24, -28.84, 1.20, 1.06, 0.85, -7.12, 7.87, 25.46, 2
17:58:13.021 -> 40, 1.63, 1.87, -0.74, -35.33, 1.94, -13.95, 0.15, -0.08, -2.07, -20.13, -15.89, -17.12, 0.15, 1.21, 1.00, 4.11, 12.75, 32.29, 2
17:58:13.068 -> 41, 2.23, 0.52, -0.59, -34.84, 4.87, -16.39, -0.60, -0.23, 0.03, -2.55, -17.84, -48.86, 0.60, 0.46, -0.05, -12.98, 12.75, 19.11, 2
17:58:13.068 -> 42, 0.88, 0.07, -0.89, -25.07, 1.45, -19.32, 0.90, -0.83, -0.87, -7.92, -18.33, -21.51, 1.35, 0.91, 0.70, -8.59, -0.43, 14.72, 2
17:58:13.068 -> 43, 1.93, 1.12, 0.01, -24.58, -17.59, -17.86, 0.45, -0.38, -1.62, -4.01, -19.31, -22.49, 1.20, 1.36, 0.85, -16.40, 4.94, 17.16, 2
17:58:13.068 -> 44, 1.63, 1.12, -1.04, -36.30, 4.38, -5.65, 0.15, -1.13, -0.87, -12.31, -15.89, -22.98, -0.15, 1.21, 1.00, -4.19, 13.73, 22.04, 2
17:58:13.116 -> 45, 2.83, 1.87, -1.49, -35.33, 1.45, -13.46, 0.30, -0.23, -1.92, -14.76, -7.10, -29.81, 0.15, 0.91, 1.30, -26.66, 1.52, 13.74, 2
17:58:13.116 -> 46, 1.33, 0.97, 0.31, -29.47, -4.41, -12.49, 1.35, -0.38, -1.32, 0.87, -18.33, -17.12, 1.20, 1.06, 1.15, 0.20, 8.35, 12.76, 2
17:58:13.116 -> 47, 2.23, 0.07, -0.14, -32.89, -11.25, -12.97, 0.75, -0.98, -1.47, 4.29, -17.35, -27.86, -0.00, 0.01, 0.85, -12.01, -2.39, 23.51, 2
17:58:13.116 -> 48, 0.73, 0.37, 0.01, -13.84, -6.85, -14.93, 0.30, -0.23, -1.47, -19.15, -17.35, -25.42, 1.20, 1.06, 1.15, -9.57, 2.01, 19.11, 2
17:58:13.163 -> 49, 1.93, 1.42, 0.46, -33.86, -2.46, -19.32, 0.30, -0.68, -1.02, -2.55, -9.05, -24.44, 1.80, 0.91, 1.00, -11.52, 12.75, 17.65, 2
17:58:13.163 -> 50, 2.98, -0.23, -1.34, -27.03, -5.87, -6.63, 1.35, -1.13, -1.62, -9.87, -17.84, -15.65, 0.45, 0.31, 1.60, 2.64, 1.52, 22.53, 2
17:58:13.163 -> 1, 0.58, 0.52, -1.64, -27.03, 5.84, -15.90, 0.45, 0.67, 0.18, -24.03, -11.01, -9.79, -0.60, 0.91, 0.70, 56.35, 35.21, 78.19, 2
17:58:13.163 -> 2, -0.32, 0.07, -1.64, -26.05, 10.73, -19.32, 2.25, 0.82, 0.03, 0.38, -8.56, -57.65, -0.15, 0.46, 1.30, 34.87, 20.07, 51.83, 2
17:58:13.211 -> 3, 0.73, -0.08, -4.19, -28.00, 12.19, -19.32, 2.55, -0.38, 0.63, -15.24, -9.05, -19.56, -1.95, 0.76, 1.90, 29.50, 4.94, 29.85, 2
17:58:13.211 -> 4, 1.93, 0.37, -3.44, -17.75, -0.99, -14.44, 5.10, 0.82, 1.98, -3.53, -15.89, -27.37, -0.60, -0.59, 1.75, 38.77, 13.24, 41.57, 2
17:58:13.211 -> 5, 0.13, 0.07, -3.74, -34.35, 5.36, -12.97, 4.20, -0.08, 1.08, -11.34, -12.47, -16.63, -1.20, 0.01, 1.15, -1.75, 15.68, 9.83, 2
17:58:13.211 -> 6, 0.58, -2.18, -3.74, -45.09, 14.63, -13.46, 3.90, 0.07, 3.48, 11.12, -19.31, -51.30, -0.60, 0.16, 2.50, -27.63, -3.85, 1.04, 2
17:58:13.211 -> 7, -1.07, -1.88, -3.29, 19.85, 7.80, -56.92, 3.15, 0.07, 5.43, -35.26, -12.47, -2.47, 1.05, -0.14, 3.25, 101.27, 25.44, -85.87, 2
17:58:13.258 -> 8, -1.82, -2.03, -2.24, -34.84, 2.92, -25.18, 3.90, -0.23, 5.73, 27.72, -5.63, -22.98, 0.15, 0.46, 2.05, 26.57, 2.50, -134.70, 2
17:58:13.258 -> 9, -0.77, -0.23, -3.29, -58.76, -2.94, -135.04, 4.20, -0.08, 5.28, -100.21, -35.42, 70.77, -0.15, 0.91, 2.80, 152.54, 78.67, -23.37, 2
17:58:13.258 -> 10, -0.32, -0.98, -4.04, -47.05, -5.39, -24.69, 4.80, 0.52, 1.98, 54.58, -27.61, -30.79, -0.30, 1.06, 2.35, 183.31, 44.00, 4.95, 2
17:58:13.258 -> 11, 0.28, -0.08, -1.49, -23.61, -13.20, -19.81, 1.65, 0.37, 0.18, -23.55, -20.28, 19.01, 0.60, 0.46, 1.30, 99.32, 24.47, -50.22, 2
17:58:13.305 -> 12, 2.23, 1.27, -0.89, -16.77, -8.80, -11.02, 1.95, 0.82, -1.02, 15.52, -25.65, -53.25, 1.20, 0.76, 1.90, 138.87, 32.28, 19.11, 2
17:58:13.305 -> 13, 2.38, 1.87, -1.49, -33.86, 5.84, -19.32, 0.90, -1.58, -1.32, -29.89, -16.87, -16.63, 1.65, 1.06, 1.60, 87.11, 24.96, -18.97, 2
17:58:13.305 -> 14, 2.83, 0.67, -0.29, -42.16, 13.17, -4.18, 1.05, -1.43, -1.02, 1.85, -11.98, -41.04, 0.75, 1.06, 0.85, 19.24, 7.87, -65.85, 2
17:58:13.305 -> 15, 3.43, 1.72, -1.34, -35.82, -0.50, -12.49, 0.75, -0.23, -1.47, -13.29, -32.49, -27.37, 0.75, 0.76, 2.35, 50.01, 13.24, -28.74, 2
17:58:13.353 -> 16, 2.38, 1.12, -0.74, -39.23, -1.48, -3.21, 1.05, -0.68, -1.02, 3.31, -12.47, -22.00, -0.30, 1.81, 0.85, 29.01, 23.49, -20.44, 2
17:58:13.353 -> 17, 2.98, 0.07, -0.14, -25.07, -2.46, -22.74, 1.65, -0.08, -2.07, -3.53, -1.73, -31.77, 2.40, 0.01, 1.60, -3.71, -4.34, -41.92, 2
17:58:13.353 -> 18, 1.33, 0.97, -1.64, -34.84, -5.87, -25.18, 0.75, -0.68, -2.67, -5.97, -17.35, -28.84, 1.20, 2.11, 0.40, 23.15, 13.73, -8.72, 2
17:58:13.353 -> 19, 2.68, 0.52, 0.61, -24.10, -0.50, -19.81, 0.90, 0.37, -1.32, -4.50, -29.56, -27.86, 1.65, 0.76, 1.90, 28.52, 8.35, 8.37, 2
17:58:13.401 -> 20, 1.33, -0.23, -0.59, -29.96, 10.24, -21.27, -0.30, 0.67, -2.82, -3.53, -14.91, -24.44, -0.00, 1.06, 0.10, 2.64, -9.22, -11.65, 2
17:58:13.401 -> 21, 0.58, 0.97, -0.89, -36.30, -5.87, -12.49, -0.15, -1.43, -1.47, -8.41, -12.96, -25.91, 0.60, 0.46, 2.05, 12.41, 11.77, -0.91, 2
17:58:13.401 -> 22, 2.38, 1.12, -1.04, -42.65, -1.48, -6.14, 0.30, -0.68, -0.72, -5.48, -10.03, -19.56, 0.60, 0.46, 1.30, 5.08, 10.80, 24.97, 2
17:58:13.401 -> 23, 1.93, 1.12, -1.04, -29.47, -7.34, -17.37, 1.05, -1.43, -2.67, -4.50, -12.47, -25.42, 0.15, 0.91, 1.00, -3.22, 8.84, 5.44, 2
17:58:13.401 -> 24, 2.38, 0.67, 0.01, -39.72, -0.99, -9.56, 1.05, -0.98, -1.02, 0.38, -13.94, -21.03, 0.45, 1.06, 0.40, 1.18, 4.94, 2.51, 2
17:58:13.449 -> 25, 1.78, 0.97, -0.89, -26.05, 0.47, -14.93, 0.90, -0.08, -1.32, -13.29, -17.35, -22.98, -1.20, 0.31, 1.15, 11.43, 0.05, 11.79, 2
17:58:13.449 -> 26, 1.33, -0.68, 0.31, -27.03, 8.29, -15.42, 0.30, 0.52, -1.92, -17.20, -28.10, -11.75, 0.75, 0.76, 2.35, 8.99, 11.77, 9.83, 2
17:58:13.449 -> 27, 2.23, 0.97, -0.59, -35.82, -4.41, -14.93, 0.45, -1.13, -1.62, 0.87, -15.40, -25.42, 0.75, 0.76, 1.60, -16.89, 14.21, 3.97, 2
17:58:13.449 -> 28, 1.63, 1.42, -0.74, -28.49, -3.92, -15.90, 1.65, -0.83, -1.62, -7.92, -12.96, -19.07, -0.00, 0.76, 1.60, -1.75, 3.96, 6.90, 2
17:58:13.496 -> 29, 2.23, 0.52, -1.34, -33.37, -1.97, -10.04, 0.75, -0.23, -1.47, 0.38, -16.87, -20.54, 0.60, -0.14, 0.70, 9.48, 3.47, 16.18, 2
17:58:13.496 -> 30, 2.68, 0.07, -1.34, -32.89, -4.41, 5.09, 1.50, -0.68, -0.72, -15.24, -24.19, -24.44, 1.35, 3.01, 0.70, -5.17, 1.03, 12.76, 2
17:58:13.496 -> 31, 1.33, 0.52, -0.59, -33.37, 2.92, -13.95, 0.90, 0.37, -1.32, -11.83, -17.84, -27.37, -0.75, 0.76, 1.90, 0.69, 11.28, 17.16, 2
17:58:13.496 -> 32, 1.93, 1.12, -0.74, -29.47, -1.48, -4.18, 1.05, -0.68, -2.22, -14.76, -19.31, -26.40, 1.05, 0.91, 1.00, 5.57, 1.03, 21.06, 2
17:58:13.544 -> 33, 1.78, 1.27, -0.89, -28.49, 5.84, -17.86, 0.75, -0.23, -1.02, -15.24, -14.42, -26.40, 0.60, 2.41, 0.70, -6.15, 4.94, 26.44, 2
17:58:13.544 -> 34, 1.93, 0.67, -0.74, -34.84, 7.80, -13.95, 0.15, -0.83, -1.62, -3.53, -12.96, -19.07, -0.00, 0.31, 0.85, -2.73, 14.21, 14.23, 2
17:58:13.544 -> 35, 1.63, 1.12, 0.46, -14.82, -13.69, -11.51, 0.30, 0.07, -0.72, -13.78, -23.21, -16.14, -0.15, 0.91, 1.00, -3.71, 13.73, 20.09, 2
17:58:13.544 -> 36, 0.73, 1.87, -0.74, -40.21, -17.59, -10.04, 0.15, -0.08, -2.37, -12.80, -5.15, -21.03, 0.75, 0.76, 1.15, -8.10, 10.80, 9.35, 2
17:58:13.544 -> 37, 0.88, 0.52, -1.34, -30.44, 2.92, -26.16, 1.65, -0.83, -0.87, -0.11, -19.79, -20.54, 0.75, 1.81, 1.15, -11.03, 10.31, 22.53, 2
17:58:13.591 -> 38, 2.68, 2.02, -1.34, -30.44, 2.92, -16.39, -0.30, -0.38, -1.62, -18.66, -11.49, -19.07, 1.20, 1.06, 0.10, -11.52, -2.88, 18.13, 2
17:58:13.591 -> 39, 2.83, 1.12, -0.74, -31.42, -9.78, -6.63, 0.15, -0.83, -2.37, -4.01, -13.94, -30.30, 1.20, -0.44, 1.90, -8.10, 0.05, 22.04, 2
17:58:13.591 -> 40, 0.88, -0.23, -0.59, -20.19, -13.20, -7.60, 1.95, -0.68, -1.02, -14.27, -16.38, -19.07, 1.35, 0.46, 0.25, -8.10, 14.70, 21.55, 2
17:58:13.591 -> 41, 1.93, 0.67, -0.29, -26.54, 8.77, -14.44, 1.35, -0.08, -1.32, -2.55, -19.31, -23.96, 0.45, 0.76, 0.85, -5.66, 15.19, 34.74, 2
17:58:13.638 -> 42, 1.93, 0.37, -0.74, -32.89, 1.45, -25.67, 0.15, -0.38, -1.32, -12.31, -12.47, -27.86, 1.35, -0.14, 2.50, -19.33, 15.68, 17.16, 2
17:58:13.638 -> 43, 1.33, 1.27, -0.89, -23.61, -4.41, -15.90, -0.15, -0.68, -1.92, -2.06, -27.12, -26.40, 0.45, 1.81, 0.40, -0.78, 2.98, 21.06, 2
17:58:13.638 -> 44, 1.78, 0.52, 0.31, -42.16, 7.31, -18.34, -0.30, -0.08, -1.32, -3.04, -17.35, -22.49, -0.15, 1.21, 0.70, -9.57, 13.24, 23.99, 2
17:58:13.638 -> 45, 0.58, -0.23, -1.34, -30.93, 1.94, -5.65, 0.30, -0.68, -1.47, -5.48, -18.82, -19.56, 1.95, 1.06, -0.35, -13.47, 3.47, 18.62, 2
17:58:13.686 -> 46, 0.73, -0.38, -0.74, -46.56, -9.78, -16.39, -1.35, -0.98, -1.92, -3.53, -11.49, -30.79, -0.00, 0.76, 0.85, -10.05, -2.39, 16.67, 2
17:58:13.686 -> 47, 0.58, -0.23, -0.89, -25.07, 9.75, -13.46, 0.90, -1.13, -1.62, -6.46, -10.03, -31.28, 0.45, 0.01, 0.40, -10.54, 7.87, 20.09, 2
17:58:13.686 -> 48, 1.93, 0.37, -1.94, -50.46, 6.33, -14.44, 0.45, -0.38, -2.07, -0.11, -18.33, -27.86, -0.75, 0.31, 0.10, -13.47, 11.77, 16.67, 2
17:58:13.686 -> 49, 2.98, 0.52, -0.89, -29.47, -7.34, -13.46, 0.90, -1.58, -0.57, -8.90, -29.56, -34.21, 0.60, 0.91, 1.30, -4.68, -5.32, 22.04, 2
17:58:13.721 -> 50, 1.93, -0.38, -0.29, -24.10, -0.50, -12.97, 0.75, -0.68, -1.02, -7.43, -16.38, -36.65, -0.15, 0.16, 0.25, -7.12, 11.28, 22.53, 2
17:58:13.721 -> 1, 0.58, 0.07, -0.89, -37.28, 0.47, -21.27, 2.10, 0.67, 1.08, -6.94, -28.10, -25.91, 0.75, 1.81, 1.15, 19.24, 9.33, 16.67, 2
17:58:13.721 -> 2, 2.23, 0.52, -2.09, -33.37, -15.64, -5.65, 2.25, -0.23, -0.27, -20.62, -26.63, -31.28, 0.60, 0.46, 1.00, 16.80, 12.75, 10.81, 2
17:58:13.767 -> 3, 2.83, -0.38, -1.49, -34.84, 6.82, -20.79, 1.35, -1.58, -3.12, -9.87, -12.47, -23.96, 1.35, 0.46, 1.00, -13.96, 7.38, 6.90, 2
17:58:13.767 -> 4, 5.38, -1.28, 2.11, -32.40, -4.41, -19.81, 0.45, -0.08, -4.02, -4.50, -12.96, -30.79, 1.20, -0.74, 1.15, -2.24, 13.73, 20.09, 2
17:58:13.767 -> 5, 5.08, -2.63, 3.01, -52.91, -36.64, 306.36, 0.45, -0.08, -5.52, -61.14, -3.68, -21.51, 1.20, 0.01, 1.90, -20.80, 2.98, 79.17, 2
17:58:13.767 -> 6, 5.68, -2.78, 3.61, -6.52, 9.26, -53.01, 0.30, 1.57, -3.72, -21.59, -25.17, -47.88, 1.05, 1.66, 1.75, -13.96, 3.96, 38.64, 2
17:58:13.814 -> 7, 4.03, -3.23, 5.56, -12.87, 4.38, -29.09, 1.95, 1.27, -3.42, -27.45, -33.47, -20.54, 0.60, 0.91, 0.25, -4.68, 4.94, 47.92, 2
17:58:13.814 -> 8, 3.73, -2.78, 5.26, -20.19, 7.31, 45.62, 0.30, 2.47, -2.67, -38.19, -10.52, 0.46, -0.30, 2.11, 1.60, -93.55, -6.78, 102.12, 2
17:58:13.814 -> 9, 1.18, -1.28, 2.41, -28.98, 6.33, -12.97, -1.35, 1.57, -2.97, 15.52, -17.84, -41.04, 1.35, 1.66, 2.05, -61.81, 3.47, 95.77, 2
17:58:13.814 -> 10, 2.68, -0.23, 2.26, -35.33, 4.38, -16.39, 1.05, 1.27, -2.22, -10.36, -15.89, -19.07, 0.75, 0.31, 1.60, -52.53, 20.07, 71.85, 2
17:58:13.814 -> 11, 2.68, 1.27, 1.81, -33.86, 8.29, -8.58, -1.35, -0.68, -1.92, 2.82, -23.70, -32.74, 0.75, 1.36, 0.85, -76.46, -7.27, 18.13, 2
17:58:13.862 -> 12, 1.93, 0.67, 0.91, -49.00, -5.39, -12.97, -1.50, -0.08, -2.37, -8.90, -11.49, -27.37, 1.80, 0.46, 0.25, -56.93, -3.36, 29.85, 2
17:58:13.862 -> 13, 1.18, 0.67, 0.01, -27.51, 1.94, -11.51, 0.15, 0.37, -1.32, -4.01, -16.38, -30.79, 0.75, 0.76, 0.40, -23.24, 9.33, 44.99, 2
17:58:13.862 -> 14, 2.23, 1.27, -0.59, -33.86, -16.13, -19.81, -0.15, -0.23, -0.27, -9.39, -12.96, -27.86, 1.35, 0.16, 0.70, -24.70, 2.98, 27.90, 2
17:58:13.862 -> 15, 1.33, 1.27, -0.59, -42.65, -2.94, -13.95, 1.05, 0.07, -1.92, -4.99, -21.75, -14.68, 0.75, 0.76, 1.90, -13.96, 14.70, 31.32, 2
17:58:13.910 -> 16, 1.78, -0.23, -0.89, -25.56, 6.82, -17.86, 0.45, -1.88, -2.37, -8.90, -11.01, -27.86, 0.60, 0.46, 1.75, -10.54, 14.21, 45.97, 2
17:58:13.910 -> 17, 2.23, 1.27, -0.89, -27.51, 3.89, -4.67, 1.50, -0.23, -1.92, -2.55, -6.12, -26.40, 1.80, 0.91, 1.30, -35.44, 6.40, 21.06, 2
17:58:13.910 -> 18, 1.33, 1.27, -0.14, -27.51, -0.99, -16.39, -0.90, -0.23, -1.92, 1.36, -5.63, -23.96, -0.15, 0.46, 1.30, -14.94, 19.10, 18.13, 2
17:58:13.910 -> 19, 1.33, 0.97, -0.14, -34.84, 13.17, -11.51, 1.50, 0.07, -1.92, -12.80, -21.26, -27.37, 0.75, 0.31, 1.90, -2.73, 7.38, 42.06, 2
17:58:13.957 -> 20, 1.78, 1.27, -0.89, -40.21, 7.31, -8.09, -1.35, -1.43, -1.02, -9.39, -11.01, -27.86, 0.45, 1.36, 1.60, -13.96, -0.92, 25.46, 2
17:58:13.957 -> 21, 1.78, 0.52, -0.14, -39.72, -9.78, -3.21, 0.45, -0.08, -1.32, 3.31, -1.24, -22.49, 0.45, 1.06, 0.85, -21.77, -3.36, 18.13, 2
17:58:13.957 -> 22, 1.18, 1.12, -0.29, -30.44, 2.92, -20.79, 0.15, -0.08, -1.62, -6.46, -23.21, -20.05, 0.15, 1.21, 1.30, -16.89, 19.10, 32.78, 2
17:58:13.957 -> 23, 2.38, 2.32, -0.74, -39.23, -4.90, -20.30, -0.15, -0.23, -1.02, -7.92, -13.94, -17.61, 1.35, 1.21, 0.25, -15.42, 9.33, 18.13, 2
17:58:14.004 -> 24, 1.78, 0.52, -0.14, -43.63, 14.15, -18.34, 0.30, -1.43, -2.67, -4.50, -29.07, -20.05, 1.20, 1.06, 0.85, -11.03, 6.89, 30.34, 2
17:58:14.004 -> 25, 2.23, 0.97, -1.34, -26.54, -4.41, -2.72, 1.35, -0.83, -0.57, -10.36, -13.94, -32.74, 0.45, 1.06, 1.15, -18.84, 12.26, 28.88, 2
17:58:14.004 -> 26, 1.78, 2.02, 1.51, -34.35, -11.73, -12.49, 0.30, 0.07, -2.22, -6.46, -19.79, -26.88, -0.00, 0.31, 0.40, -3.22, 15.68, 26.92, 2
17:58:14.004 -> 27, 1.93, 0.52, 0.31, -39.23, -5.39, -0.28, 0.90, -0.83, -0.57, -14.76, -22.24, -25.42, 0.60, 0.91, 1.00, -17.87, 3.47, 17.65, 2
17:58:14.004 -> 28, 1.33, 0.07, 0.31, -39.23, -1.48, -10.04, 0.30, -0.23, -1.92, -2.55, -13.94, -22.49, 0.60, 0.91, 2.05, -13.96, -3.85, 12.28, 2
17:58:14.052 -> 29, 1.93, 0.67, -2.24, -27.03, -9.78, -10.53, 0.45, -0.83, -0.57, -5.48, -17.35, -15.17, -0.75, 0.76, 0.10, -12.01, 20.07, 19.11, 2
17:58:14.052 -> 30, 0.88, 0.07, -0.59, -37.28, 1.45, -7.11, -0.75, 0.37, -1.32, -12.31, -20.77, -23.47, 0.75, 0.31, -0.35, -7.61, 1.52, 33.27, 2
17:58:14.052 -> 31, 1.93, 0.37, -0.29, -35.82, -3.43, -4.18, 0.90, -0.83, -2.07, -8.90, -21.26, -31.28, 1.20, 1.06, 1.90, -16.40, 10.80, 30.34, 2
17:58:14.052 -> 32, 2.38, 1.42, 0.46, -30.44, -6.36, -12.49, 0.45, 0.37, -1.62, 0.87, -9.54, -30.30, 0.60, 0.46, 1.30, -10.05, 11.28, 19.60, 2
17:58:14.100 -> 33, 0.88, -0.23, -0.89, -33.37, -7.83, -15.90, 0.75, -0.68, -1.47, -4.01, -16.38, -22.49, 0.60, 0.46, 2.50, -11.52, 10.31, 22.04, 2
17:58:14.100 -> 34, 1.33, 0.07, -0.89, -30.44, -4.41, -17.37, 0.15, -0.38, -2.07, -4.99, -14.42, -32.74, 0.45, 0.76, 2.35, -1.75, 9.82, 13.25, 2
17:58:14.100 -> 35, 2.83, -0.08, -0.29, -23.12, 7.80, -17.37, 0.45, -0.08, -1.62, -24.03, -12.47, -18.58, 1.35, 1.21, 0.70, -15.91, 12.75, 23.99, 2
17:58:14.100 -> 36, 1.63, 1.42, -1.94, -29.47, 0.96, -16.88, -0.75, -0.38, -1.62, -15.73, -21.75, -27.86, 0.15, -0.14, 1.75, -2.73, 5.42, 17.16, 2
17:58:14.148 -> 37, 1.18, 2.32, -1.94, -33.86, -1.97, -12.49, -0.75, -1.88, -0.87, -4.50, -12.47, -29.33, 1.65, 0.76, 1.15, -1.75, 10.31, 14.23, 2
17:58:14.148 -> 38, 1.63, 1.42, -0.74, -40.21, 3.89, 1.67, 0.15, -0.83, -0.87, -16.22, -28.10, -19.56, 0.15, 0.16, 0.25, -12.49, 15.68, 22.04, 2
17:58:14.148 -> 39, 1.18, 1.87, -0.74, -36.30, -2.94, -4.67, 0.15, -0.08, -1.32, -10.36, -19.79, -27.37, -0.30, 0.01, 0.85, 0.20, 17.63, 25.95, 2
17:58:14.148 -> 40, 2.83, 0.37, -1.49, -38.26, -7.34, -11.02, 1.50, -0.68, -1.47, -8.41, -18.82, -38.60, 1.20, 1.81, 1.60, -0.29, 4.94, 18.13, 2
17:58:14.197 -> 41, 1.78, -0.23, -0.89, -30.44, -6.85, -6.63, 0.90, -0.38, -2.07, -15.73, -15.89, -19.07, 1.05, 1.21, 1.75, -11.03, 14.21, 23.02, 2
17:58:14.197 -> 42, 1.93, 0.37, 0.01, -34.35, 0.96, -12.49, 1.95, 0.07, -0.72, -13.29, -22.24, -29.33, 1.65, 1.06, 1.60, -14.45, 2.50, 22.04, 2
17:58:14.197 -> 43, 1.63, 1.42, 0.91, -29.96, -7.34, -16.39, -0.15, 0.07, -1.92, -11.34, -22.72, -27.86, 0.45, 1.36, 1.60, -16.40, 17.63, 29.85, 2
17:58:14.197 -> 44, 2.98, 0.97, -0.59, -33.37, 8.77, -9.56, 0.75, -0.23, -1.02, -9.39, -19.31, -21.03, 1.65, 0.31, 0.10, -10.05, 22.03, 24.97, 2
17:58:14.197 -> 45, 1.18, -0.08, -1.04, -37.77, 5.84, -13.46, 0.30, 0.07, -1.47, 4.78, -11.98, -22.00, 0.15, 0.91, 1.30, -4.68, 0.54, 17.65, 2
17:58:14.244 -> 46, 1.78, 0.97, -0.89, -26.54, 9.75, -10.04, 0.45, -0.08, -1.62, -19.64, -2.22, -29.33, 0.15, 1.96, 1.75, -19.82, 0.54, 35.22, 2
17:58:14.244 -> 47, 1.78, 0.97, -0.89, -38.26, 7.31, -8.58, 0.45, -0.08, -0.87, -6.94, -16.87, -16.63, 0.75, 1.06, 1.60, -0.29, 3.47, 23.99, 2
17:58:14.244 -> 48, 1.78, 0.52, 0.31, -42.65, -2.94, -20.79, 0.45, -0.38, -2.07, -6.46, -4.66, -29.81, 0.45, 2.11, 0.40, -30.56, 15.68, 27.90, 2
17:58:14.244 -> 49, 2.23, 0.52, -1.34, -42.65, 5.36, -19.81, 0.15, -0.83, -1.62, -0.60, -3.68, -29.33, 1.65, 1.06, 1.15, -12.01, 18.12, 12.76, 2
17:58:14.292 -> 50, 0.88, 0.97, -0.59, -38.26, -0.50, -11.51, 1.05, -0.68, -1.92, -12.80, -7.10, -33.72, -0.75, 1.06, 1.60, 3.62, 5.91, 16.67, 2
17:58:14.292 -> 1, 2.83, 0.37, -0.74, -29.47, 2.92, -17.86, 0.90, -0.08, -2.82, -2.06, -23.70, -23.96, -1.20, 0.01, -0.35, 18.76, 27.40, 187.08, 2
17:58:14.292 -> 2, 2.68, 0.07, -0.89, -39.23, -11.73, -15.90, 1.35, -0.38, -1.62, -21.59, -16.38, -18.10, -0.30, 0.01, 0.40, -16.89, 15.68, 133.37, 2
17:58:14.292 -> 3, 2.83, 0.67, -0.74, -32.89, 1.94, -16.39, 0.90, -0.38, -4.02, -8.41, -17.35, -17.12, -0.30, 1.36, 1.90, -84.76, -1.90, 44.01, 2
17:58:14.339 -> 4, 1.78, 0.97, -1.34, -28.98, 0.96, -10.53, 2.55, 0.37, -3.57, 3.31, -5.15, -27.37, 0.45, 1.06, 2.65, -10.05, 8.35, 102.12, 2
17:58:14.339 -> 5, 2.83, -0.38, -1.94, -33.86, 18.54, -19.81, 1.35, -0.38, -2.82, -3.53, -12.47, -25.91, -0.75, 1.36, 2.65, -24.70, 9.33, 78.68, 2
17:58:14.339 -> 6, 2.68, -0.68, -2.09, -35.82, -9.29, -1.74, 1.95, -1.43, -2.22, -13.29, -26.14, -24.44, -1.50, 1.06, 2.65, -78.41, -1.41, 3.97, 2
17:58:14.339 -> 7, 1.78, -0.23, -1.34, -36.30, -1.97, -8.09, 3.30, -0.38, -3.57, -4.01, -16.87, -22.49, -0.90, 0.16, 3.55, -24.21, 1.03, 45.48, 2
17:58:14.388 -> 8, 1.93, -0.08, -0.74, -31.91, -2.94, -13.46, 1.95, 0.52, -2.67, 5.26, -9.05, -23.96, -0.60, -0.14, 2.50, -6.64, 22.03, 48.41, 2
17:58:14.388 -> 9, 1.78, -0.68, -2.09, -18.24, -4.41, -13.95, 2.25, -0.23, -1.47, -0.60, -23.70, -22.00, -1.80, -0.14, 1.30, -49.12, 0.05, 19.60, 2
17:58:14.388 -> 10, 1.93, 0.37, -0.74, -25.56, -2.94, -9.07, 1.35, -0.08, -0.87, -10.36, -4.17, -22.98, 0.15, -0.14, 1.00, -11.52, 12.75, 25.95, 2
17:58:14.388 -> 11, 1.78, 0.07, -0.14, -37.28, -4.41, -10.53, 0.90, -0.83, -0.87, -4.50, -16.38, -32.26, 0.45, -0.74, -1.10, -1.75, 10.80, 41.08, 2
17:58:14.388 -> 12, 0.58, 1.72, -1.64, -39.23, -3.43, -10.53, -0.90, -0.98, -1.92, -7.43, -18.33, -23.96, 1.05, 0.91, -0.50, -22.26, -1.90, 12.76, 2
17:58:14.434 -> 13, 0.88, 1.72, 0.31, -19.70, -0.50, -8.58, -1.20, -2.33, -0.12, -3.53, -4.66, -29.81, 1.65, -0.44, 0.10, -32.51, 26.42, -0.91, 2
17:58:14.434 -> 14, 1.78, 2.47, -0.89, -39.72, 0.96, -31.53, 0.30, -1.43, -1.47, -52.35, -5.15, 22.43, 3.30, 0.46, -0.80, 100.30, 28.37, 12.76, 2
17:58:14.434 -> 15, 2.38, 1.42, 0.01, -24.10, 1.45, -23.23, 0.75, -0.98, -2.22, -10.36, -21.26, -20.05, 3.60, 2.11, -0.65, -18.84, -15.57, -74.15, 2
17:58:14.434 -> 16, 1.93, 1.12, -1.49, -2.12, 15.61, -11.51, -0.15, -2.48, -1.92, 7.70, -15.40, -22.98, 3.15, 2.56, 1.60, 24.13, 23.00, -30.69, 2
17:58:14.481 -> 17, 1.93, 2.32, 0.01, -20.68, 9.26, -48.62, 0.15, -1.88, -2.07, 20.40, -54.95, 19.01, 5.70, 1.66, 1.30, 29.99, 90.39, 7.88, 2
17:58:14.481 -> 18, 1.78, 1.27, -0.59, -22.63, 3.40, -9.07, -0.15, -3.23, -1.92, 37.00, -34.93, -59.60, 4.35, 2.56, 0.85, 45.61, 2.98, 2.51, 2
17:58:14.481 -> 19, 1.78, 2.02, -0.59, -29.96, -0.50, -9.56, -0.75, -2.33, -2.07, -15.73, -11.98, -29.81, 3.15, 4.06, 0.10, -6.64, 2.01, -7.26, 2
17:58:14.481 -> 20, 1.93, 1.42, -0.74, -27.03, 1.45, -14.44, -1.50, -1.13, -2.07, -6.46, -15.40, -27.37, 3.30, 1.96, 2.50, 89.56, 25.44, 90.40, 2
17:58:14.529 -> 21, 1.93, 1.12, -0.29, -29.96, 0.96, -12.00, -0.60, -1.73, -2.22, 5.26, -15.89, -13.70, 1.35, 0.46, 1.00, 50.98, 15.19, 44.50, 2
17:58:14.529 -> 22, 1.18, 1.12, 1.66, -20.68, -7.34, -22.25, 1.05, -1.43, -1.92, 5.75, -15.40, -23.96, 1.35, 1.21, 1.30, -10.05, 3.47, -16.53, 2
17:58:14.529 -> 23, 0.88, 0.97, 0.31, -31.42, 3.40, -9.07, -0.15, -1.43, -1.02, -2.55, -7.59, -32.26, 0.75, 0.31, 0.85, 42.19, 15.19, 34.25, 2
17:58:14.529 -> 24, -0.47, -0.08, 0.46, -27.03, 11.22, -14.44, 0.75, -0.68, -1.02, -7.43, -21.75, -17.12, -0.00, 1.36, 0.40, 21.20, 12.75, 28.39, 2
17:58:14.576 -> 25, 2.23, 0.97, -0.14, -37.77, 1.94, -23.72, -0.15, -0.68, -1.92, -15.24, 1.69, -29.33, 1.20, 0.76, 1.15, -20.31, -10.69, -15.56, 2
17:58:14.576 -> 26, 1.18, 0.67, -0.29, -30.44, 16.59, -14.93, 0.45, -0.38, -0.87, -6.46, 1.20, -20.05, 1.65, 1.06, 1.60, 4.59, 12.75, 8.86, 2
17:58:14.576 -> 27, 0.58, -0.23, -0.14, -29.96, 9.75, -9.07, 0.15, 0.67, -1.62, 2.82, -16.87, -19.56, 1.35, 0.46, 0.25, 17.29, 22.03, 21.55, 2
17:58:14.576 -> 28, 1.78, 0.07, -0.59, -28.00, -4.90, -2.23, -0.15, -0.68, -1.02, 3.31, -18.82, -18.10, 0.60, -0.14, 0.25, -19.82, 5.91, -7.74, 2
17:58:14.623 -> 29, 0.13, -0.98, 0.31, -39.72, 12.68, -6.63, 1.50, -0.68, -1.47, -3.04, -11.49, -28.84, 1.05, 0.91, 1.75, -6.15, 4.94, 5.44, 2
17:58:14.623 -> 30, 1.18, 0.37, -1.49, -36.30, -4.41, 2.65, 2.10, -1.13, -1.62, -4.99, -10.52, -21.03, -0.15, 0.91, 1.00, 9.97, -0.43, 23.51, 2
17:58:14.623 -> 31, 2.68, 0.52, -0.59, -28.49, -8.80, -5.16, 1.35, 0.37, -1.62, -0.11, -15.89, -13.21, 1.05, 0.91, 1.00, -18.35, 4.45, 8.86, 2
17:58:14.623 -> 32, 0.58, 0.97, -0.89, -29.96, -3.43, -10.04, 0.45, -1.13, -2.37, -8.41, -15.40, -24.44, 1.20, -0.44, 0.85, -12.98, -2.39, 16.67, 2
17:58:14.623 -> 33, 2.23, 0.97, -0.14, -24.10, -8.32, -13.95, 0.30, -0.23, -1.92, -13.29, -17.84, -16.14, 0.15, -0.14, 1.00, -6.15, 10.80, 25.46, 2
17:58:14.671 -> 34, 1.63, 1.12, -0.74, -38.26, 1.94, -18.34, 1.05, 0.82, -0.27, -2.55, -18.82, -28.84, 0.45, 0.76, 1.60, -0.29, 0.05, 15.21, 2
17:58:14.671 -> 35, 1.93, 1.12, -1.04, -18.24, 1.45, -27.13, 0.45, 0.37, -0.12, -9.39, -11.49, -9.79, 1.80, 1.66, 1.00, -14.94, 15.68, 10.32, 2
17:58:14.671 -> 36, 0.58, 0.07, 0.31, -30.93, 5.36, -26.65, 0.45, -0.83, -0.87, 11.12, -11.49, -14.68, -0.00, 0.76, 1.60, 7.04, -0.92, 21.55, 2
17:58:14.671 -> 37, 0.73, -0.08, 0.01, -32.40, -4.41, -11.02, 0.75, -0.68, -1.02, 0.87, -16.87, -16.14, 0.60, 1.21, 1.30, 5.08, 9.82, 19.60, 2
17:58:14.718 -> 38, 1.63, -0.08, -0.29, -28.49, 2.43, -12.97, 1.35, 0.67, -0.12, -10.36, -9.54, -25.91, 0.45, 1.36, 1.15, -10.05, 9.33, 18.13, 2
17:58:14.718 -> 39, 1.78, 1.27, -1.64, -30.93, -1.97, -22.25, 1.05, 0.52, -1.02, -13.78, -21.75, -28.35, 1.05, 1.21, -0.50, -8.59, 12.75, 10.81, 2
17:58:14.718 -> 40, -0.32, 0.07, -0.14, -29.47, -2.46, -12.49, 0.30, -0.23, -1.92, 11.61, -7.10, -24.44, 0.45, 0.31, 1.15, -12.98, 9.33, 15.21, 2
17:58:14.718 -> 41, 1.18, 1.42, -0.29, -29.96, -2.94, -5.65, 0.45, -1.58, -1.32, -6.94, -13.45, -29.81, 0.45, 0.76, 1.15, -0.29, 2.01, 12.76, 2
17:58:14.766 -> 42, 1.93, 1.12, 0.01, -26.05, -7.34, -14.44, 0.75, -0.68, -0.72, -12.80, -12.96, -6.87, 0.60, 0.91, 0.70, -12.01, 4.45, 7.39, 2
17:58:14.766 -> 43, -0.17, 0.67, -1.49, -39.72, -6.85, -17.37, 0.90, -0.08, -0.12, -16.22, -7.10, -22.49, -0.60, -0.14, 0.70, -9.08, -5.81, 10.81, 2
17:58:14.766 -> 44, 1.78, 1.27, -0.89, -39.72, -6.85, -3.70, 1.35, -0.83, -1.62, -4.50, -5.63, -33.23, 1.35, 0.16, 1.30, -8.59, 10.80, 14.72, 2
17:58:14.766 -> 45, 1.78, 1.27, -1.34, -37.28, 6.33, -2.23, 0.75, -1.43, -1.92, -7.43, -12.96, -26.88, 0.75, 0.01, 1.90, 2.15, 4.94, 18.62, 2
17:58:14.814 -> 46, 2.68, 0.07, -0.14, -28.98, 2.92, -14.44, 0.75, -1.43, -1.92, -3.04, -19.79, -8.82, -0.15, 0.16, 0.70, -2.73, -4.34, 16.18, 2
17:58:14.814 -> 47, 1.93, 1.12, -1.94, -15.80, 5.36, -2.72, 0.45, -0.83, -0.87, -12.80, -8.08, -26.88, 0.75, 0.31, 0.85, 6.55, 3.96, 22.04, 2
17:58:14.814 -> 48, 1.33, 0.07, -0.89, -26.54, -8.32, -3.21, 0.30, 0.07, -2.22, -3.04, -8.08, -27.37, 0.60, 1.66, 1.30, -11.52, 8.35, 14.72, 2
17:58:14.814 -> 49, 1.33, 0.97, 0.61, -29.47, 2.43, -20.30, 0.45, 0.67, -1.32, -9.87, -9.54, -15.65, 1.05, 1.21, 1.30, -8.59, 11.77, 20.58, 2
17:58:14.814 -> 50, 3.43, 0.97, -2.09, -32.89, -11.25, -13.46, 0.30, 0.07, -1.47, -7.43, -8.56, -19.07, 1.35, -0.14, 0.70, -5.17, -3.85, 21.06, 2
17:58:14.847 -> 1, 2.38, 1.42, -3.44, -31.91, -7.83, -17.37, 3.15, -0.68, -1.02, -5.97, -15.40, -6.87, 0.75, 1.06, 1.90, -5.17, 19.58, 101.63, 2
17:58:14.847 -> 2, 2.98, 1.72, -4.49, -25.56, -3.92, -0.77, 3.75, -2.33, -1.62, -15.24, -21.26, -18.10, -0.90, -0.59, 2.05, -95.99, -19.97, 3.97, 2
17:58:14.847 -> 3, 2.23, 2.47, -4.04, -35.82, 6.33, -12.49, 3.45, -3.68, 0.03, -9.87, -14.42, -24.93, 1.20, -0.44, 1.60, -32.03, 4.45, 47.43, 2
17:58:14.894 -> 4, 4.33, 1.72, -6.89, -14.33, -1.48, -1.26, 2.70, -4.73, -0.72, -8.41, -5.63, -10.28, 0.60, 0.46, 1.00, -1.75, 16.66, 59.64, 2
17:58:14.894 -> 5, 7.03, 2.62, -7.79, 17.41, -30.29, 213.10, 1.95, -5.48, -0.27, 117.08, -2.71, -106.96, 0.45, 0.01, 1.60, -123.82, -21.43, -10.19, 2
17:58:14.894 -> 6, 7.63, 3.22, -10.34, -9.45, 12.68, -82.31, 1.35, -5.03, -1.32, -73.84, 6.08, 29.27, 0.60, 0.91, 2.05, -41.79, -7.27, 57.69, 2
17:58:14.894 -> 7, 7.48, 3.07, -8.54, -4.57, 3.40, -2.72, 1.95, -3.68, -1.47, -65.54, -23.70, -38.12, 0.60, 0.16, 1.00, 3.62, -7.27, 63.54, 2
17:58:14.942 -> 8, 4.33, 1.27, -5.99, -24.10, 1.45, -15.42, 1.95, -3.98, -0.27, -57.24, 13.90, -55.69, 1.05, 1.21, 1.75, -15.42, -6.78, -39.97, 2
17:58:14.942 -> 9, 2.83, 1.12, -1.49, -12.38, 7.31, -7.60, 2.10, -0.83, -1.32, 25.77, -17.35, -24.93, 0.75, 0.76, 1.15, 0.69, 13.73, -32.16, 2
17:58:14.942 -> 10, 1.78, 0.97, -0.89, -31.42, 8.77, -13.95, 1.50, 0.07, -1.02, -9.87, -8.56, -21.51, 0.15, 1.96, 1.00, 12.90, 3.96, -14.58, 2
17:58:14.942 -> 11, 1.93, 0.67, -2.24, -24.58, -5.87, -8.58, 0.30, -0.68, -1.47, -5.97, -19.31, -14.68, -0.75, -0.44, 0.40, -27.63, -12.15, -46.32, 2
17:58:14.990 -> 12, 1.33, 1.27, -0.59, -22.63, -3.92, -25.18, 0.90, -0.38, -0.87, -2.06, -6.12, -22.98, 0.60, 0.91, -0.05, -7.12, 7.38, -29.72, 2
17:58:14.990 -> 13, 1.93, -0.08, -0.29, -17.75, 4.38, -22.25, -0.15, -1.73, -1.47, -11.83, -3.19, -15.65, -0.60, 1.21, -0.05, 12.90, 16.17, 12.76, 2
17:58:14.990 -> 14, 1.18, -0.08, -0.29, -12.38, -8.80, -12.97, 0.45, -0.08, -0.12, 3.80, -0.75, -23.47, -0.00, 1.81, 0.10, -19.82, 0.54, 1.53, 2
17:58:14.990 -> 15, 1.33, 1.72, -1.34, -35.82, 1.94, -16.88, 0.30, 0.82, -1.02, -19.15, -7.10, -13.70, 0.60, 0.46, 1.30, -15.42, 14.70, 5.93, 2
17:58:15.037 -> 16, 1.93, 0.67, 0.46, -28.00, 7.31, -8.58, 0.90, -0.08, -1.62, -0.60, -6.61, -24.44, 0.75, 0.76, 1.90, 12.41, 15.19, 16.18, 2
17:58:15.037 -> 17, 1.63, 1.42, 0.01, -25.07, 11.70, -15.90, 0.45, -0.38, -0.87, -4.50, -19.79, -22.49, 0.60, -0.59, -0.05, 11.92, 6.40, 21.55, 2
17:58:15.037 -> 18, 2.23, 1.72, -0.89, -22.63, 6.82, -6.63, 0.90, -0.08, -0.87, -6.94, -19.31, -14.19, 1.05, -0.14, 0.25, -14.94, 0.54, 0.56, 2
17:58:15.037 -> 19, 2.23, 0.07, -1.34, -36.30, 2.92, -17.86, 0.90, -0.08, -0.57, 11.12, -11.49, -4.42, 0.75, 1.06, 0.85, 6.55, 11.77, 16.18, 2
17:58:15.037 -> 20, 1.18, 0.37, -0.29, -34.84, -0.01, -7.11, 1.50, -0.68, -1.02, -10.36, -13.45, -15.65, -0.30, 0.31, 0.40, 7.52, 2.50, 13.74, 2
17:58:15.085 -> 21, 1.78, 1.27, -0.59, -38.26, 6.82, -18.34, 0.30, -0.98, -1.47, -5.48, -4.66, -23.47, -0.00, 1.06, 0.40, -18.84, -5.32, 18.62, 2
17:58:15.085 -> 22, 2.83, 0.37, -0.29, -22.14, -9.78, -20.30, 0.75, 0.52, -1.02, -4.99, -15.89, -12.24, 0.75, 1.36, 0.85, 2.64, 18.12, 10.32, 2
17:58:15.085 -> 23, 1.18, 1.12, -1.49, -26.05, 1.45, -30.06, 0.15, -1.13, 0.18, 0.38, -24.68, -20.05, -1.35, 0.91, 1.00, -6.64, -0.43, 17.65, 2
17:58:15.085 -> 24, 1.78, 1.72, -0.59, -20.19, 0.47, -19.81, 1.95, -1.73, -1.02, -0.11, -3.19, -10.28, 1.05, 1.66, 0.70, -8.10, -0.43, 5.93, 2
17:58:15.133 -> 25, 0.88, 2.02, -0.14, -21.17, 10.24, -20.30, 1.35, 0.37, -2.07, -7.92, -13.45, -23.47, 1.20, 0.76, 0.40, -1.26, 1.03, 13.74, 2
17:58:15.133 -> 26, 2.23, 0.97, -1.64, -26.05, -8.80, -22.25, 1.50, 0.82, -0.72, -4.01, -12.47, -22.00, -0.30, 1.06, -0.35, -0.78, -0.92, 13.25, 2
17:58:15.133 -> 27, -0.32, 0.67, 0.01, -27.51, -5.39, -15.42, -0.15, -0.23, -0.72, 3.80, -13.94, -11.75, 1.20, 0.76, 0.85, -12.49, -3.85, 18.62, 2
17:58:15.133 -> 28, 0.58, 0.97, -1.34, -38.26, 1.94, -13.46, 1.05, -0.98, -1.92, -13.29, -8.56, -19.56, 1.05, 0.91, 1.00, -13.47, 7.38, 15.21, 2
17:58:15.133 -> 29, 2.68, 0.97, -0.89, -23.61, 7.80, -12.49, 1.05, 0.07, -2.67, -7.43, 0.22, -15.17, 0.75, 1.06, 1.60, -13.47, 3.96, 14.23, 2
17:58:15.181 -> 30, 0.58, -0.23, 0.31, -35.82, -0.99, -4.18, 0.90, -0.08, -1.32, 1.36, -2.71, -15.17, 0.45, 1.36, 0.40, -5.66, 18.12, 8.86, 2
17:58:15.181 -> 31, -0.77, 0.97, -0.14, -28.98, -3.92, -13.46, -0.30, -0.08, -1.32, 5.26, -6.12, -8.82, 0.60, 0.16, 1.30, -12.49, 7.38, 11.79, 2
17:58:15.181 -> 32, 1.33, 0.52, -1.34, -35.33, 4.87, -13.46, 0.45, -1.58, -1.32, -4.99, -21.75, -12.72, 1.05, 0.91, 0.25, 1.18, 7.87, 7.88, 2
17:58:15.181 -> 33, 0.13, -0.68, -1.34, -24.10, -10.27, -16.88, 0.15, -1.13, -0.87, -9.87, -27.12, -14.68, 0.45, 1.81, 1.15, -0.78, 3.47, 15.21, 2
17:58:15.229 -> 34, 2.23, 1.27, -1.34, -32.89, -5.39, -6.14, 0.90, -0.83, -0.57, -6.46, -18.82, -18.58, 1.05, 0.46, 0.70, -21.28, 11.28, 8.86, 2
17:58:15.229 -> 35, 0.88, 0.07, -0.14, -29.96, -3.43, -15.90, 0.75, -0.68, -1.47, -9.87, -11.49, -22.49, 1.65, 0.01, 1.15, -9.57, 2.01, 6.90, 2
17:58:15.229 -> 36, 1.93, 0.37, -0.29, -18.24, 8.29, -22.25, 0.15, -0.83, -1.32, -14.76, -13.94, -10.28, 0.75, 1.06, -0.35, 5.08, 2.50, 15.21, 2
17:58:15.229 -> 37, 2.38, -0.08, -0.29, -37.77, 1.94, -12.97, 0.90, -0.83, -1.62, -14.27, -11.98, -24.44, 0.75, 0.31, 0.85, -12.98, -0.92, 23.99, 2
17:58:15.277 -> 38, 1.93, -0.38, 0.46, -34.35, 7.31, -17.37, 1.05, -1.43, -1.02, -19.64, -9.05, -14.68, 1.65, 0.31, 0.85, -10.05, -0.43, 16.67, 2
17:58:15.277 -> 39, 0.88, 0.97, -1.34, -20.19, 1.94, -12.97, 1.65, -0.38, -0.57, -11.34, -19.31, -24.93, 0.15, 0.91, 1.30, -18.84, 7.38, 12.76, 2
17:58:15.277 -> 40, 1.33, 0.97, -0.59, -26.05, 4.87, -16.88, 1.35, 0.67, -1.32, 8.68, -19.31, -16.63, 0.75, 0.31, 1.60, -15.91, -6.78, 14.72, 2
17:58:15.277 -> 41, 1.33, 1.72, -1.64, -19.21, 5.84, -26.16, 0.45, 0.37, -1.32, -19.15, -15.40, -24.93, 0.75, 1.06, 1.15, -7.61, 3.96, 19.60, 2
17:58:15.325 -> 42, 0.88, 0.52, -1.34, -20.68, 5.36, -10.04, 0.75, 0.82, -1.02, -7.92, -20.28, -23.47, 1.05, 0.16, 1.30, -10.05, 9.82, 4.95, 2
17:58:15.325 -> 43, 1.33, -0.68, -1.34, -28.00, -1.97, -23.23, 1.05, -0.68, -1.47, -9.39, -12.96, -24.93, -1.20, 1.81, -1.10, -1.26, 8.84, 9.35, 2
17:58:15.325 -> 44, 2.68, 0.97, -0.14, -34.35, -4.41, -5.65, 0.90, -0.38, 0.63, 3.80, -17.35, -17.12, 0.45, 1.06, 1.60, -6.64, 0.05, 23.99, 2
17:58:15.325 -> 45, 1.18, 1.42, -1.04, -28.98, -1.48, -22.74, 0.30, -0.98, -0.72, -6.94, -2.71, -15.17, -0.00, -0.44, 0.10, -12.49, -1.41, 18.13, 2
17:58:15.372 -> 46, 1.33, 0.07, -0.89, -28.49, 5.84, -12.49, 1.35, -0.08, -1.32, -3.04, -5.63, -18.10, 0.75, 0.76, 0.10, -12.98, 7.87, 5.44, 2
17:58:15.372 -> 47, 1.63, 0.37, -1.49, -20.68, 9.26, -7.11, 1.35, -0.83, -2.37, -10.36, -22.24, -15.17, -0.90, 1.66, -0.50, -16.89, 1.52, 25.95, 2
17:58:15.372 -> 48, 0.88, 0.97, -1.34, -35.82, 10.73, -12.00, -0.15, -1.43, -1.47, -9.87, -4.17, -13.70, 1.35, -0.14, 1.75, -1.75, 16.17, 15.69, 2
17:58:15.372 -> 49, 2.23, 1.27, 1.06, -28.00, 2.92, -8.09, 0.30, 0.52, -2.67, -5.97, -5.63, -19.56, 1.05, 1.21, 0.25, -3.71, -7.76, 7.88, 2
17:58:15.372 -> 50, 1.93, 0.67, 0.01, -26.54, -1.48, -23.72, 0.30, -0.23, -1.02, -4.01, -10.52, -24.44, 0.75, 0.31, 0.85, -11.52, 2.01, 15.69, 2
17:58:15.419 -> 1, 2.68, 0.52, -2.54, -38.26, -18.08, -12.49, 3.30, -2.63, -2.07, -3.53, -7.59, -34.70, 0.45, 0.31, 1.90, -31.05, -0.92, 61.10, 2
17:58:15.419 -> 2, 3.43, 2.02, -3.29, -29.96, -7.83, -23.23, 2.85, -2.33, -2.37, -29.89, -24.68, -15.65, -0.30, -0.74, 2.65, -13.47, -4.34, 54.76, 2
17:58:15.419 -> 3, 2.83, 1.42, -3.44, -28.98, 0.47, -17.86, 2.25, -1.73, -0.72, -14.76, -1.24, -26.40, 0.15, 0.16, 1.75, -13.47, 2.50, 45.48, 2
17:58:15.419 -> 4, 3.43, 1.27, -2.09, -32.89, -1.48, -4.67, 1.95, -1.73, -1.47, -9.39, -7.10, -20.54, -0.60, 1.21, 2.05, -12.01, 7.38, 42.55, 2
17:58:15.466 -> 5, 1.93, 0.67, 1.66, -17.26, 12.68, -13.95, 1.35, -0.08, -1.62, 2.82, -21.75, -18.10, -0.15, 0.46, 1.75, -20.80, 14.70, 30.83, 2
17:58:15.466 -> 6, 2.83, -1.58, 6.01, 10.08, -39.57, 183.80, 0.75, 1.27, -4.17, 207.90, -9.05, -120.15, 0.60, 0.16, 2.05, -95.50, -22.41, -21.90, 2
17:58:15.466 -> 7, 4.93, -3.23, 9.46, -37.77, 11.70, -26.16, 2.85, 2.92, -5.07, -82.63, -19.31, 39.03, -0.60, 0.46, 1.75, -41.30, -14.59, -5.30, 2
17:58:15.466 -> 8, 5.98, -0.68, 7.81, -20.19, -8.80, -14.44, 2.85, 1.87, -4.32, -13.78, -20.28, -2.96, 0.60, -0.14, 1.75, -70.11, 12.75, -37.04, 2
17:58:15.514 -> 9, 6.58, -0.08, 4.36, -39.23, -22.96, 45.62, 2.10, 1.87, -4.77, 0.38, 6.57, -46.90, -1.35, 0.16, 0.25, -115.03, -33.15, 21.55, 2
17:58:15.514 -> 10, 3.28, 0.67, 1.66, -32.40, 3.40, -8.58, -0.30, 1.87, -2.82, -33.80, -9.05, 21.46, -1.35, 0.91, 0.70, -8.59, -6.78, 121.65, 2
17:58:15.514 -> 11, 0.28, 0.37, 0.91, -43.63, -0.50, -13.46, 1.05, -0.23, -1.47, 22.35, -18.33, -10.77, -0.60, 1.21, 0.25, -26.17, 18.12, 108.47, 2
17:58:15.514 -> 12, 0.88, 0.07, -0.59, -25.56, -2.94, -17.86, -0.15, 0.52, -0.72, -6.46, -6.61, -8.82, -0.60, 0.16, -0.05, -52.53, 0.54, 54.76, 2
17:58:15.564 -> 13, 0.28, 1.42, -1.94, -18.73, -1.97, -8.09, 1.05, -0.98, 0.03, -4.01, -10.52, -20.05, 1.65, 0.31, 0.40, -5.17, 10.80, 85.03, 2
17:58:15.564 -> 14, 1.18, 0.37, -0.29, -18.73, -4.90, -8.58, 0.90, -0.38, -0.87, -9.87, -16.87, -27.37, 0.45, 1.06, 0.10, -21.77, 12.75, 62.57, 2
17:58:15.564 -> 15, 0.28, 0.37, -1.04, -27.03, -13.20, -18.83, -0.15, -0.68, -1.47, -12.31, -21.26, -21.03, 0.60, 1.21, 1.30, -49.12, -3.36, 34.25, 2
17:58:15.564 -> 16, 1.18, 0.67, -0.74, -23.12, 3.89, -11.51, 0.90, 0.37, -0.12, -2.06, -19.79, -11.75, 0.75, 1.06, 0.85, -12.98, -6.29, 45.48, 2
17:58:15.564 -> 17, -0.17, 0.67, -0.74, -16.77, 6.33, -28.11, -0.60, 0.52, -1.02, -4.99, -15.40, -15.65, 0.15, -0.14, -0.05, -16.40, 6.40, 37.67, 2
17:58:15.610 -> 18, 1.78, 0.07, -0.89, -22.63, -3.43, -12.97, 1.35, -0.08, -1.62, 10.63, -9.05, -13.70, 0.15, 0.46, 1.00, -37.89, -3.36, 8.86, 2
17:58:15.610 -> 19, 0.73, -0.08, -0.29, -14.82, -2.94, -4.18, 0.75, 0.07, -1.92, -19.15, -8.56, -20.05, 0.15, 1.66, 0.25, -19.82, -0.92, 22.04, 2
17:58:15.610 -> 20, 1.63, -0.08, -0.29, -35.33, 1.45, -15.42, 0.75, 0.82, -0.72, -2.55, -12.47, -17.61, -0.30, 0.31, 0.40, 5.57, 2.98, 21.55, 2
17:58:15.610 -> 21, 1.63, 1.12, -1.04, -27.03, 0.96, -3.70, 0.90, 0.67, -0.57, -5.97, -12.47, -20.54, 2.55, 0.91, 2.05, -5.66, -0.43, 19.11, 2
17:58:15.659 -> 22, 0.73, 1.12, -0.29, -34.84, 0.96, -7.11, 0.45, -0.83, -0.12, 2.82, -26.14, -19.56, 0.75, 0.31, 1.60, -25.19, 11.77, 11.30, 2
17:58:15.659 -> 23, 1.18, -0.38, -0.74, -37.77, 1.94, -8.09, 0.30, -0.23, -1.02, -12.80, -6.61, -14.19, -0.15, -0.14, 2.05, -5.17, 0.54, 19.11, 2
17:58:15.659 -> 24, 0.88, 1.27, -0.14, -31.42, -2.46, -18.34, -0.75, 0.37, -0.57, 1.36, -13.45, -17.61, 0.60, 0.91, 1.00, -7.61, -1.41, 9.35, 2
17:58:15.659 -> 25, 0.73, 0.67, -0.74, -23.12, 13.66, -17.86, -0.30, 0.37, -2.07, 6.24, -11.01, -23.47, 1.05, 0.16, 0.25, -18.35, 14.21, 7.88, 2
17:58:15.705 -> 26, 2.38, 1.42, -1.49, -22.14, 10.73, -8.58, 0.75, 1.57, -1.92, 1.36, -10.52, -10.28, -0.30, -0.44, 1.60, -17.38, 9.82, 14.23, 2
17:58:15.705 -> 27, 0.73, 0.37, -0.74, -26.54, 10.73, -13.46, 1.05, -0.68, -1.47, 5.75, -3.68, -14.68, 0.15, 0.91, 1.00, -7.61, 2.01, 11.30, 2
17:58:15.705 -> 28, 1.18, 0.67, -0.74, -28.00, -2.46, -18.34, 0.45, -0.08, -0.12, 4.29, -25.65, -24.44, 0.60, 0.46, 0.25, -12.98, 7.38, 8.86, 2
17:58:15.705 -> 29, 1.78, 0.07, -0.59, -16.77, -9.78, -0.77, 1.05, -0.23, -1.47, -6.94, -15.40, -8.82, 0.45, 0.31, 0.85, -9.57, 5.91, 6.42, 2
17:58:15.705 -> 30, 1.78, 0.07, -1.34, -24.10, -3.43, -7.60, 0.30, -0.23, -1.02, -5.97, -16.87, -10.77, 1.20, 1.06, 1.60, -10.05, -0.92, 19.60, 2
17:58:15.753 -> 31, 0.73, 1.12, -0.29, -21.17, -3.92, -15.90, 0.30, -0.68, -1.02, -6.94, -3.68, -14.19, 1.65, 2.11, 0.85, -16.40, 7.38, 13.74, 2
17:58:15.753 -> 32, 1.93, -0.08, -0.74, -24.10, 6.82, -13.46, 0.75, 0.52, -1.02, 6.73, -12.96, -13.21, 0.75, 0.31, 0.40, -7.61, -4.83, -0.91, 2
17:58:15.753 -> 33, 0.73, 0.37, -1.94, -31.42, -6.36, -18.83, 0.15, 0.67, -1.32, -14.27, -6.61, -17.12, 0.75, 0.01, 0.85, 2.64, 5.91, 6.90, 2
17:58:15.753 -> 34, 0.73, 0.37, -1.04, -18.24, -9.78, -12.49, -0.30, -0.08, -2.07, -1.08, -14.42, -8.82, -0.00, 1.36, -0.65, 4.11, 10.80, 11.30, 2
17:58:15.801 -> 35, 1.18, -0.08, -0.74, -20.68, -3.43, -15.42, -0.15, -0.68, -0.72, -2.55, -18.33, -21.51, 1.05, 0.46, 1.30, -15.91, 5.91, 17.16, 2
17:58:15.801 -> 36, 1.33, 0.97, -0.14, -27.51, 4.38, -18.83, 1.65, -0.83, -0.12, -5.97, -8.08, -19.07, 0.45, 0.76, 0.85, -12.49, 5.91, 12.28, 2
17:58:15.801 -> 37, 0.88, 0.52, -0.89, -22.14, -0.01, -13.46, -0.15, -0.23, -1.47, 5.75, -7.10, -15.65, 1.05, 1.66, 1.75, -1.75, 0.54, 8.37, 2
17:58:15.801 -> 38, 1.33, 0.52, -1.64, -13.35, 13.17, -12.00, 0.30, -0.23, -1.02, -4.99, -14.91, -3.94, -0.60, 1.21, 0.25, -6.15, 12.75, 17.16, 2
17:58:15.850 -> 39, 1.63, -0.38, -0.29, -15.80, -4.41, -21.27, 0.30, 0.52, -1.47, -7.43, -4.66, -12.24, 1.65, 0.76, 0.85, -10.05, 3.96, 3.49, 2
17:58:15.850 -> 40, 0.88, 0.07, 0.31, -12.87, -3.92, -14.44, 0.45, -0.08, -0.87, -1.08, -8.08, -14.19, 0.45, 1.81, 0.10, -7.61, 1.52, 9.83, 2
17:58:15.850 -> 41, 1.78, 0.97, -0.89, -22.63, 4.87, -23.72, 0.75, -0.23, -0.72, -3.53, -10.03, -17.61, 1.20, 0.31, 0.85, -1.75, 4.94, 13.25, 2
17:58:15.850 -> 42, 0.88, 0.07, 0.31, -24.10, -3.92, -20.79, 0.90, -0.83, -2.07, -3.53, -6.12, -15.65, 0.60, 0.46, 1.30, -6.64, 21.54, -4.33, 2
17:58:15.850 -> 43, 1.63, 1.42, -1.49, -13.84, 3.40, -2.23, -0.30, -1.58, -0.57, -0.60, -13.45, -18.10, 1.65, 1.06, 1.15, 8.99, 11.77, 15.69, 2
17:58:15.896 -> 44, 0.28, 1.12, -1.49, -19.70, -11.73, -14.44, 0.75, -0.68, -1.02, -10.85, -17.84, -3.45, 1.20, 1.06, 1.60, -4.68, 1.03, 14.72, 2
17:58:15.896 -> 45, 0.13, 0.97, -0.59, -22.63, 6.82, -18.34, 0.30, -0.23, -0.72, 0.87, -5.63, -19.07, 0.60, 0.16, 1.30, -10.05, 11.28, 6.42, 2
17:58:15.896 -> 46, 1.63, 0.37, -1.04, -22.14, -4.41, -15.42, 0.30, -0.98, -1.47, 8.19, -3.68, -9.79, 0.75, 1.81, 0.85, -9.08, -7.27, -3.84, 2
17:58:15.896 -> 47, 1.63, -0.08, -1.49, -29.47, -0.01, -20.79, -0.15, -0.23, -1.47, -12.80, -13.94, -18.10, 0.60, 0.46, 1.00, -5.17, 6.89, 16.67, 2
17:58:15.943 -> 48, 1.93, 1.12, -1.49, -32.89, 6.33, -13.95, -0.60, 0.52, -1.47, 2.33, -10.52, -17.61, 0.45, 1.06, 0.40, -3.22, -4.83, 14.23, 2
17:58:15.943 -> 49, 0.88, 0.52, -0.89, -24.58, -5.39, -25.18, -0.15, -0.68, -0.27, 4.78, -21.75, -20.54, 1.95, 0.31, 0.40, 7.52, -1.90, -3.84, 2
17:58:15.943 -> 50, 1.63, 0.37, -0.74, -19.21, 3.89, -19.32, 0.30, -0.23, -1.02, -7.92, -5.63, -1.98, -0.00, 1.36, 0.10, -7.61, 9.33, 12.76, 2
17:58:15.943 -> 1, 3.28, -0.38, -1.49, -18.73, 0.47, -8.58, 1.65, -1.58, -3.57, -9.87, -0.75, -2.96, 0.15, -0.14, 1.30, -37.89, 9.33, 92.84, 2
17:58:15.991 -> 2, 1.78, 0.97, -3.74, -28.49, -1.97, -7.11, 2.55, -0.38, -1.32, 1.85, -7.59, -10.77, -0.75, 0.31, 1.60, -44.23, -0.92, 48.41, 2
17:58:15.991 -> 3, 1.33, 0.52, -3.29, -15.31, -8.80, -12.00, 3.15, -2.18, -0.27, 10.63, -17.84, -12.24, 0.15, -0.14, 1.30, -1.26, 22.03, 71.36, 2
17:58:15.991 -> 4, 3.28, 1.87, -3.44, -19.70, -1.97, -8.58, 1.50, -2.18, 0.03, -8.90, -2.22, -9.79, 0.45, 0.76, 1.90, -32.51, 17.14, 45.48, 2
17:58:15.991 -> 5, 6.13, 3.37, -6.59, -29.47, 5.36, -11.02, 3.15, -2.48, -0.72, 14.54, -12.47, -22.49, 0.15, -0.89, 0.70, -38.86, -3.36, 4.46, 2
17:58:16.039 -> 6, 6.73, 4.42, -7.94, -52.91, 3.89, -60.34, 3.15, -3.68, -0.27, -98.74, -11.49, -55.21, -0.00, 0.01, 0.40, 6.06, -14.59, -50.71, 2
17:58:16.039 -> 7, 6.58, 4.57, -8.54, -7.01, 10.73, -28.11, 2.85, -1.58, -1.62, -1.57, -17.84, -20.05, -0.30, -1.49, 0.85, -14.45, -5.81, -60.48, 2
17:58:16.039 -> 8, 5.38, 3.07, -7.04, -52.42, -12.22, 281.46, 3.90, -1.43, 0.78, 64.83, -11.98, -65.46, 1.05, -1.34, 1.75, -48.14, 2.98, 28.39, 2
17:58:16.039 -> 9, 3.43, 0.52, -4.79, -16.28, -4.41, -15.90, 1.65, -0.38, 0.63, -18.66, -8.08, -28.84, -0.15, -1.34, 2.05, -41.30, 0.54, 10.32, 2
17:58:16.086 -> 10, 1.93, 0.67, -2.69, -23.61, 8.29, -13.46, 0.30, -0.23, -1.47, -24.03, -17.35, -9.79, 0.15, 1.21, 0.25, -65.72, -14.59, -39.48, 2
17:58:16.086 -> 11, 2.23, -0.23, -0.89, -29.47, -4.90, -21.27, -0.60, -0.68, -2.22, -5.97, -5.63, -36.65, 1.05, 1.66, -0.05, -34.96, -10.69, -13.12, 2
17:58:16.086 -> 12, -0.92, 0.67, 0.01, -37.77, 22.93, -23.23, 0.30, -0.98, -0.27, -20.62, 0.71, -10.28, 1.35, 0.46, 1.00, -17.87, 2.50, 22.53, 2
17:58:16.086 -> 13, -0.17, 1.87, -0.29, -18.24, 8.29, -18.83, 0.30, -0.68, -1.92, -0.11, -11.49, -25.42, 1.20, 0.31, 1.15, -41.30, -3.36, -5.79, 2
17:58:16.086 -> 14, 1.33, 0.97, -1.34, -29.47, -4.41, -4.18, 0.45, -0.83, -0.12, 3.80, -15.40, -18.10, 1.65, 1.81, 1.90, -25.68, 3.96, 16.67, 2
17:58:16.133 -> 15, 0.73, 1.42, -0.74, -29.47, 4.38, -16.88, 0.45, -0.38, -0.87, -2.55, -8.56, -20.05, 1.80, 0.46, 1.30, 2.64, 1.52, 25.46, 2
17:58:16.133 -> 16, 0.73, 0.37, -0.74, -24.58, -7.83, -11.51, 0.90, 0.37, -0.57, 0.38, -7.59, -3.45, 1.35, 0.46, 1.30, -25.68, 4.94, 19.60, 2
17:58:16.133 -> 17, 0.58, 1.27, -0.59, -21.17, 5.36, -16.39, -0.60, -0.68, -1.92, -5.48, -15.89, -22.00, 0.60, -0.89, 0.25, -8.59, -16.55, 20.58, 2
17:58:16.133 -> 18, -0.17, 0.67, -0.29, -29.47, 6.33, -1.26, -0.60, -0.68, -1.02, -5.97, -18.33, -16.63, -0.15, 0.91, 1.75, 11.92, 7.38, 31.81, 2
17:58:16.181 -> 19, 0.28, 1.12, -1.49, -20.68, 4.38, -10.53, 0.75, 0.07, -1.02, -9.39, -13.94, -14.19, -0.00, 1.06, 0.85, -8.10, -1.41, 18.13, 2
17:58:16.181 -> 20, 0.58, 1.72, -0.59, -16.77, 0.96, -21.27, 1.05, -0.68, -1.47, -12.31, -12.47, -17.12, 0.75, 0.76, 1.15, -14.94, -4.83, 4.46, 2
17:58:16.181 -> 21, 1.33, 0.52, -0.14, -19.70, -0.01, -17.37, 2.25, -0.68, -0.72, 7.22, -7.10, -14.19, 1.05, 1.21, 0.70, -1.75, -3.36, 20.09, 2
17:58:16.181 -> 22, 0.28, 1.12, -1.04, -23.12, -3.43, -20.79, 1.50, -0.23, -1.47, -14.76, -17.35, -25.91, -0.00, 1.06, 1.60, -2.73, -0.92, 30.34, 2
17:58:16.228 -> 23, 1.18, 0.67, -1.49, -15.31, 2.92, -14.44, 0.75, -0.68, -1.47, -17.20, -13.45, -10.77, 1.35, 0.91, 1.30, -8.59, -3.36, 8.86, 2
17:58:16.228 -> 24, 1.93, 0.37, -1.04, -23.61, 3.40, -7.60, 0.45, 0.67, -0.12, -7.92, -13.94, -11.75, 0.45, 0.76, 0.85, -7.61, -3.85, 8.37, 2
17:58:16.228 -> 25, 1.93, 0.67, 0.01, -25.07, 6.33, -10.53, 0.75, -0.68, -1.47, 0.38, -6.12, -23.47, -0.75, 0.01, 0.40, -1.26, 2.50, 11.79, 2
17:58:16.228 -> 26, 1.78, 0.52, -0.89, -18.24, -0.50, -15.42, 1.05, -0.23, -1.47, -5.48, -15.40, -6.38, 1.20, 0.76, 0.40, -0.29, 2.01, 3.97, 2
17:58:16.228 -> 27, 1.18, 0.52, -0.14, -15.80, 5.36, -17.37, 0.15, -0.38, -1.32, -1.57, -14.91, -13.70, 0.75, 0.31, 1.60, -10.54, 10.80, 14.72, 2
17:58:16.276 -> 28, 2.23, 1.27, -1.64, -24.58, -9.78, -14.44, 0.75, 1.27, -1.47, -6.94, -12.47, -7.35, 0.45, 0.76, 0.85, -10.54, 2.98, 8.37, 2
17:58:16.276 -> 29, 1.63, 1.12, -0.74, -19.70, 7.31, -13.46, 1.05, 0.07, -0.72, -1.57, -8.08, -15.65, 0.15, 0.16, 0.70, -6.64, 4.45, 20.58, 2
17:58:16.276 -> 30, 0.88, 0.52, -1.34, -22.63, 11.22, -7.60, 0.45, -1.13, -2.37, -8.41, -13.94, -15.65, 0.75, 2.11, 0.10, -2.73, 8.35, -0.91, 2
17:58:16.276 -> 31, 1.18, -0.08, -0.29, -24.10, -1.48, -12.97, 0.45, -0.83, -0.12, -7.43, -9.05, -18.10, 0.60, 1.96, 1.00, -2.73, 18.12, 16.18, 2
17:58:16.324 -> 32, 0.28, 0.67, -2.24, -14.82, 0.47, -20.30, 0.90, -1.13, -2.37, -10.85, -11.49, -20.05, 0.60, 1.66, 1.75, -4.68, 3.47, 20.09, 2
17:58:16.324 -> 33, 0.58, 0.07, -0.59, -40.21, 6.33, -15.42, -0.30, -0.08, -2.07, -5.97, -7.10, -17.61, 0.60, 0.46, -0.05, -0.78, 9.82, 9.35, 2
17:58:16.324 -> 34, 0.88, 0.07, -0.14, -27.51, 13.66, -9.07, -0.30, -1.13, -1.32, -11.83, -17.35, -25.91, 1.20, 1.06, 1.15, 6.06, 0.05, 19.11, 2
17:58:16.324 -> 35, 1.33, 0.97, -2.84, -18.24, 1.45, -11.02, -0.15, 0.52, -0.27, -3.53, -9.05, -17.12, 0.75, 1.06, 0.85, -4.68, 13.24, 21.06, 2
17:58:16.371 -> 36, 1.63, 0.37, -0.29, -25.56, -5.87, -2.23, 0.90, -0.08, -0.57, -12.80, -10.52, -16.63, 0.15, 0.91, 2.05, 2.15, 8.84, 8.86, 2
17:58:16.371 -> 37, 1.78, -0.23, -0.14, -18.24, -10.27, -16.39, 1.35, -0.08, -2.07, -1.57, -12.96, -17.61, 0.15, 1.21, 0.70, -9.57, -1.41, 9.83, 2
17:58:16.371 -> 38, 1.93, 0.37, -0.29, -26.05, -15.64, -5.65, 0.90, -0.38, -1.32, -2.06, -6.12, -20.54, 0.15, 0.91, -0.05, -9.08, 1.52, 11.79, 2
17:58:16.371 -> 39, 0.88, 0.52, -0.89, -28.98, 1.94, -12.49, -0.75, -0.08, -0.57, -0.11, -2.71, -6.87, 0.60, 0.91, -0.50, -2.24, 0.54, 23.51, 2
17:58:16.419 -> 40, 0.88, 1.27, -0.59, -29.47, -8.32, -16.88, -0.60, 0.82, 0.03, 3.31, -15.89, -19.56, -0.30, 0.31, 1.60, -10.54, -1.41, 1.04, 2
17:58:16.419 -> 41, 1.78, 0.52, 0.61, -16.77, -0.01, -8.09, 1.50, -1.73, -0.72, -11.83, -11.98, -9.31, 0.15, 0.16, -0.50, -4.19, 8.35, 10.81, 2
17:58:16.419 -> 42, 0.13, 0.52, -1.64, -32.40, -8.32, -13.95, 0.45, -0.83, -2.37, -8.41, -19.31, -13.70, 2.25, 1.96, 0.70, -9.08, 9.33, 9.35, 2
17:58:16.419 -> 43, 0.58, 0.52, -0.89, -24.10, -0.01, -14.93, 0.45, -1.13, -0.12, -3.04, -5.63, -16.63, 1.35, 0.46, 0.70, 2.15, -6.78, 23.02, 2
17:58:16.466 -> 44, -0.32, 0.07, -0.89, -25.07, -4.41, -17.86, 1.35, -0.38, -1.32, -5.97, 1.20, -15.17, 1.35, 0.91, 1.00, -5.17, 4.45, 15.69, 2
17:58:16.466 -> 45, 0.88, 0.07, -0.59, -17.75, -0.01, -23.72, 0.90, 0.37, -0.57, -21.59, -7.59, -22.98, 1.05, 0.46, 0.25, -6.64, -2.88, 10.81, 2
17:58:16.466 -> 46, 0.58, -0.68, -0.14, -35.82, 0.47, -9.07, 0.15, -0.38, -1.32, -6.94, -9.05, -12.24, 0.60, 0.91, 1.00, 10.45, 8.84, 18.13, 2
17:58:16.466 -> 47, 0.13, 0.52, 0.61, -24.58, 12.19, -2.72, 0.90, -0.38, -0.87, 3.31, -15.40, -18.58, -0.00, 0.76, 0.40, 4.11, -2.88, 6.90, 2
17:58:16.466 -> 48, 0.88, 1.27, -0.89, -23.12, 7.80, -12.97, 0.30, -0.23, -1.92, -9.87, -18.33, -9.31, 0.45, -0.74, 1.15, -0.29, 11.77, 16.18, 2
17:58:16.514 -> 49, 1.33, -0.23, -1.34, -20.68, -2.94, -8.09, 0.75, 0.82, -1.47, 6.24, -9.54, -17.61, 1.65, 1.36, -0.35, -12.01, -3.85, 19.60, 2
17:58:16.514 -> 50, 1.33, 1.27, 0.61, -19.21, -4.90, -10.53, -0.15, 0.52, -1.47, -5.48, -2.71, -23.47, 0.75, 1.36, 0.85, -1.75, 13.73, 13.74, 2
17:58:16.514 -> 1, -0.47, -0.38, -3.44, -21.17, 13.66, -15.42, 3.75, 1.87, 0.18, -5.97, -7.59, -16.63, -2.85, -0.59, 1.00, -33.00, 6.40, 36.69, 2
17:58:16.514 -> 2, -0.47, -0.38, -1.94, -22.63, -4.90, -14.93, 6.15, 2.62, 1.08, 1.36, -11.98, -20.54, -2.40, -2.99, 1.90, -21.77, 1.03, 19.11, 2
17:58:16.561 -> 3, 0.13, 0.07, -1.64, -56.32, -7.34, 103.73, 7.95, 3.97, 1.98, -20.62, -41.77, -22.98, -1.80, -3.44, 2.50, -85.25, -5.32, 148.51, 2
17:58:16.561 -> 4, 1.18, -0.83, -3.44, -30.44, -0.50, -58.87, 8.25, 5.62, 1.38, -58.70, -32.00, -14.68, -2.10, -5.39, 0.70, 10.45, 35.21, 156.32, 2
17:58:16.561 -> 5, 0.13, -0.98, -2.54, -72.44, -67.40, 319.55, 6.75, 6.22, 0.78, 79.97, -17.84, -97.20, -1.35, -3.44, 0.70, -128.71, 145.56, 167.55, 2
17:58:16.561 -> 6, 0.28, -2.03, -1.04, -17.26, 0.47, -12.00, 2.70, 2.47, 2.73, -19.15, -7.10, 25.85, -0.75, -0.44, 0.10, -68.65, -6.78, 65.99, 2
17:58:16.609 -> 7, 0.13, 0.07, -0.89, -26.54, 1.45, -10.53, 2.55, 0.67, 1.08, -23.06, -13.45, -10.77, -0.60, -0.89, 1.00, -130.17, -36.57, -48.76, 2
17:58:16.609 -> 8, 1.18, 1.12, -1.94, -13.84, 0.96, -6.14, 1.65, 0.67, 0.63, 10.15, -8.56, -31.28, 0.45, 0.01, 0.40, -42.77, -3.36, 25.46, 2
17:58:16.609 -> 9, 1.18, 0.67, 0.01, -9.94, 0.96, -23.72, -0.15, 1.27, -1.02, -11.34, -10.03, -8.82, -0.30, 1.06, 0.40, -2.73, 12.26, 56.71, 2
17:58:16.609 -> 10, 0.13, 0.07, -1.64, -13.35, 3.89, 2.65, 2.10, -0.38, -1.32, 10.63, -14.42, -14.19, -0.75, 1.06, -0.65, -69.14, -2.39, -8.72, 2
17:58:16.609 -> 11, 1.63, -0.08, -0.29, -24.10, -13.20, -19.81, 1.95, -0.23, -1.47, -6.94, 6.57, -13.21, 0.15, 0.46, 1.30, -16.40, 0.05, 22.04, 2
17:58:16.658 -> 12, 0.13, 0.52, 0.61, -22.63, -3.43, -20.79, 0.75, 0.52, -1.92, -1.57, -2.22, -16.14, -0.30, 0.76, 0.40, 22.17, 23.98, 49.87, 2
17:58:16.658 -> 13, 1.18, -0.08, -0.29, -30.44, -15.15, -8.09, 0.45, -0.38, -0.12, -11.83, -17.84, -3.94, 1.65, -0.74, 0.10, -26.66, -7.76, 15.69, 2
17:58:16.658 -> 14, 1.93, 0.67, 0.46, -15.80, 8.29, -15.42, 0.90, -0.08, -0.12, 5.75, -18.82, -22.98, 1.20, 1.06, 1.90, -18.84, 7.87, 7.39, 2
17:58:16.658 -> 15, 2.68, 0.97, -0.14, -19.21, -13.20, -5.16, 0.30, 0.52, -0.27, -3.53, -8.56, -17.12, 1.20, -1.19, 0.85, 21.68, 7.38, 46.46, 2
17:58:16.707 -> 16, 0.58, 0.07, -0.14, -31.91, 5.36, -19.81, 1.95, -0.68, -1.92, -1.08, -4.17, -14.68, 0.45, 1.06, 0.85, -11.03, 2.50, 7.88, 2
17:58:16.707 -> 17, 1.18, 0.37, -1.04, -19.21, 3.89, -7.11, 1.35, -0.38, -1.32, -7.92, -16.38, -18.10, 0.45, 0.31, 1.60, -19.33, 4.45, 1.53, 2
17:58:16.707 -> 18, 0.13, 0.52, -0.89, -23.12, -0.01, -12.97, 1.50, 0.82, -0.72, 2.33, -17.35, -7.35, -0.00, 1.06, -0.35, 2.15, 8.84, 22.04, 2
17:58:16.707 -> 19, 0.28, 1.12, -0.74, -23.12, -8.32, -23.72, 0.45, -0.83, -2.37, -7.92, -18.33, -15.17, -0.15, 0.16, 1.00, -2.73, 5.91, 20.09, 2
17:58:16.754 -> 20, 0.13, 1.72, -0.14, -28.49, 0.96, -13.95, 0.15, -0.38, -0.57, -1.57, -17.84, -12.72, -0.00, 1.06, -0.65, -18.35, -9.22, 8.37, 2
17:58:16.754 -> 21, 0.58, 0.07, -0.59, -14.82, -3.92, -11.51, 0.75, 0.07, -0.72, -7.92, -8.08, -13.21, 0.15, 1.66, 0.70, -4.19, 13.24, 15.69, 2
17:58:16.754 -> 22, 0.88, 1.72, -0.59, -27.51, -3.43, -6.14, -0.15, 0.07, -1.02, -5.97, -8.08, -11.75, 0.60, 0.91, 2.50, -2.73, 4.94, 20.58, 2
17:58:16.754 -> 23, 1.63, 2.32, -1.49, -22.14, -5.87, -16.88, -0.30, -1.88, -1.32, -3.53, -17.35, -12.24, 0.60, 1.66, -0.05, -11.03, -17.04, 0.07, 2
17:58:16.801 -> 24, 1.18, -0.08, -1.04, -15.80, 1.45, -21.76, 0.30, -0.23, -1.47, -10.85, -17.35, -10.77, 0.45, 0.31, 1.60, -0.78, -3.36, 7.39, 2
17:58:16.801 -> 25, 0.88, 0.07, -1.64, -25.07, -0.50, -6.14, 1.05, 0.52, -0.27, -3.53, -18.33, -12.24, 0.60, -0.14, 1.00, -9.08, 10.31, 17.65, 2
17:58:16.801 -> 26, 0.88, 0.52, -0.89, -22.63, 4.87, -11.51, 0.45, -0.08, 0.18, -7.92, -14.42, -12.24, 1.05, 1.66, 0.25, -3.22, 13.24, 8.37, 2
17:58:16.801 -> 27, 1.33, 1.27, -0.59, -26.05, 5.84, -7.60, 0.30, -1.43, -1.47, -6.94, -14.91, -14.19, 1.65, 0.31, 1.15, 2.15, 6.89, 5.44, 2
17:58:16.801 -> 28, 1.18, 0.37, -0.74, -33.86, 0.47, -19.81, 0.90, 0.37, -0.87, 5.75, -6.12, -15.17, 0.15, 1.66, 0.25, -4.68, 9.33, 9.35, 2
17:58:16.849 -> 29, 0.88, 0.07, -1.34, -11.89, 6.33, -14.93, 0.15, -0.38, -2.07, -7.92, -6.12, -15.17, 0.45, 0.76, 0.40, 5.08, 22.03, 0.56, 2
17:58:16.849 -> 30, 1.78, 0.07, -1.34, -28.49, 1.94, -9.07, -0.30, -0.08, -0.57, -12.31, -4.66, -16.14, -0.00, 0.31, 0.10, -12.49, 1.03, 23.99, 2
17:58:16.849 -> 31, 0.88, 0.52, -1.64, -24.10, 0.96, -5.65, 0.75, -0.23, -1.47, -4.50, -2.22, -8.82, 0.15, -0.14, 0.70, -4.19, -1.90, 2.02, 2
17:58:16.849 -> 32, 0.58, 0.52, -0.89, -28.98, 8.77, -10.53, 1.05, 0.07, -0.72, -5.48, -12.96, -8.33, 1.35, 0.46, 1.00, 4.59, 2.01, 20.09, 2
17:58:16.897 -> 33, 2.23, 0.07, -0.59, -19.21, 1.45, -15.42, 0.30, 0.07, -1.92, -4.99, -6.61, -19.56, 0.15, 0.16, -0.05, -8.10, -5.81, 5.93, 2
17:58:16.897 -> 34, 0.73, 0.37, -1.49, -26.54, -4.90, -16.39, 1.35, -0.38, -0.12, -3.53, -9.05, -16.63, 2.25, 1.21, 1.00, 3.13, -4.83, 8.86, 2
17:58:16.897 -> 35, 1.63, 0.67, -1.04, -26.05, -4.41, -21.27, 0.45, 0.37, -0.87, 3.80, -1.24, -25.91, 0.60, 1.21, 1.30, -5.66, -3.36, 19.11, 2
17:58:16.897 -> 36, 0.73, 1.12, -1.04, -24.58, 7.31, -14.44, -1.20, -1.13, -0.12, -3.53, -5.15, -19.07, 0.15, 0.46, 1.30, 2.15, 10.31, 11.30, 2
17:58:16.897 -> 37, 2.23, 0.97, 0.31, -30.44, -4.90, -25.67, -0.15, -0.23, -1.02, 1.36, 5.11, -1.01, -0.75, 0.01, -0.65, -10.54, 5.91, 8.37, 2
17:58:16.945 -> 38, 1.78, -0.68, -0.89, -22.14, -4.41, -6.63, 1.05, -0.68, -0.72, -5.97, -9.54, -7.84, -0.60, 0.91, -0.50, -21.28, 9.33, 7.39, 2
17:58:16.945 -> 39, 0.28, 0.37, -1.49, -14.82, 3.40, -20.79, -0.60, 0.52, -1.02, -3.04, -10.03, -18.58, 1.20, 1.06, 0.85, -2.73, 2.98, 13.25, 2
17:58:16.945 -> 40, 0.73, 1.12, -0.29, -13.84, -3.92, -7.60, 0.90, -0.83, -1.62, -1.57, -14.42, -6.87, 0.60, -0.14, 1.00, -1.26, 5.42, 12.28, 2
17:58:16.945 -> 41, 1.78, 0.07, -1.64, -24.58, 2.92, -11.51, 0.75, -0.23, -1.47, 2.33, -6.12, -7.35, 1.20, -0.44, 0.10, -5.66, 0.05, 10.81, 2
17:58:16.995 -> 42, 0.58, -0.68, -1.64, -25.56, 4.87, -15.42, 0.75, -0.68, -1.92, -1.08, -13.94, -10.77, 0.45, 1.06, 0.85, 2.64, -5.81, 2.02, 2
17:58:16.995 -> 43, 0.88, 1.27, -0.89, -16.77, 7.80, -16.39, -0.30, 0.67, -2.37, -2.55, -13.45, -14.68, 1.20, 0.01, -0.35, -6.15, 1.03, 25.95, 2
17:58:16.995 -> 44, 1.63, 0.67, -1.94, -10.42, -10.27, -11.51, 0.15, -0.38, -0.87, -6.94, -18.82, -29.33, -0.30, 0.31, 0.40, -8.10, -7.76, 11.79, 2
17:58:16.995 -> 45, 0.28, 0.67, -0.74, -20.19, 1.94, -18.34, 0.15, -0.83, -0.57, -2.55, -6.12, -21.51, 0.45, 1.06, -0.65, -11.03, -0.43, 16.67, 2
17:58:17.043 -> 46, 0.73, 0.37, -0.29, -22.63, 1.94, -18.83, 0.30, -0.23, -0.27, 2.33, -9.05, -17.61, 0.60, -0.14, 1.75, -1.26, 3.47, 2.02, 2
17:58:17.043 -> 47, 0.88, 0.97, -0.14, -24.10, 0.47, -23.23, 0.45, -1.13, 0.18, 0.87, -26.63, -16.14, 0.45, 1.36, 0.85, -6.15, 9.33, 14.72, 2
17:58:17.043 -> 48, 1.78, 0.52, 0.31, -19.21, -1.97, -9.56, -0.30, -0.08, -1.32, -11.34, -7.59, -8.33, 1.80, 0.91, -0.50, -2.24, 1.03, 5.93, 2
17:58:17.043 -> 49, 1.33, 0.52, -0.89, -19.70, -16.13, -28.60, 0.30, -0.23, -1.92, -10.36, -8.56, -24.93, 1.35, -0.89, 0.70, -14.45, -1.41, 10.32, 2
17:58:17.043 -> 50, 2.38, 0.67, -0.29, -28.98, -1.97, -8.09, 0.45, 1.12, -2.07, -4.01, -20.77, -22.00, -0.00, 1.06, 1.90, -1.75, -5.81, 12.76, 2
17:58:17.088 -> 1, 0.73, -0.08, -1.94, -26.05, 0.47, -26.16, 0.90, 0.37, -1.62, -8.90, -8.56, -16.63, -0.00, 0.31, 1.90, 101.76, 30.82, 29.85, 2
17:58:17.088 -> 2, 0.13, 0.07, -0.89, -20.68, 5.36, -22.25, 2.55, 0.37, -0.12, -9.39, -4.66, -21.03, -0.60, 0.16, 1.30, 44.15, 17.14, -46.81, 2
17:58:17.088 -> 3, -0.77, 0.97, -0.14, -18.24, -0.99, -24.69, 2.70, -0.23, 1.23, -11.83, 2.18, -12.24, -1.95, 0.01, 0.40, 51.96, 3.96, -20.44, 2
17:58:17.088 -> 4, 0.28, -1.28, -2.69, -18.73, 2.43, -3.21, 3.75, 1.12, 0.18, 3.31, -21.75, -19.07, -0.90, -1.64, 2.50, 63.19, 28.86, 0.56, 2
17:58:17.138 -> 5, 0.58, -0.23, -2.09, -36.79, -1.48, -15.90, 2.70, -0.23, 0.48, -16.71, -11.49, -12.24, -0.60, 0.16, 1.00, 8.01, 3.47, -38.99, 2
17:58:17.138 -> 6, 1.33, -0.23, -2.09, -14.33, -6.36, -6.14, 2.10, -0.08, -0.87, -4.01, -3.19, -12.24, -0.30, 0.76, 0.85, 14.85, -7.76, -26.30, 2
17:58:17.138 -> 7, 0.58, -0.68, 0.61, -8.96, 4.87, -8.09, -0.90, 0.82, -2.97, 5.75, -5.63, -6.38, -0.15, 0.16, 2.05, 36.82, 6.40, 16.18, 2
17:58:17.138 -> 8, 1.18, -0.83, 1.66, -21.17, 19.52, -21.76, -0.90, 0.07, -3.42, -9.87, -11.01, -23.96, -0.60, 0.91, 0.25, -53.51, 1.03, 62.08, 2
17:58:17.184 -> 9, 0.73, 0.37, 0.91, -23.12, 2.92, -34.46, -2.40, 0.37, -3.57, -17.20, -16.38, 13.15, 1.20, 0.31, 0.10, 24.61, 24.96, 93.33, 2
17:58:17.184 -> 10, 0.28, 0.67, 1.66, -25.56, 8.77, -33.48, -1.80, 2.47, -3.42, -36.73, 0.22, 38.06, -0.60, 1.21, -0.80, 59.77, 14.70, 109.93, 2
17:58:17.184 -> 11, -0.32, 0.52, 1.51, -41.19, -21.50, 122.28, -1.50, 0.37, -2.07, 325.09, 12.43, -178.74, 0.15, 0.91, -0.05, -200.48, 54.25, -74.64, 2
17:58:17.184 -> 12, -0.47, 0.37, 0.91, -24.58, -1.97, -5.65, -0.75, 1.12, -0.87, -70.42, 4.13, 49.29, -0.30, 1.36, 0.10, -58.88, 8.35, 60.13, 2
17:58:17.234 -> 13, 0.13, 1.72, -0.59, -26.54, -0.01, -14.93, -0.15, 0.82, -0.27, 25.28, -15.89, -40.56, 0.45, 0.76, 0.40, -80.85, -21.92, -9.70, 2
17:58:17.234 -> 14, 0.28, 0.67, 0.46, -33.86, 1.94, -15.42, 0.75, 0.52, -1.02, -36.73, 2.67, -37.63, 0.45, 1.81, 0.10, -35.44, -1.41, 26.44, 2
17:58:17.234 -> 15, 0.58, 0.97, 1.51, -14.82, 7.80, -23.23, 0.75, 0.52, -0.27, -4.01, -9.05, -27.86, 0.15, 1.21, 0.25, 16.31, 19.58, 65.50, 2
17:58:17.234 -> 16, -0.47, 0.37, 0.91, -25.07, -1.48, -0.77, 0.90, 1.12, -1.32, -11.34, -13.45, -33.72, 1.05, 1.21, -0.05, -29.10, 8.35, 13.25, 2
17:58:17.234 -> 17, 0.88, 1.27, -0.89, -20.68, -3.92, -16.88, -0.15, -0.68, -0.27, -3.53, -9.05, -14.68, 0.75, 1.36, 0.10, -8.59, 15.68, 23.02, 2
17:58:17.281 -> 18, 0.28, -0.38, 0.01, -26.05, -2.46, -8.09, -0.30, -0.08, -1.32, -4.50, -20.77, -12.72, 1.05, -0.59, 1.00, 16.31, 2.98, 51.83, 2
17:58:17.281 -> 19, 2.38, -0.38, -1.04, -26.54, -5.87, -20.79, 0.90, -0.83, -0.57, -9.39, -16.38, -12.24, 0.60, 1.96, 0.70, -13.47, 2.01, 23.99, 2
17:58:17.281 -> 20, 0.13, 0.97, -0.89, -28.00, -2.46, -13.95, 1.50, -0.68, -0.72, -4.01, -10.52, -13.21, 0.60, 0.91, 1.75, -9.57, -0.43, 10.81, 2
17:58:17.281 -> 21, 0.88, 0.52, -0.89, -33.37, -0.50, -1.26, 0.90, -0.38, -1.62, -9.87, -20.77, -13.70, 1.20, 0.76, 0.10, 0.69, 2.01, 33.76, 2
17:58:17.327 -> 22, 0.58, 0.07, -1.34, -36.79, -3.43, -17.37, 1.65, -0.38, -1.32, -4.99, -12.96, -18.58, 0.60, 0.91, 0.70, -1.26, 2.01, 21.06, 2
17:58:17.327 -> 23, 0.88, -0.23, -1.34, -24.10, -13.69, -8.58, -0.75, -0.08, -1.62, -1.08, -21.26, -17.61, -0.00, 0.76, 1.15, -4.68, 6.89, 9.35, 2
17:58:17.327 -> 24, 1.18, -0.08, -1.04, -34.35, -8.32, -21.76, 1.35, -0.08, -0.87, 4.29, -3.68, -17.61, 0.15, 1.96, 1.00, -11.03, 8.84, 24.97, 2
17:58:17.327 -> 25, 1.33, 0.97, -0.59, -20.19, -1.97, -21.76, 1.50, 0.07, -0.72, 1.85, -5.63, -20.54, 0.45, 0.01, 1.15, 4.11, 9.33, 30.34, 2
17:58:17.375 -> 26, 1.63, 1.42, -1.04, -26.54, -4.90, -11.51, 0.45, 0.37, -0.87, -1.08, -14.91, -22.98, 0.75, 0.01, 0.40, -5.66, -1.90, 23.02, 2
17:58:17.375 -> 27, 0.73, 0.97, -0.59, -26.05, -10.76, -17.86, -0.75, -1.13, -0.87, 3.80, -26.63, -8.33, 0.15, 1.21, 0.25, -16.89, 2.01, 14.72, 2
17:58:17.375 -> 28, 1.93, 1.12, -1.04, -25.56, -2.46, -12.49, 1.50, 0.07, -1.47, -3.04, -7.10, -19.07, -0.15, -0.14, -0.05, 3.62, 13.73, 22.04, 2
17:58:17.375 -> 29, 0.58, 0.97, -0.14, -30.93, 7.80, 4.12, 0.75, -0.68, -1.47, 1.36, -7.59, -21.51, 0.75, 1.06, 1.90, -16.40, 0.05, 27.41, 2
17:58:17.422 -> 30, 2.68, 1.27, -0.14, -29.96, 7.31, -5.16, 0.30, -0.68, -0.72, -10.85, -3.19, -11.26, 1.05, 1.66, 1.00, -2.24, 7.87, 21.55, 2
17:58:17.422 -> 31, 2.38, -1.28, -1.49, -28.98, -0.50, -7.11, 0.30, 0.82, 0.03, -12.31, -23.70, -18.58, 0.60, 0.16, 2.05, -6.64, 1.52, 20.58, 2
17:58:17.422 -> 32, 0.88, 1.27, -1.64, -44.12, -7.34, -12.49, 0.45, -0.83, -0.57, 0.38, -24.19, -29.33, 0.60, 0.16, 1.00, -17.87, 8.84, 15.21, 2
17:58:17.422 -> 33, 2.38, 1.87, -1.94, -23.61, -0.99, -17.86, 0.90, 0.37, -0.57, -0.60, -7.59, -27.86, -1.20, 0.31, 1.15, -6.64, 1.03, 24.97, 2
17:58:17.422 -> 34, 0.13, 0.52, 0.61, -36.79, -0.99, -11.02, 1.35, 1.42, -1.32, -5.97, -25.65, -19.07, -1.20, 0.01, 0.85, -4.68, 17.63, 22.53, 2
17:58:17.469 -> 35, 1.63, 1.12, -1.04, -28.49, -17.10, -10.04, 0.75, 0.07, -1.02, -6.94, -4.17, -22.49, 0.75, 1.36, 1.15, 2.64, 14.21, 24.97, 2
17:58:17.469 -> 36, 1.78, 0.52, -1.64, -33.86, 3.40, -16.39, 0.45, -0.38, -0.87, -8.90, -10.52, -22.49, 1.20, 0.76, -0.65, -5.66, -9.22, 28.88, 2
17:58:17.469 -> 37, 1.33, 0.97, -0.89, -32.89, -4.41, -23.23, 0.15, 0.37, -0.57, 17.96, -11.98, -15.17, 0.45, 1.06, 0.40, -11.03, -5.81, 21.55, 2
17:58:17.469 -> 38, 0.73, 1.42, -1.04, -24.10, 1.45, -7.60, -0.15, 0.07, -0.27, -8.41, -10.03, -14.19, 1.05, 1.66, -0.05, 0.69, 5.91, 19.11, 2
17:58:17.518 -> 39, 1.78, 0.97, -0.59, -34.35, -8.32, -12.00, 0.75, -0.98, -1.47, -2.06, 0.22, -17.61, 0.60, 0.46, 0.25, -4.19, 1.52, 15.69, 2
17:58:17.518 -> 40, 1.63, 1.12, -0.74, -19.21, 2.43, -2.23, 1.95, -0.23, -0.72, -7.43, -16.87, -15.65, 1.80, 1.21, 1.75, -0.78, 12.26, 19.60, 2
17:58:17.518 -> 41, 3.88, 0.97, -0.14, -27.03, 7.80, -10.04, 0.45, 1.12, -1.32, -10.36, -15.89, -10.28, 1.05, 0.46, 1.30, -10.54, 2.98, 18.13, 2
17:58:17.518 -> 42, 1.18, 1.42, -1.94, -32.89, -2.46, -3.21, 0.45, 0.67, -1.32, -4.01, -0.26, -5.89, 1.05, 0.91, 1.00, -8.59, 2.01, 18.62, 2
17:58:17.564 -> 43, 0.88, 0.97, -0.89, -28.98, -0.01, -20.79, 0.75, -0.23, -1.92, 3.80, -11.98, -24.93, 0.45, 0.76, 0.10, 2.64, 13.73, 19.60, 2
17:58:17.564 -> 44, 0.73, -0.08, -1.04, -34.84, 4.87, -13.95, 1.35, -0.08, -1.62, -13.78, -10.03, -11.75, -0.30, 0.76, 0.40, -8.59, 3.47, 20.58, 2
17:58:17.564 -> 45, 1.18, 0.67, -0.74, -31.91, -6.85, -8.58, 0.30, -0.68, -0.27, 2.82, -11.49, -20.05, -0.75, 0.01, 0.40, -5.66, 5.42, 14.23, 2
17:58:17.564 -> 46, 1.78, 0.52, -1.34, -20.19, -5.39, -19.81, 0.90, 0.37, -0.57, -8.90, -8.56, -16.14, -0.60, 0.46, 2.50, -1.75, 10.31, 16.18, 2
17:58:17.564 -> 47, 2.23, 0.97, -0.59, -24.58, -7.34, 0.21, -0.75, 0.37, -2.07, -1.57, -12.96, -29.33, 1.65, 2.11, -0.35, -15.42, 10.80, 26.44, 2
17:58:17.611 -> 48, 0.88, -0.23, -2.09, -33.37, 0.47, -18.34, 0.75, -0.98, -1.47, 1.85, -17.35, -19.07, -0.60, 0.16, 0.25, -12.49, 9.33, 12.28, 2
17:58:17.611 -> 49, 2.68, 0.97, -1.64, -14.33, -14.17, -18.83, 0.90, -0.38, -1.32, -11.34, -14.42, -2.47, 0.45, 1.81, 0.40, -3.71, 8.35, 13.25, 2
17:58:17.611 -> 50, 1.78, 1.27, 0.61, -23.12, -11.25, -11.02, 0.90, 0.37, -0.57, 3.80, -21.75, -9.79, -0.15, 1.96, 0.25, -11.52, -2.88, 23.02, 2
17:58:17.611 -> 1, 1.63, 1.12, -1.04, -32.40, -0.50, -14.44, 1.50, -0.23, -1.47, 18.45, -10.03, -52.28, 1.80, 0.16, 0.70, 76.86, 25.93, 64.03, 2
17:58:17.659 -> 2, 1.18, 1.12, -1.94, -40.70, 5.36, -13.46, 3.15, 0.82, -0.27, -37.22, -8.56, -5.40, 0.60, -2.09, 1.00, 16.31, 5.91, -0.91, 2
17:58:17.659 -> 3, 0.88, 1.72, -2.84, -27.03, -6.36, -20.30, 2.10, -0.38, 0.63, 15.52, -5.63, -25.91, -1.80, 0.16, 1.00, -1.26, -11.18, -18.00, 2
17:58:17.659 -> 4, 0.73, 0.67, -4.64, -33.37, -0.01, -12.49, 3.30, -0.38, 0.63, -10.36, -13.45, -16.63, 0.15, -0.14, 1.00, 27.06, 5.91, 13.74, 2
17:58:17.659 -> 5, 1.63, 1.12, -4.64, -31.91, -1.48, -13.95, 4.80, -1.73, 0.03, 4.29, 4.13, -26.40, -0.90, -0.14, 2.50, 6.55, 2.01, -13.60, 2
17:58:17.706 -> 6, 1.18, 1.42, -6.29, -19.21, -5.39, -9.07, 4.95, -3.38, 1.38, 0.38, -20.77, -22.98, -0.60, 0.46, 2.50, -17.87, 6.40, -20.93, 2
17:58:17.706 -> 7, -0.92, 1.42, -8.99, 78.93, -22.48, -32.99, 2.85, -4.58, 1.38, -122.67, -29.56, 93.72, -0.00, 1.06, 1.60, -35.93, 23.00, 69.89, 2
17:58:17.706 -> 8, 0.58, 2.02, -9.59, 11.06, -10.76, -32.99, 3.75, -4.58, 0.63, -15.73, 7.06, -10.28, 1.05, 1.66, 3.25, 14.85, 20.56, 71.36, 2
17:58:17.706 -> 9, 0.88, 1.72, -10.79, -18.24, 6.33, -42.27, 1.50, -3.98, 0.78, -36.73, -29.56, 46.85, -0.15, 1.96, 2.05, 45.61, 23.98, 89.42, 2
17:58:17.754 -> 10, 1.93, 1.42, -8.99, -141.77, 59.56, 24.62, 2.25, -4.43, -0.27, 328.51, 87.63, 230.44, 0.60, 1.66, 1.75, -144.82, 9.82, -50.22, 2
17:58:17.754 -> 11, 5.08, 2.02, -4.49, -28.00, -1.48, -10.53, 1.50, -3.68, -1.47, -37.71, 5.60, -10.77, 1.95, 1.06, 1.90, -77.92, -12.64, -24.83, 2
17:58:17.754 -> 12, 2.38, 1.42, -2.24, -27.51, 14.15, -1.74, 2.10, -0.08, -1.32, 7.70, -25.65, -43.49, 1.35, 0.46, 1.75, -78.41, 3.96, 8.86, 2
17:58:17.754 -> 13, 2.38, 1.42, -2.69, -34.35, 0.47, -20.30, 0.45, -0.38, -1.62, -4.50, -14.91, -12.24, 1.05, 0.91, 2.50, -21.77, 18.12, 57.20, 2
17:58:17.801 -> 14, 1.33, -0.23, -1.34, -44.12, -1.97, -8.58, 0.75, -0.68, -2.67, -15.24, -13.45, -30.79, 0.75, 1.36, 1.15, -13.96, 8.84, 56.71, 2
17:58:17.801 -> 15, 1.93, 0.37, 0.01, -38.26, -20.03, -16.88, 0.90, -1.58, -1.62, -15.73, -23.70, -24.44, 1.20, 0.76, 0.10, -11.03, 8.84, 48.41, 2
17:58:17.801 -> 16, 2.38, 1.12, -1.94, -23.61, 0.47, -12.49, 1.05, -0.68, -2.97, -5.48, -22.24, -32.26, 1.20, 1.36, 1.60, -12.01, 15.19, 49.38, 2
17:58:17.801 -> 17, 1.93, 0.67, -1.04, -47.53, 1.94, -19.81, 0.45, -0.83, -1.62, -1.08, -18.33, -37.63, -0.15, 1.96, 1.00, -5.17, 14.70, 61.59, 2
17:58:17.801 -> 18, 1.78, 0.07, -0.59, -36.30, 3.89, -4.67, 1.50, -0.68, -1.47, -0.60, -14.91, -25.42, 1.80, 0.16, 1.75, -21.77, -2.39, 45.97, 2
17:58:17.848 -> 19, 1.18, -0.38, -1.04, -46.56, 0.96, -8.58, -0.30, -0.38, -1.32, -9.87, -26.63, -12.72, 2.40, 0.76, 1.15, -18.35, 17.63, 39.13, 2
17:58:17.848 -> 20, 2.38, 0.37, -0.74, -36.30, -6.85, -5.65, 0.15, 0.37, -0.87, -16.22, -15.89, -33.23, 1.35, 0.46, 1.30, -10.05, -12.64, 24.97, 2
17:58:17.848 -> 21, 2.68, 2.02, -1.34, -44.60, -5.39, -6.14, 0.90, -0.08, -1.62, -17.20, -15.89, -35.67, 1.05, 0.46, 0.70, -11.52, 0.54, 20.09, 2
17:58:17.848 -> 22, 1.78, 0.97, -2.09, -45.58, -8.32, -14.93, 2.25, -0.98, -1.92, -12.31, -16.38, -28.84, 1.65, 1.06, 1.60, -16.89, 10.31, 30.83, 2
17:58:17.898 -> 23, 2.23, 1.72, -2.09, -42.65, 5.36, -10.04, 1.35, -0.08, -2.07, -8.41, -4.17, -24.93, 1.80, 0.91, 2.50, -7.61, 12.26, 37.67, 2
17:58:17.898 -> 24, 2.23, 0.07, -0.14, -29.47, 2.43, -11.02, -0.15, 0.07, -0.72, -7.92, -19.79, -10.77, 0.60, 1.21, 1.00, -19.33, -4.34, 25.46, 2
17:58:17.898 -> 25, 2.23, 1.72, 0.61, -34.84, 12.19, -19.81, 0.45, -0.38, -2.82, -10.36, -13.94, -36.16, 0.45, 1.06, 1.15, -12.49, 14.70, 20.09, 2
17:58:17.898 -> 26, 1.33, 0.52, 0.61, -29.47, 4.38, -12.49, 0.75, -0.23, -2.97, 5.26, -5.63, -18.10, 1.05, 1.21, 2.05, -5.17, -0.43, 18.62, 2
17:58:17.944 -> 27, 2.23, 0.52, 0.61, -24.10, -2.46, -19.32, -0.30, -1.13, -1.32, 9.66, -22.24, -23.96, 0.45, 0.01, 1.15, -17.38, 8.84, 21.55, 2
17:58:17.944 -> 28, 1.78, 2.02, -0.89, -33.37, -4.41, -16.88, -0.15, -0.23, -1.47, -8.41, -13.45, -19.56, 1.05, 0.46, 1.30, -5.17, 7.38, 26.44, 2
17:58:17.944 -> 29, 1.33, 2.02, -0.89, -41.67, -2.94, -8.09, 0.90, -0.83, -2.37, 2.82, -21.75, -30.30, 1.20, 1.06, 0.85, -14.45, 3.96, 27.41, 2
17:58:17.944 -> 30, 2.38, 1.12, -1.04, -37.28, 5.36, -19.32, -0.15, 0.07, -1.02, -9.39, -29.07, -33.72, 1.20, 0.76, 0.40, -14.94, 5.42, 27.90, 2
17:58:17.991 -> 31, 1.18, -0.08, 0.01, -44.12, 5.36, -7.60, 0.15, -0.38, -0.57, -19.64, -8.56, -31.28, 1.35, 0.91, 1.00, -18.35, 14.70, 18.62, 2
17:58:17.991 -> 32, 1.18, 1.12, -1.94, -46.07, -7.83, -10.04, -0.15, -0.23, -1.02, -13.78, -15.40, -31.77, -0.00, 1.06, 1.90, -9.57, 16.66, 15.69, 2
17:58:17.991 -> 33, 2.23, 1.27, 0.31, -31.91, -0.01, -15.90, 0.45, -0.38, -1.32, -18.17, -28.58, -24.44, 0.45, 2.11, 2.65, -19.33, 5.42, 38.15, 2
17:58:17.991 -> 34, 1.33, 0.97, -0.59, -38.26, 8.29, -11.02, 2.25, -0.68, -2.97, -12.80, -18.82, -29.33, 1.05, 0.46, 1.00, -12.01, 13.73, 23.99, 2
17:58:17.991 -> 35, 1.33, 1.27, -0.14, -34.35, 3.40, -8.09, 0.75, -0.23, -1.92, -13.29, -19.79, -43.97, 0.60, 1.96, 1.75, 1.67, 7.38, 25.95, 2
17:58:18.039 -> 36, 1.78, 2.02, -0.14, -28.00, -0.99, -7.11, 0.90, -0.83, -1.62, -9.39, -11.98, -29.33, 1.20, 1.06, 1.60, -12.49, 11.28, 30.83, 2
17:58:18.039 -> 37, 0.28, -0.08, -1.04, -24.10, 1.94, -11.02, 1.35, 0.37, -1.32, -9.87, -17.35, -29.81, 0.45, 0.76, 0.40, -8.10, 5.42, 16.18, 2
17:58:18.039 -> 38, 1.78, 0.07, -0.89, -28.98, -2.46, -12.97, 1.35, -1.13, -1.32, -9.87, -11.98, -20.54, 1.20, 1.36, 1.90, -2.73, -2.39, 23.51, 2
17:58:18.039 -> 39, 1.18, 0.37, 0.46, -42.16, 1.45, -19.81, 0.90, -0.83, -0.57, -6.94, -22.24, -34.21, 1.35, 1.96, 1.30, -6.64, 10.31, 23.99, 2
17:58:18.089 -> 40, 2.98, 1.27, -1.34, -35.82, 8.77, -7.60, 0.30, -0.98, -1.92, -6.46, -16.87, -39.09, 0.60, 1.96, -0.05, 0.69, 9.82, 21.06, 2
17:58:18.089 -> 41, 1.78, 0.52, -0.59, -28.98, 7.31, -24.69, 0.45, -0.38, -0.87, -4.99, -21.26, -28.84, 1.35, -0.89, 2.50, -14.94, 5.91, 27.41, 2
17:58:18.089 -> 42, 1.63, 0.67, -1.49, -41.67, -10.76, -11.51, 1.95, 0.52, -1.92, -15.73, -13.94, -18.58, -0.30, 1.06, 1.60, -17.38, 6.89, 23.99, 2
17:58:18.089 -> 43, 2.23, 1.27, -0.89, -38.26, -0.50, -8.09, -0.90, 0.07, -1.92, 4.78, -18.82, -20.05, 1.05, 1.96, 2.50, -3.71, 2.50, 28.88, 2
17:58:18.135 -> 44, 1.63, 0.67, -0.74, -38.26, -0.99, -11.51, 1.50, -0.68, -1.92, -16.71, -24.68, -33.72, 1.05, -0.89, 1.30, 2.64, 6.40, 20.58, 2
17:58:18.135 -> 45, 1.63, 0.37, 0.91, -34.35, 5.84, -9.07, 1.50, -0.23, -2.67, -1.08, -1.24, -37.63, 0.75, 0.31, 1.60, -7.61, 20.56, 17.16, 2
17:58:18.135 -> 46, 1.18, 0.37, -1.04, -28.49, -9.78, -17.37, 1.35, -1.13, -1.62, 2.33, -12.47, -28.35, 1.05, 0.46, 0.70, -12.49, 2.01, 18.62, 2
17:58:18.135 -> 47, 1.78, 0.52, -0.59, -31.42, 12.68, -6.14, 0.90, -0.38, -0.87, -4.01, -14.42, -29.33, 0.75, 1.06, 0.85, -8.10, 12.75, 27.41, 2
17:58:18.182 -> 48, 1.18, 0.67, -1.49, -33.37, 0.96, -12.49, 1.50, -0.23, -0.27, -9.87, -13.45, -25.91, 0.15, 1.21, 0.25, -5.66, 14.70, 24.48, 2
17:58:18.182 -> 49, 1.18, 0.67, -0.74, -25.56, -2.94, -18.83, -1.20, 0.67, -1.32, 6.24, -26.14, -31.28, 0.45, 1.81, 1.60, -15.91, 7.87, 28.88, 2
17:58:18.182 -> 50, 1.18, 0.67, -1.49, -34.84, -0.50, -15.90, 0.75, -0.68, -1.47, -14.27, -15.40, -29.81, 0.15, 0.91, -0.05, -12.98, 1.03, 23.51, 2
17:58:18.182 -> 1, 1.78, -0.23, -0.89, -42.65, 1.45, -8.58, 1.50, 0.07, 0.03, -11.83, -11.49, -16.14, -1.20, 0.01, -0.35, 60.75, 17.14, 23.02, 2
17:58:18.182 -> 2, 1.78, 0.52, -1.34, -36.79, 0.47, -7.11, 1.65, 1.87, -0.12, 0.87, -30.54, -28.84, -2.40, -0.74, 0.40, -68.65, -16.06, -87.33, 2
17:58:18.230 -> 3, 1.63, -0.38, -2.24, -47.05, 3.89, -21.27, 2.55, 1.42, -0.12, -4.50, -16.38, -13.70, -1.20, 1.06, 4.15, 20.71, 8.35, -1.40, 2
17:58:18.230 -> 4, 2.38, -1.58, -1.94, -32.89, -5.87, -19.81, 2.10, 0.67, -1.62, -3.53, -24.68, -28.84, -1.80, 0.91, 2.80, 40.24, 19.10, 46.94, 2
17:58:18.230 -> 5, 2.23, -0.68, -0.89, -35.33, -7.34, -23.23, 2.10, -0.83, -0.57, -12.31, -27.61, -8.82, 0.45, 2.11, 1.90, -19.33, 9.33, -27.28, 2
17:58:18.230 -> 6, 1.78, -0.23, -1.64, -144.21, -30.29, 217.98, -1.50, -2.33, -2.07, 360.24, -18.33, -184.60, 1.65, 3.61, 0.40, -355.76, 57.18, -72.20, 2
17:58:18.281 -> 7, 1.93, -0.08, -0.29, -20.19, 19.52, -78.40, -1.95, -2.63, -0.12, -140.73, -8.56, 76.63, 1.35, 4.21, 0.70, -64.74, 25.93, 265.21, 2
17:58:18.281 -> 8, 3.73, 1.12, -0.74, -40.70, 1.94, -21.27, -1.80, -2.48, 0.48, -45.03, -26.14, -49.83, 0.75, 3.31, -1.40, -74.51, 28.86, 47.43, 2
17:58:18.281 -> 9, 1.78, 0.52, -0.59, -29.96, 2.43, 1.67, -0.90, -2.48, 0.03, 0.38, -8.56, -12.24, 2.25, 1.96, -0.80, -201.46, -59.52, -262.14, 2
17:58:18.281 -> 10, 2.38, 1.12, 0.91, -32.40, -5.39, -11.51, -1.20, -1.13, -0.57, 0.87, -19.79, -47.88, 1.20, 1.36, 1.15, 61.72, 41.56, 87.96, 2
17:58:18.325 -> 11, 1.93, 1.42, 0.46, -34.35, -0.01, -13.46, -0.75, -1.88, -0.12, -15.73, -20.28, -27.37, 0.75, -0.44, -1.70, 9.97, 20.07, 56.22, 2
17:58:18.325 -> 12, 2.68, 1.27, 0.31, -31.42, 7.80, -26.65, 0.30, -0.68, -1.02, -5.48, -23.70, -25.91, 2.25, 0.46, 1.00, -121.87, -31.68, -73.66, 2
17:58:18.325 -> 13, 2.38, 0.67, 0.01, -34.35, -7.83, -11.02, -0.15, -0.98, -1.47, -9.39, -20.28, -30.79, 2.25, 1.21, 1.30, 53.42, 25.44, 119.70, 2
17:58:18.325 -> 14, 1.93, 0.37, 0.01, -32.40, -13.20, 3.63, 0.30, -0.23, -1.02, -14.27, -22.72, -35.19, 0.15, 0.91, 1.30, 23.64, 23.00, 78.19, 2
17:58:18.373 -> 15, 3.28, 1.42, -1.04, -39.23, 11.22, -19.81, 0.90, -0.38, -2.82, -19.64, -15.89, -20.54, 0.60, 1.21, 0.70, -95.01, -16.06, -40.46, 2
17:58:18.373 -> 16, 0.88, 0.07, 0.61, -17.26, -1.97, 0.70, 0.45, -0.38, -0.87, -16.22, -4.17, -30.79, -0.75, 1.06, 1.90, 12.41, 16.66, 74.78, 2
17:58:18.373 -> 17, 2.68, 1.72, -0.59, -39.23, 4.87, -10.53, 1.50, -0.98, -2.22, -4.99, -18.82, -25.42, -0.00, -0.74, 1.15, 11.43, 26.42, 62.57, 2
17:58:18.373 -> 18, 2.38, 0.67, -0.74, -19.70, 11.22, -3.21, 0.75, -0.68, -1.02, -7.92, -32.49, -27.37, 1.35, 0.91, 1.30, -52.53, -16.55, -20.93, 2
17:58:18.373 -> 19, 2.38, -0.08, 0.01, -32.40, 9.75, -11.02, 1.05, -0.68, -1.92, -20.62, -25.65, -28.84, 1.20, 1.06, 1.15, -5.66, 14.21, 41.08, 2
17:58:18.420 -> 20, 1.33, 0.07, -0.89, -25.56, 3.40, -22.74, 0.15, -0.38, -0.87, -11.83, -17.35, -22.49, 0.15, 0.91, 2.05, 12.41, 12.75, 62.08, 2
17:58:18.420 -> 21, 2.38, 0.37, -0.29, -39.72, 3.40, -11.02, 1.05, 0.07, -0.27, -10.36, -13.45, -24.44, 0.60, 0.46, -0.05, -53.51, 4.45, -9.70, 2
17:58:18.420 -> 22, 0.88, 0.52, -0.59, -42.16, 4.38, -20.79, 1.65, -0.38, -1.62, -10.85, -13.45, -28.35, 1.80, 1.96, 1.30, -42.28, 15.68, 25.95, 2
17:58:18.420 -> 23, 1.93, 1.12, -0.74, -39.23, 7.31, -12.00, 0.15, -1.13, -1.32, -18.66, -27.61, -20.54, 0.75, 2.11, 2.35, 24.13, 6.89, 41.08, 2
17:58:18.468 -> 24, 1.63, 0.67, -0.74, -32.40, 4.38, -20.30, 0.15, -0.38, -1.62, -14.27, -11.98, -21.03, -0.00, 0.76, 1.60, -8.10, 1.03, 8.86, 2
17:58:18.468 -> 25, 2.38, 1.87, -1.04, -29.96, 0.96, -15.90, 2.10, -0.83, -1.62, -10.85, -12.96, -19.07, 0.45, 0.01, 0.85, -23.24, -13.13, 16.18, 2
17:58:18.468 -> 26, 1.18, 0.67, -0.29, -37.28, -3.92, -22.25, 0.15, -1.13, -1.32, -5.48, -15.40, -26.40, 0.45, 0.76, 0.40, 0.20, 1.52, 45.48, 2
17:58:18.468 -> 27, 2.68, 0.07, -0.14, -33.86, -6.36, -22.25, 0.30, -0.98, -2.22, 6.24, -15.89, -29.33, 0.45, 0.01, 0.85, -6.64, 9.33, 22.53, 2
17:58:18.514 -> 28, 2.23, 1.27, -2.09, -39.72, -0.01, -16.39, 0.30, -0.23, -0.72, -11.83, -24.68, -25.42, 0.45, 2.56, 1.90, -17.38, -10.69, 17.65, 2
17:58:18.514 -> 29, 2.83, 0.37, -1.04, -39.23, 5.84, -10.53, 0.90, -0.08, -2.07, -4.01, -6.61, -24.93, 2.55, 0.91, 1.00, -3.22, 5.42, 20.58, 2
17:58:18.514 -> 30, 2.68, 0.97, -0.14, -32.40, 5.84, -10.53, 0.45, -1.13, -1.62, -1.08, -19.79, -27.37, -0.15, 0.91, 0.70, -2.73, 14.70, 23.99, 2
17:58:18.514 -> 31, 1.93, 1.42, 1.21, -29.96, -4.90, -11.02, 0.15, -0.08, -1.32, 5.75, -11.01, -10.77, 0.75, 0.31, 0.85, -17.87, 2.50, 26.44, 2
17:58:18.562 -> 32, 2.68, -0.23, -1.34, -34.35, -3.43, -9.07, 0.30, -0.23, -2.22, -5.97, -19.31, -16.14, 0.60, 0.16, 1.75, -8.10, 7.87, 17.16, 2
17:58:18.562 -> 33, 1.78, -0.98, -1.34, -43.14, 3.40, -9.56, 0.30, -0.23, -1.02, -10.36, -22.24, -38.12, 1.20, 1.06, 1.15, -0.29, 20.56, 13.25, 2
17:58:18.562 -> 34, 1.93, -0.08, -0.29, -41.67, 1.94, -11.02, 1.35, -0.08, -0.87, -4.99, -10.52, -25.42, 0.45, 1.06, 0.85, -15.42, -2.39, 29.85, 2
17:58:18.562 -> 35, 2.83, 0.67, -1.04, -36.79, -4.90, -10.53, -0.15, -0.68, -1.47, 6.24, -19.79, -25.91, 1.35, 0.91, 0.25, -13.47, 2.01, 21.55, 2
17:58:18.610 -> 36, 1.93, 1.12, -0.74, -25.07, -6.85, -12.97, 1.35, -0.83, -2.07, -4.50, -13.45, -38.60, 0.45, 0.01, 0.40, -3.71, 3.96, 15.21, 2
17:58:18.610 -> 37, 3.43, 0.52, -0.14, -37.28, 3.89, -24.20, 1.05, -0.68, -0.27, -8.41, -16.38, -25.42, 0.60, 1.96, 1.30, -14.45, 2.98, 22.53, 2
17:58:18.610 -> 38, 1.18, 0.67, 0.46, -29.47, 1.45, -14.93, 2.55, -0.83, -0.87, -8.41, -18.33, -16.63, -0.00, 0.31, 0.40, -8.59, 9.82, 22.53, 2
17:58:18.610 -> 39, 1.78, 0.07, -1.34, -27.51, -2.46, -8.58, 0.30, -1.43, -1.02, 5.75, -29.07, -29.33, 0.15, 1.21, 2.80, 2.64, 6.89, 20.58, 2
17:58:18.610 -> 40, 0.73, 1.87, -0.29, -39.72, 2.92, -15.42, 1.35, -0.08, 0.18, -4.01, -21.26, -22.49, 0.75, 1.36, 2.65, -11.52, 15.19, 13.74, 2
17:58:18.657 -> 41, 1.63, 1.87, -0.29, -22.63, -9.29, -14.93, 0.75, -0.68, -2.22, -6.46, -30.54, -35.19, -0.90, 1.21, 1.00, -3.71, 13.24, 16.18, 2
17:58:18.657 -> 42, 1.18, 1.42, -0.74, -32.89, -15.15, -13.95, 0.75, 0.07, -1.47, -1.08, -13.45, -32.26, 2.40, 1.06, 1.90, -0.29, 8.35, 16.67, 2
17:58:18.657 -> 43, 1.18, 1.12, -0.74, -34.84, -0.99, -13.95, 0.45, -0.83, -0.87, -17.20, -7.10, -36.65, 1.05, 0.91, 1.30, -13.47, 5.91, 22.53, 2
17:58:18.657 -> 44, 1.78, 0.07, -0.59, -37.28, -6.85, -21.27, 1.65, 0.37, -0.87, -3.04, -17.35, -15.17, 0.45, 1.06, 1.15, -8.59, 2.98, 31.32, 2
17:58:18.705 -> 45, 2.68, 0.97, -1.64, -34.35, 5.36, -7.11, -0.30, -1.58, -1.62, -7.92, -26.14, -24.93, -0.30, 1.06, 1.90, -6.15, 3.96, 25.95, 2
17:58:18.705 -> 46, 1.78, 0.07, -0.89, -48.51, -1.97, -8.09, 0.90, -0.38, -2.07, -2.06, -18.33, -28.35, -0.00, 1.81, 0.10, -1.26, 2.98, 20.58, 2
17:58:18.705 -> 47, 1.33, 0.52, -0.59, -42.16, 9.26, -6.14, 0.15, -0.38, -2.07, 0.87, -14.42, -23.96, 0.45, 0.76, 1.15, -11.03, 3.96, 34.25, 2
17:58:18.705 -> 48, 1.78, 0.52, -0.89, -39.23, 6.82, -7.11, 0.15, 0.37, -2.07, -0.11, -12.96, -20.54, 1.20, -0.44, 0.85, -14.45, 13.24, 19.60, 2
17:58:18.753 -> 49, 2.38, 0.37, 0.01, -37.77, -2.46, -5.16, 0.90, -0.83, -2.37, -3.04, -25.17, -18.58, 0.60, 0.91, 0.25, -14.45, 8.35, 23.99, 2
17:58:18.753 -> 50, 1.93, 0.67, -0.29, -36.79, -8.32, -6.63, 0.45, -0.08, -1.62, -4.99, -24.19, -24.93, 1.05, 1.66, 1.00, -18.84, 10.80, 30.83, 2
17:58:18.753 -> 1, 1.93, 1.42, -0.74, -35.33, -0.01, -11.02, -0.60, -0.98, -1.47, -10.85, -15.40, -18.10, 2.55, 0.91, 0.25, -108.20, 24.47, 204.66, 2
17:58:18.753 -> 2, 2.38, 1.42, -0.74, -24.58, 7.80, -15.42, 0.15, -0.08, -2.82, -13.78, -23.70, -26.40, 3.00, -0.14, -0.05, -212.69, -25.34, 57.20, 2
17:58:18.800 -> 3, 1.63, 0.67, 0.01, -35.82, -13.20, -8.09, -0.60, -1.43, -2.22, -19.64, -17.35, -34.21, 1.05, 1.21, 1.75, -69.62, 16.17, 176.83, 2
17:58:18.800 -> 4, 1.63, 1.87, -1.04, -46.56, 5.84, -21.76, -0.90, -1.43, -1.92, -9.87, -14.42, -30.30, 1.95, 0.01, 0.10, -75.97, -6.29, 125.56, 2
17:58:18.800 -> 5, 2.23, 0.97, -0.89, -28.00, 4.38, -5.65, 1.05, -1.43, -2.22, -9.87, -30.54, -24.93, 0.60, 0.46, 1.30, -159.47, -11.67, 31.32, 2
17:58:18.800 -> 6, 2.83, 0.37, -1.04, -46.07, -0.01, -9.07, -1.20, -1.58, -2.37, -6.94, -15.89, -20.54, 1.35, 1.21, 2.50, -61.32, 8.35, 98.70, 2
17:58:18.800 -> 7, 1.78, -0.23, -0.59, -31.91, -7.34, -11.02, 1.35, -0.38, -2.07, -6.94, -17.84, -31.28, 0.60, -0.89, 2.05, -36.91, 20.07, 77.71, 2
17:58:18.847 -> 8, 2.83, 0.37, -1.94, -32.89, -0.99, -6.63, -0.90, -1.73, -1.47, -4.99, -21.75, -22.49, 1.80, 2.41, 0.70, -98.43, 7.38, 27.41, 2
17:58:18.847 -> 9, 1.78, 0.52, -0.59, -23.12, -0.50, -7.11, 0.15, -0.38, -1.62, 0.87, -20.28, -21.03, 1.35, 0.91, 2.05, -26.66, 8.84, 46.46, 2
17:58:18.847 -> 10, 1.78, 2.02, -1.34, -46.07, 6.82, 0.21, -0.90, -0.23, -1.92, -21.59, -25.65, -27.86, 0.60, 0.46, 2.50, -13.47, 9.33, 65.01, 2
17:58:18.847 -> 11, 2.23, 0.97, -2.09, -30.44, -0.01, -22.74, -0.60, -0.98, -1.47, -7.43, -16.38, -35.67, -0.00, 1.06, 0.40, -52.53, 6.89, 23.02, 2
17:58:18.894 -> 12, 1.78, 0.97, -1.34, -29.47, -6.85, -25.18, 0.45, -0.08, -2.07, -9.87, -24.68, -25.42, 0.45, 2.11, 1.15, -35.93, -0.43, 38.15, 2
17:58:18.894 -> 13, 1.63, -0.08, -0.74, -33.86, 6.33, -13.46, -0.90, 0.07, -1.92, -13.29, -18.33, -38.12, 1.20, 0.31, 1.60, 2.15, 16.17, 54.27, 2
17:58:18.894 -> 14, 0.88, 0.52, -0.89, -38.26, 6.33, -12.00, 0.45, -0.83, -2.07, -3.04, -18.33, -34.21, 1.95, 0.76, 0.40, -29.10, 8.35, 22.53, 2
17:58:18.894 -> 15, 2.23, 0.07, -0.89, -28.49, 2.43, -19.81, 0.15, -0.08, -1.62, -12.80, -14.91, -32.26, 0.60, 1.66, 2.05, -33.00, 11.77, 25.95, 2
17:58:18.941 -> 16, 1.63, 0.37, -0.74, -23.12, 5.36, -20.30, 0.90, -0.83, -1.62, -5.97, -20.28, -22.00, 1.80, 1.96, 2.50, -12.49, 10.80, 46.94, 2
17:58:18.941 -> 17, 1.18, 1.87, -0.74, -36.79, -0.50, -21.76, 0.75, -0.68, -1.92, -2.55, -21.75, -24.44, 0.45, 1.36, 1.15, -15.91, 2.98, 22.53, 2
17:58:18.941 -> 18, 0.73, 1.12, -0.29, -36.30, 10.73, -20.30, 1.05, -1.43, -1.47, -11.34, -19.79, -30.79, -0.15, 0.91, 0.70, -35.93, -0.92, 23.51, 2
17:58:18.941 -> 19, 1.33, 1.27, -0.89, -30.44, -3.43, -14.93, -0.30, -1.13, -1.62, -8.90, -18.82, -27.37, 2.40, 1.36, 0.85, -6.64, 13.24, 23.02, 2
17:58:18.988 -> 20, 1.63, -0.08, -1.94, -40.70, 3.40, -4.18, 1.95, -1.73, -1.47, -14.27, -17.84, -25.91, -0.15, 0.16, 1.75, 5.08, 9.82, 38.15, 2
17:58:18.988 -> 21, 2.38, 0.37, -1.94, -38.26, -1.97, -12.00, 0.15, -0.83, -2.37, -11.34, -12.47, -28.35, 0.60, 1.66, 1.00, -25.68, 11.77, 11.30, 2
17:58:18.988 -> 22, 1.63, 0.37, -0.74, -33.86, 5.36, -12.97, 0.75, -0.98, -0.27, 4.29, -15.89, -28.35, 0.60, 0.91, 1.00, -3.71, 19.58, 34.74, 2
17:58:18.988 -> 23, 1.93, 0.37, -0.74, -44.12, 2.43, -23.72, -0.30, -1.13, -1.62, -9.39, -15.40, -29.33, 0.75, 1.06, 0.85, 1.18, -8.74, 28.39, 2
17:58:19.036 -> 24, 0.73, 1.42, -1.94, -21.17, 2.92, -18.34, 0.75, -0.98, -1.92, -4.01, -17.35, -23.47, 1.05, 0.46, 0.70, -12.98, 11.77, 19.60, 2
17:58:19.036 -> 25, 2.38, 1.12, -0.74, -28.49, -1.97, -18.34, -0.15, -1.73, -2.22, -10.85, -20.77, -20.54, 0.75, 1.06, 0.85, -15.42, 9.82, 30.83, 2
17:58:19.036 -> 26, 1.63, 1.12, -0.29, -45.58, 8.29, -16.88, 0.75, -0.68, -1.47, -4.99, -15.89, -29.33, 1.20, 0.76, 1.15, -1.26, 12.26, 25.46, 2
17:58:19.036 -> 27, 0.73, 0.67, -1.49, -45.58, -4.90, -20.79, 0.75, -0.68, -1.92, -11.83, -22.72, -21.03, -0.00, 0.31, 1.60, -5.17, 13.24, 18.62, 2
17:58:19.084 -> 28, 0.73, 1.12, -1.04, -37.77, -5.87, -9.07, 1.05, -1.43, -1.02, -15.73, -21.75, -25.42, 0.15, 1.21, 1.75, -15.42, 0.05, 19.11, 2
17:58:19.084 -> 29, 2.38, 1.42, -1.04, -30.93, -2.46, -20.30, 0.75, 0.07, -1.92, -4.01, -21.26, -24.93, -0.00, 0.01, 1.60, -16.89, 16.66, 27.41, 2
17:58:19.084 -> 30, 1.63, 1.12, -0.74, -31.42, -1.48, 0.21, 0.45, -1.13, -1.32, -9.39, -19.79, -25.91, 0.60, 0.91, 1.30, -9.57, 5.91, 23.02, 2
17:58:19.084 -> 31, 1.18, -0.08, -1.49, -47.53, 6.82, -14.93, 1.65, -0.08, -3.12, -25.50, -22.24, -26.88, 1.05, 0.91, 1.30, -9.08, 12.26, 21.55, 2
17:58:19.084 -> 32, 2.23, 0.97, 0.61, -41.67, 7.31, -17.86, 0.90, -1.13, -1.62, -12.31, -20.28, -22.98, 0.45, 0.76, 0.40, -1.75, 11.28, 14.23, 2
17:58:19.133 -> 33, 0.88, 0.52, -1.34, -46.56, 2.43, -17.37, 1.50, -0.23, -2.67, -6.46, -27.12, -31.28, 0.45, 0.31, 0.85, -11.52, 9.82, 17.65, 2
17:58:19.133 -> 34, 1.93, 0.37, -0.29, -29.47, 2.92, -12.49, 0.75, -0.98, -0.72, -18.66, -18.33, -20.05, 1.05, 0.91, 0.25, -4.19, 4.45, 26.44, 2
17:58:19.133 -> 35, 2.38, 1.42, -1.04, -40.21, -4.90, -19.32, 1.35, -0.38, -0.87, -7.92, -21.26, -28.35, 1.20, 1.36, 1.15, -24.21, 15.19, 26.44, 2
17:58:19.133 -> 36, 2.68, 1.27, -0.89, -37.28, -17.59, -21.27, 1.05, -0.23, -1.92, -15.73, -21.26, -25.42, 1.65, 2.11, 0.85, -25.68, 4.45, 33.76, 2
17:58:19.179 -> 37, 1.78, 1.72, -1.34, -40.70, 10.24, -19.81, 0.75, -1.43, -0.72, -2.55, -9.54, -25.42, 1.35, 1.21, -0.05, -0.78, 12.26, 25.95, 2
17:58:19.179 -> 38, 1.33, -0.23, -0.89, -36.79, -5.87, -13.95, -0.15, -0.23, -2.22, -4.01, -18.33, -19.56, 0.15, 1.66, 0.70, -5.17, -0.43, 23.02, 2
17:58:19.179 -> 39, 0.73, 1.12, -0.29, -41.67, 5.36, -12.00, 1.35, -0.38, -1.62, -4.50, -26.63, -27.86, 1.20, 1.36, 0.40, -9.57, 6.89, 16.67, 2
17:58:19.179 -> 40, 2.68, 0.97, -0.89, -32.40, -2.94, -15.42, 1.05, -0.98, -2.22, -9.87, -20.28, -18.10, 1.20, 0.76, 0.10, -5.17, -5.81, 30.34, 2
17:58:19.228 -> 41, 1.93, 0.67, -1.94, -39.23, 8.77, -29.09, 0.15, -0.08, -1.32, -10.36, -27.12, -33.72, 1.35, 1.96, 1.30, -6.15, 8.35, 22.53, 2
17:58:19.228 -> 42, 2.68, 0.97, -0.59, -40.70, -5.87, -7.60, 0.90, -0.83, -2.07, -12.80, -21.75, -20.05, 0.60, 0.91, 2.05, -11.03, 11.77, 33.27, 2
17:58:19.228 -> 43, 1.63, -0.38, -0.74, -44.12, 0.47, -12.49, -0.15, -0.68, -2.22, -12.31, -18.33, -37.63, 1.20, 1.36, 0.85, -11.03, 7.87, 35.71, 2
17:58:19.228 -> 44, 2.68, 0.07, -0.89, -34.35, 6.82, -27.62, 0.15, -0.08, -1.32, -2.55, -18.82, -38.12, 0.15, 1.66, 0.25, -8.10, 7.38, 27.90, 2
17:58:19.274 -> 45, 3.43, 1.27, -1.64, -40.70, 3.89, -10.53, 0.15, -0.38, -1.62, -13.29, -24.68, -25.42, 0.45, 1.06, 0.85, -6.15, 11.77, 19.60, 2
17:58:19.274 -> 46, 1.18, 1.12, -1.49, -40.70, -0.01, -14.93, 0.90, -0.38, -2.07, -11.34, -20.77, -31.77, 0.45, 0.31, 1.15, 11.43, 5.42, 26.44, 2
17:58:19.274 -> 47, 3.28, 0.67, -0.29, -50.46, 0.47, -6.63, 0.15, -0.08, -0.87, -20.62, -23.21, -11.26, 0.75, 0.76, 1.15, -6.64, 4.94, 16.67, 2
17:58:19.274 -> 48, 1.63, 0.37, -1.49, -44.60, -2.46, -18.34, -0.15, -0.98, -1.92, -6.46, -16.87, -30.79, -0.15, 0.46, 1.30, -6.64, 15.19, 20.58, 2
17:58:19.274 -> 49, 2.38, 1.12, -1.94, -44.12, 4.38, -19.81, 1.05, -0.23, -1.02, -15.24, -14.42, -20.05, 1.05, 1.96, 1.75, -6.64, 2.50, 13.74, 2
17:58:19.321 -> 50, 2.83, 0.37, -0.29, -37.77, -5.39, -19.81, 1.05, -0.68, -1.92, -16.22, -20.77, -45.44, 1.80, 0.91, 0.70, -1.26, 6.40, 19.60, 2
17:58:19.321 -> 1, 1.18, -0.38, -1.49, -37.28, -1.48, -19.81, 2.55, -0.08, -0.12, -6.46, -15.89, -29.33, -1.20, 0.31, 1.60, 29.01, 17.14, -49.74, 2
17:58:19.321 -> 2, 2.68, 0.52, -3.74, -40.21, -0.50, -12.97, 2.55, 0.37, -0.57, -5.48, -30.54, -39.58, -3.75, -0.89, 2.50, -45.70, -10.20, -66.34, 2
17:58:19.321 -> 3, 3.28, -0.38, -2.69, -30.93, -8.80, -15.90, 5.55, -0.68, -0.72, -14.76, -20.28, -18.10, -1.95, 0.01, 4.15, 50.98, 14.21, 34.74, 2
17:58:19.370 -> 4, 2.23, -0.98, -4.49, -32.40, 2.92, -4.18, 7.20, -0.23, -1.92, -4.01, -12.47, -29.33, -2.10, 0.46, 4.75, 48.05, 13.73, 34.74, 2
17:58:19.370 -> 5, 3.88, -0.68, -4.04, -45.58, -0.01, -15.42, 6.00, -0.68, -1.92, -3.04, -14.91, -22.49, 0.60, 0.46, 5.35, -27.14, 5.91, -28.74, 2
17:58:19.370 -> 6, 3.88, -0.98, -4.49, -36.30, 1.94, 7.05, 6.15, -0.83, -2.37, 27.24, -26.63, -59.60, -0.75, 1.36, 6.40, -30.07, 49.86, 43.53, 2
17:58:19.370 -> 7, 5.53, -0.98, -4.04, -58.28, 0.47, -97.45, 4.80, -2.48, -2.22, -69.44, -11.01, -36.65, -0.15, 0.46, 5.35, 235.55, 73.78, 207.10, 2
17:58:19.417 -> 8, 4.93, -0.38, -3.89, -49.00, 12.68, -49.59, 3.45, -2.18, -0.72, -125.60, -26.14, 11.20, -0.75, 0.31, 4.15, 34.38, -4.83, -40.95, 2
17:58:19.417 -> 9, 4.48, -0.08, -2.24, -9.45, -4.90, 15.83, 3.90, -2.48, -2.97, 9.17, -62.76, 2.41, 1.95, 0.01, 4.45, -83.78, -6.29, 177.31, 2
17:58:19.417 -> 10, 4.93, -0.83, -2.24, -46.56, 5.84, -12.00, 1.95, -2.93, -5.22, 31.63, -25.17, -52.28, 0.75, 0.31, 3.40, 60.75, 49.37, 288.64, 2
17:58:19.417 -> 11, 4.03, -0.08, -2.24, -45.09, 0.47, -5.16, 1.95, -1.43, -4.92, -27.94, -26.14, -23.96, 1.35, 0.46, 2.80, -121.38, -23.87, 11.79, 2
17:58:19.463 -> 12, 3.28, -0.38, -0.74, -42.16, -17.10, -7.11, 1.95, -1.43, -2.22, -3.04, -22.72, -31.77, 0.75, 0.31, 3.40, -103.32, -6.78, 23.51, 2
17:58:19.463 -> 13, 3.28, -0.08, -1.04, -37.28, 0.47, -4.67, 0.75, -1.43, -2.67, 4.78, -23.21, -32.74, -0.30, 0.31, 3.40, 21.20, 24.47, 122.63, 2
17:58:19.463 -> 14, 2.98, 0.07, -1.34, -24.10, -7.83, -14.93, 0.15, -1.88, -2.07, -16.71, -26.63, -31.28, 1.35, 0.46, 2.05, -68.16, -13.62, 13.25, 2
17:58:19.463 -> 15, 1.33, 0.07, -1.64, -40.21, -2.94, -25.18, 1.05, -2.48, -2.22, -9.39, -17.35, -31.28, -0.00, 1.06, 2.35, -83.78, 2.01, 9.83, 2
17:58:19.511 -> 16, 2.68, 1.27, 0.31, -39.72, 5.84, -17.86, 1.05, -0.98, -2.22, -5.48, -19.31, -33.23, 0.60, 0.16, 2.05, 12.90, 19.10, 93.82, 2
17:58:19.511 -> 17, 1.63, -0.08, 0.01, -38.26, 7.31, -17.86, 0.30, -1.43, -1.02, 7.22, -9.54, -25.42, 1.65, 0.76, 0.85, -31.54, 10.80, 33.27, 2
17:58:19.511 -> 18, 1.63, 0.37, -1.94, -34.84, 14.15, -22.25, -0.15, -0.68, -2.22, -11.83, -28.58, -38.60, 1.05, 0.16, 0.70, -50.58, -1.41, 1.04, 2
17:58:19.511 -> 19, 1.18, 0.67, 0.01, -32.89, 5.84, -18.83, 0.75, -0.23, -1.02, 1.36, -14.42, -40.56, 1.20, 1.36, 1.15, 4.11, 7.38, 69.89, 2
17:58:19.511 -> 20, 2.23, 1.27, -0.14, -37.28, -0.50, -14.44, 0.90, -0.83, -1.32, 0.38, -17.84, -27.37, -0.60, 1.21, 1.30, -21.28, 6.40, 43.04, 2
17:58:19.559 -> 21, 1.18, 0.37, -0.74, -32.89, -4.90, -3.70, 0.30, 0.07, -0.72, -3.04, -20.77, -35.67, -0.00, 0.76, 0.40, -43.26, -3.36, 1.04, 2
17:58:19.559 -> 22, 1.78, 0.07, -1.64, -39.72, 5.36, -5.16, -0.30, 0.37, -1.32, 1.36, -29.56, -34.70, -0.15, 0.91, 0.70, -11.03, 11.28, 45.48, 2
17:58:19.559 -> 23, 0.73, 1.12, -1.04, -28.98, -13.69, -17.86, 0.90, -1.58, -0.57, -5.48, -18.33, -16.63, 0.45, 0.76, 1.15, 0.69, 13.73, 40.60, 2
17:58:19.559 -> 24, 1.93, -0.08, 0.01, -42.65, 8.77, 2.16, 0.30, -0.23, -1.47, -3.04, -14.42, -31.28, -0.00, 1.06, 0.40, -11.03, 3.47, 17.65, 2
17:58:19.606 -> 25, 1.93, 0.67, -0.29, -43.14, -0.50, -8.09, 1.50, -0.23, -2.22, -20.13, -18.33, -33.72, 1.20, 1.06, 1.15, -11.03, 16.66, 15.21, 2
17:58:19.606 -> 26, 2.38, 1.12, -0.29, -32.89, 1.94, -16.88, 0.90, -0.08, -0.87, -2.55, -23.21, -22.49, 1.35, 0.91, 0.70, 2.64, 15.19, 35.71, 2
17:58:19.606 -> 27, 0.58, -0.08, 0.01, -40.21, 4.87, -12.97, 0.30, -0.23, -0.27, -6.94, -20.77, -31.28, 2.25, 1.21, 0.70, -18.84, 18.12, 22.53, 2
17:58:19.606 -> 28, 2.83, -0.08, 0.46, -50.95, 5.84, -12.49, 1.50, 0.52, -1.02, -12.31, -27.12, -37.63, 0.45, 1.06, 2.65, -18.35, 1.52, 7.39, 2
17:58:19.655 -> 29, 2.38, 0.37, 0.01, -40.70, -0.50, -26.16, -0.30, -0.08, -2.82, -7.43, -25.65, -21.03, 1.35, 1.21, 1.75, -1.26, 22.51, 33.27, 2
17:58:19.655 -> 30, 1.78, 0.07, -0.14, -40.21, 1.45, -14.93, 1.35, -0.38, -1.62, 0.38, -12.96, -25.91, 0.60, 1.66, 1.75, -8.59, 7.38, 26.44, 2
17:58:19.655 -> 31, 1.93, 0.67, -1.49, -40.70, -3.92, -9.56, 0.30, -0.98, -1.47, -4.01, -16.87, -37.14, -0.15, 1.66, 0.25, -13.47, 2.50, 24.97, 2
17:58:19.655 -> 32, 0.73, 1.87, -1.04, -44.60, -3.43, -15.42, 1.05, -0.98, -1.92, -17.69, -21.75, -31.28, 0.60, 0.16, 2.05, -2.24, 7.38, 30.34, 2
17:58:19.702 -> 33, 1.33, 0.07, -1.34, -46.56, -0.50, -24.69, 0.90, -0.83, -2.37, -8.90, -18.82, -37.14, 1.80, 0.91, 1.30, -7.61, 7.87, 20.58, 2
17:58:19.702 -> 34, 2.23, -0.68, -0.14, -39.72, -3.92, -11.51, 0.75, -1.43, -1.47, -13.29, -39.81, -37.14, 0.75, 1.06, -0.35, -7.61, 0.54, 30.83, 2
17:58:19.702 -> 35, 1.18, -0.08, 0.01, -46.07, 6.82, -21.76, 0.75, -0.68, -1.02, -1.57, -14.42, -30.79, 1.35, 1.96, 0.25, -16.40, 9.33, 22.04, 2
17:58:19.702 -> 36, 1.93, 0.67, -0.29, -40.21, -0.99, -20.30, 2.25, -0.98, -1.92, -14.27, -21.26, -33.72, 1.35, 0.91, 1.30, 1.18, 18.61, 22.04, 2
17:58:19.751 -> 37, 0.88, 0.07, -0.89, -38.26, -11.73, -21.76, 1.35, 0.67, -2.07, -21.10, -15.40, -38.12, 0.45, 1.81, 2.65, -12.98, 9.82, 19.11, 2
17:58:19.751 -> 38, 1.78, -0.23, -0.59, -41.19, 4.38, -12.97, 1.35, -0.38, -1.62, -6.46, -11.98, -36.65, 1.20, 0.76, 1.15, -4.19, 11.77, 37.67, 2
17:58:19.751 -> 39, 2.68, -0.68, -0.59, -28.49, -3.43, -15.90, 1.95, 0.07, -1.92, -9.39, -28.58, -26.40, 1.05, 0.91, 2.05, -5.66, 15.68, 30.83, 2
17:58:19.751 -> 40, 1.18, 1.12, -1.04, -42.16, -10.76, -13.46, 1.05, -0.23, -1.02, -13.29, -19.31, -38.60, -0.75, 1.06, 0.85, -3.71, 8.84, 19.60, 2
17:58:19.751 -> 41, 1.78, 0.07, -0.14, -29.47, 11.70, -11.02, 0.45, -0.38, -1.62, -4.99, -22.72, -45.44, 1.05, -0.14, 1.30, -13.47, 8.35, 28.39, 2
17:58:19.798 -> 42, 1.93, 1.42, -0.29, -35.82, 0.47, -18.34, 0.45, -1.13, -1.62, -4.99, -16.87, -38.60, 1.35, 0.46, 2.05, -5.66, 6.89, 20.09, 2
17:58:19.798 -> 43, 1.18, 0.37, -0.74, -28.49, -7.83, -17.37, 0.90, -1.58, -2.37, -6.46, -30.54, -41.04, 1.35, 0.91, 2.05, -8.59, 19.58, 22.04, 2
17:58:19.798 -> 44, 2.38, 1.12, -0.29, -33.86, 2.43, -12.00, 1.05, -0.68, -1.02, -12.80, -10.03, -34.21, -0.75, 1.06, 0.40, -29.58, 13.73, 20.58, 2
17:58:19.798 -> 45, 3.43, 0.07, -1.64, -33.86, -5.39, -15.90, 1.65, -1.13, -2.07, -9.39, -25.65, -26.88, 1.65, -0.74, 0.85, -1.75, 6.89, 34.74, 2
17:58:19.846 -> 46, 1.63, 0.67, -1.04, -30.93, -1.97, -17.37, -0.15, -1.43, -1.47, -1.08, -18.33, -27.37, 1.20, 0.31, 2.35, 1.67, 21.05, 23.51, 2
17:58:19.846 -> 47, 1.63, 1.12, -0.29, -35.33, 5.84, 0.70, 0.30, -0.98, -1.92, -10.85, -21.26, -23.96, 0.60, 1.96, 1.30, -13.96, 12.75, 28.88, 2
17:58:19.846 -> 48, 1.63, 0.37, -0.74, -49.00, 6.33, -14.44, -0.60, -0.98, -2.67, -0.60, -17.84, -32.26, 1.65, 0.76, 2.35, -17.38, -2.39, 13.74, 2
17:58:19.846 -> 49, 0.88, 0.97, -0.59, -21.17, -15.15, -12.49, 0.90, -0.83, -1.32, -13.78, -8.08, -22.00, 0.60, -0.59, 2.05, -12.01, 14.70, 33.76, 2
17:58:19.893 -> 50, 2.68, 0.52, -1.64, -38.26, 6.33, -4.18, 0.75, -0.23, -1.02, -12.31, -23.21, -31.28, 0.60, 1.21, 1.30, -9.57, 14.21, 27.41, 2
17:58:19.893 -> 1, 0.28, 1.87, -2.69, -39.23, -2.46, -7.11, 0.45, -1.58, 0.18, 7.22, -21.75, -43.49, -0.15, -0.14, 1.75, -32.03, 6.89, 92.84, 2
17:58:19.893 -> 2, 0.13, 1.72, -4.04, -28.49, 7.80, -28.60, 1.65, -1.88, -0.12, -9.39, -24.68, -26.88, 1.05, -0.14, 3.25, -66.69, -8.74, 29.37, 2
17:58:19.893 -> 3, 1.93, 2.32, -5.09, -34.35, 3.89, -18.34, 2.25, -3.68, -1.02, -0.60, -5.63, -34.70, 0.60, 0.46, 2.05, -54.49, 27.89, 41.57, 2
17:58:19.941 -> 4, 1.93, 2.32, -2.69, -58.76, 9.26, 1.19, 1.05, -2.18, -2.22, 23.33, -24.68, -45.44, 0.15, 0.46, 2.05, -23.73, -10.20, 56.22, 2
17:58:19.941 -> 5, 0.58, 1.27, -1.64, 44.75, 21.96, -65.71, 0.15, -1.13, -4.02, -16.71, -36.88, -123.08, -0.00, 1.06, 2.35, 53.91, 39.60, 101.14, 2
17:58:19.941 -> 6, 0.88, 0.97, -0.14, -33.86, 10.24, -55.45, 0.45, -1.58, -2.07, -90.44, -11.01, 54.66, -0.60, 1.96, 1.30, -17.87, 28.37, 32.78, 2
17:58:19.941 -> 7, 2.83, 1.87, -0.74, -32.40, -4.90, 18.28, 1.65, -0.83, -0.12, -6.46, -36.40, -55.21, 1.05, 1.96, 2.05, -28.61, 12.75, 127.02, 2
17:58:19.941 -> 8, 2.38, 0.37, -1.49, -54.37, -10.27, 9.49, 0.90, -1.13, -2.07, -14.76, -19.79, -18.58, 2.40, -0.44, 1.60, -10.05, 15.19, 114.81, 2
17:58:19.988 -> 9, 2.83, -0.08, -2.24, -29.47, -3.43, -19.32, 1.95, -0.68, -1.47, 0.87, -26.63, -34.70, 1.05, 0.16, 1.75, -39.35, 20.56, 56.71, 2
17:58:19.988 -> 10, 2.68, 0.97, -1.64, -49.49, -0.99, -11.02, 0.45, -0.38, -1.32, -10.85, -29.07, -31.28, 1.05, 2.41, 2.05, -30.07, 16.17, 59.15, 2
17:58:19.988 -> 11, 2.23, 0.97, -0.59, -47.53, 2.92, -16.88, 1.05, -0.23, -1.02, -3.53, -32.49, -31.28, 0.75, 1.36, 1.90, -14.45, 18.61, 63.54, 2
17:58:19.988 -> 12, 0.73, -0.38, -0.29, -46.07, 10.24, -8.09, 1.50, 0.82, -1.47, -12.80, -27.61, -30.30, 0.75, 0.01, 0.10, -32.03, 20.56, 42.06, 2
17:58:20.037 -> 13, 0.58, 1.27, -0.14, -31.91, -1.97, -11.02, 0.30, -0.23, -0.72, -7.43, -20.28, -36.65, 0.15, -0.14, 1.75, -27.14, 6.89, 44.50, 2
17:58:20.037 -> 14, 1.93, 1.42, -0.29, -50.95, 2.43, -15.90, 2.25, 0.07, -2.22, -12.31, -32.00, -30.79, 0.60, 1.66, 2.50, -18.35, 9.33, 43.04, 2
17:58:20.037 -> 15, 1.78, 1.27, -1.34, -42.16, -1.48, -11.02, 2.10, 0.67, -1.32, -17.69, -22.24, -31.28, 1.20, 0.76, 2.35, -15.91, 18.61, 46.94, 2
17:58:20.037 -> 16, 1.78, 1.27, -0.59, -46.07, 6.33, -19.81, -0.75, -0.83, -2.07, -10.85, -17.84, -34.70, 0.45, 1.36, 1.60, -30.07, 6.40, 31.32, 2
17:58:20.083 -> 17, 1.93, 1.12, -1.04, -43.63, 1.94, -13.46, 0.45, -0.83, -2.07, -7.92, -29.56, -44.95, 0.45, 1.06, 2.35, -17.38, 7.87, 40.60, 2
17:58:20.083 -> 18, 2.83, 0.37, -1.49, -31.91, -0.99, -10.53, 0.45, 0.67, -2.07, -4.50, -23.21, -33.23, 1.20, 0.76, 1.90, -8.10, 23.49, 51.34, 2
17:58:20.083 -> 19, 1.78, 0.07, -0.14, -44.60, -3.43, -14.93, 1.35, -0.83, -2.37, -7.43, -35.91, -36.16, 1.05, 0.46, 2.05, -11.03, 3.47, 32.78, 2
17:58:20.083 -> 20, 2.68, 0.52, -0.59, -39.23, -4.41, -17.37, 0.45, -0.08, -2.07, -6.94, -23.21, -29.33, 0.75, 1.06, 1.90, -24.21, 2.01, 40.11, 2
17:58:20.131 -> 21, 1.78, 0.52, -0.89, -34.84, 10.73, -7.60, 0.15, 0.37, -2.07, -14.76, -26.14, -35.67, 1.05, 1.66, 2.05, -19.82, 17.14, 40.11, 2
17:58:20.131 -> 22, 1.33, 1.72, -0.59, -48.02, -5.39, -6.14, 0.30, -0.98, -2.67, -10.36, -21.26, -43.00, 1.20, 1.36, 1.90, -6.15, 18.12, 35.71, 2
17:58:20.131 -> 23, 2.38, 1.42, -0.74, -50.95, 4.87, -17.86, 0.30, -0.68, -1.92, -16.71, -27.12, -36.16, -0.30, 0.31, 1.60, -18.35, 9.33, 27.41, 2
17:58:20.131 -> 24, 2.23, 0.97, -0.89, -44.12, -8.32, -6.14, 1.35, -1.58, -2.37, -8.41, -29.56, -33.23, 0.60, 2.41, 2.50, -10.54, 20.07, 35.71, 2
17:58:20.131 -> 25, 2.38, 1.12, -1.04, -54.86, -7.34, -13.46, 0.15, -0.08, -1.62, -4.50, -19.79, -35.67, 1.35, 1.66, 1.00, -4.19, 21.05, 38.15, 2
17:58:20.179 -> 26, 1.93, 0.37, -1.04, -42.65, 1.45, -25.18, 0.75, -0.23, -1.92, 0.87, -24.68, -30.79, 1.20, 0.76, 2.65, -14.45, 22.03, 39.13, 2
17:58:20.179 -> 27, 1.78, 0.07, -0.14, -26.05, -1.97, -22.25, 0.90, 0.37, -1.62, -9.39, -32.49, -35.67, 1.05, 0.16, 1.00, -11.03, 18.12, 24.97, 2
17:58:20.179 -> 28, 0.88, 0.52, -1.34, -44.60, -6.85, -18.34, -0.60, 0.07, -1.92, -10.85, -7.10, -30.30, 0.45, 1.36, 1.60, -7.61, 22.51, 25.46, 2
17:58:20.179 -> 29, 1.33, 0.97, -0.59, -51.93, -3.43, -5.65, -0.90, -0.68, -1.47, 0.87, -17.84, -32.74, 1.35, 1.66, 0.70, -7.12, 23.00, 26.92, 2
17:58:20.225 -> 30, 0.58, 0.97, 0.61, -43.14, 1.94, -8.09, 1.50, 0.07, -1.92, -4.50, -21.26, -37.14, 1.35, 1.21, 1.30, -12.01, 9.33, 19.60, 2
17:58:20.225 -> 31, 3.43, 0.97, -0.14, -38.75, -8.32, -16.39, 1.05, 0.52, -2.22, -2.55, -16.87, -44.46, 1.35, 0.91, 1.30, -0.78, 8.35, 29.85, 2
17:58:20.225 -> 32, 2.68, 0.52, -0.59, -48.02, 5.84, -9.56, 0.45, -0.38, -2.82, 7.22, -25.17, -35.67, 1.20, 1.36, 2.65, -7.12, 11.28, 28.39, 2
17:58:20.225 -> 33, 0.73, 1.12, -0.29, -36.79, -2.46, -20.30, 0.30, -1.43, -1.92, -15.73, -24.68, -43.00, 1.95, 1.06, 1.90, -10.54, 21.05, 31.81, 2
17:58:20.273 -> 34, 2.98, 0.52, 0.31, -45.58, 0.96, -14.44, 0.30, -1.73, -1.92, -8.90, -27.61, -36.16, 1.35, 0.46, 1.00, -10.54, 18.12, 26.44, 2
17:58:20.273 -> 35, 2.68, 0.52, -1.64, -33.86, 4.87, -19.32, 0.15, -0.08, -1.32, -21.10, -13.45, -40.07, 0.60, 0.91, 1.75, -10.54, 13.24, 38.64, 2
17:58:20.273 -> 36, 2.98, 0.97, -2.09, -50.95, -6.36, -13.95, 0.75, -0.23, -0.72, -10.36, -12.47, -40.56, 0.75, 1.81, 0.85, -14.94, 21.05, 21.55, 2
17:58:20.273 -> 37, 2.38, 0.67, -0.74, -49.00, -8.80, -19.81, 1.50, 0.07, -2.22, 0.87, -17.35, -30.79, 1.20, 1.36, 2.35, -3.22, 6.89, 48.41, 2
17:58:20.321 -> 38, 2.38, 1.12, -0.74, -42.65, -1.48, -7.60, -0.15, -0.98, -2.67, -9.87, -26.14, -34.21, 0.15, 1.21, 3.25, -23.24, 21.05, 39.13, 2
17:58:20.321 -> 39, 1.93, 1.12, -1.04, -37.28, 1.45, -0.77, 1.35, -0.83, -1.32, -10.36, -16.38, -27.37, -0.30, 1.06, 2.35, -11.52, 6.89, 26.92, 2
17:58:20.321 -> 40, 3.43, 1.27, 1.06, -48.51, -0.99, -16.39, 0.90, -0.08, -1.32, -14.27, -19.31, -34.70, 1.05, 0.91, 1.30, -20.80, 24.47, 32.78, 2
17:58:20.321 -> 41, 1.18, -0.08, -0.29, -49.49, -5.39, -21.27, 0.75, -0.68, -1.92, -1.57, -28.10, -38.12, 1.05, 1.21, 2.05, -9.08, 10.80, 17.65, 2
17:58:20.321 -> 42, 2.38, -0.08, -0.74, -46.56, -1.48, -17.86, 0.30, 0.07, -1.92, -15.73, -26.63, -33.23, 1.05, 1.66, 1.00, -15.91, 4.45, 24.48, 2
17:58:20.368 -> 43, 0.88, 0.07, -0.89, -38.26, 4.38, -13.95, 1.05, 0.07, -2.22, -11.83, -16.38, -33.72, 0.45, 0.76, 1.90, -17.87, 8.84, 28.88, 2
17:58:20.368 -> 44, 1.93, -0.08, 0.01, -52.42, -11.25, -10.53, -0.15, 0.07, -0.72, -16.22, -19.79, -30.79, 1.20, 0.76, 1.15, -2.73, 11.28, 26.92, 2
17:58:20.368 -> 45, 2.23, 0.97, -0.59, -40.21, 1.45, -21.76, -0.15, -0.98, -2.67, -8.90, -15.40, -42.51, 1.20, 0.31, 1.90, -17.38, 13.24, 33.27, 2
17:58:20.368 -> 46, 3.73, -0.08, -0.29, -41.67, -0.50, -12.49, -0.15, -0.68, -2.97, -12.80, -15.89, -21.03, 0.15, 1.21, 2.50, -26.66, 2.98, 36.20, 2
17:58:20.415 -> 47, 1.93, 1.87, -1.04, -44.12, -0.99, -14.44, 0.30, -0.23, -1.47, -9.39, -22.24, -43.97, -0.15, 0.16, 1.30, -19.82, 19.10, 29.37, 2
17:58:20.415 -> 48, 1.78, 1.72, -1.64, -41.67, 0.96, -21.76, -0.60, -0.98, -1.92, -7.92, -20.28, -25.91, -0.60, -0.59, 2.05, -12.01, 18.61, 34.25, 2
17:58:20.415 -> 49, 1.63, 0.67, -0.74, -36.30, 8.29, -5.65, 0.15, -0.08, -2.07, -15.24, -14.91, -31.77, 1.20, 2.11, 1.90, -12.49, 20.07, 34.25, 2
17:58:20.415 -> 50, 2.23, 1.27, -0.89, -46.56, -1.97, -23.23, 0.45, -1.13, -1.62, -22.57, -19.79, -28.84, 0.75, 1.81, 0.85, -16.40, 15.19, 39.62, 2
17:58:20.462 -> 1, 2.68, 1.72, -2.54, -62.67, 1.45, -11.51, 3.75, -1.88, -0.57, 13.56, -16.87, -57.65, -0.60, -0.89, 2.50, 55.38, 41.56, 47.92, 2
17:58:20.462 -> 2, 0.73, 0.37, -3.44, -42.16, -11.25, -15.90, 3.45, -2.48, -0.27, -25.99, -26.14, -35.67, 0.60, -0.14, 4.30, 14.36, 5.42, -0.91, 2
17:58:20.462 -> 3, 2.38, 0.67, -5.09, -40.21, -1.97, -12.49, 4.50, -1.88, -0.57, -11.83, -17.35, -52.28, 0.75, -0.44, 4.15, 4.59, 11.28, 6.42, 2
17:58:20.462 -> 4, 1.63, 1.12, -7.34, -39.23, 1.45, -8.09, 6.15, -2.63, 0.63, -15.73, -23.21, -47.39, 1.05, -0.14, 4.30, 30.96, 7.87, 23.02, 2
17:58:20.509 -> 5, 0.88, 3.22, -10.79, -74.39, 3.40, 6.56, 6.00, -6.98, 1.23, 37.00, -15.40, -108.43, 1.35, 0.16, 3.25, -31.54, -3.36, -1.88, 2
17:58:20.509 -> 6, 2.38, 3.37, -14.09, -8.96, 23.42, -65.22, 3.90, -6.98, -1.02, -5.97, -50.07, -115.26, 2.25, -0.59, 5.35, 128.13, 58.16, 135.81, 2
17:58:20.509 -> 7, 3.43, 3.22, -12.29, -52.42, 6.33, -19.32, 3.90, -7.73, 0.78, -75.30, -4.17, 2.90, 2.25, 0.91, 3.25, 12.90, 14.21, 35.22, 2
17:58:20.509 -> 8, 6.13, 3.82, -12.14, -55.83, 30.26, -76.94, 2.85, -6.83, -0.12, -78.72, -8.56, -11.26, 1.05, 1.21, 4.00, 48.54, 23.49, 27.41, 2
17:58:20.556 -> 9, 7.18, 3.97, -9.14, -52.42, 8.77, -7.60, 2.10, -6.08, -1.62, 26.75, -35.42, -60.09, 2.40, 0.31, 2.65, 33.89, 32.28, -107.84, 2
17:58:20.556 -> 10, 6.13, 1.12, -3.89, -46.56, -2.94, -7.11, 2.85, -3.83, -0.87, -6.94, -21.26, -43.97, 1.05, -0.59, 2.80, -8.10, 7.38, -103.94, 2
17:58:20.556 -> 11, 4.93, 2.32, -3.89, -29.96, -6.85, -4.67, 2.70, -2.93, -2.97, -14.76, -33.96, -42.02, 3.00, 0.91, 2.80, -0.78, 11.77, -50.22, 2
17:58:20.556 -> 12, 3.73, 1.12, -3.14, -63.16, 6.33, -8.58, 1.35, -2.33, -1.62, 9.66, -15.40, -34.70, 1.35, 0.91, 2.80, 33.89, 23.49, 12.76, 2
17:58:20.604 -> 13, 2.83, 1.87, -1.49, -50.95, -7.83, -12.97, 1.05, -1.73, -2.22, 0.38, -21.75, -29.33, 0.75, 1.06, 3.40, -0.78, 20.07, -10.67, 2
17:58:20.604 -> 14, 1.78, 0.97, -1.64, -41.19, 0.96, -12.00, 0.45, -1.13, -1.32, -7.43, -23.70, -44.46, 1.05, 1.96, 2.05, -12.49, 17.63, 1.53, 2
17:58:20.604 -> 15, 2.23, 2.02, -0.14, -45.09, 4.87, -12.00, 2.25, 0.07, -2.22, -10.85, -18.82, -31.28, 1.20, 0.76, 1.60, 21.68, 18.61, 33.27, 2
17:58:20.604 -> 16, 1.93, 0.67, -1.49, -38.26, 3.40, -13.95, 0.45, -1.13, -2.37, -7.92, -31.51, -37.14, 1.80, 1.66, 1.75, 9.97, 14.70, 30.83, 2
17:58:20.604 -> 17, 0.88, 1.27, -0.89, -51.93, 0.96, -9.56, 0.45, -1.58, -2.07, -24.52, -18.82, -32.26, 0.15, 0.91, 1.75, -2.73, 17.14, 19.11, 2
17:58:20.652 -> 18, 1.93, 0.37, -1.04, -43.63, -5.39, -6.63, 0.30, -1.43, -1.92, -6.46, -29.56, -39.58, 1.35, 1.66, 2.80, 11.43, 21.05, 28.39, 2
17:58:20.652 -> 19, 2.68, 0.97, -0.89, -46.56, 0.47, -13.46, 1.50, 0.07, -1.92, -14.27, -24.68, -48.86, 1.05, 1.66, 1.00, 5.08, 10.80, 36.20, 2
17:58:20.652 -> 20, 3.28, 1.12, -1.04, -42.16, -2.46, -21.27, 1.35, -0.83, -2.37, -8.90, -21.75, -47.88, 1.20, 2.11, 1.15, -7.12, 11.77, 20.58, 2
17:58:20.652 -> 21, 3.28, 1.12, -0.74, -41.19, 3.40, -12.97, 0.30, -0.98, -1.47, -4.50, -19.31, -35.19, -0.00, 2.56, 2.65, -10.05, 16.17, 25.95, 2
17:58:20.699 -> 22, 2.98, 0.07, -2.09, -51.93, -0.99, -12.97, -0.15, -0.68, -2.67, -17.20, -21.75, -42.51, 1.35, 0.91, 2.05, -9.57, 11.28, 47.92, 2
17:58:20.699 -> 23, 0.88, 1.27, -0.14, -47.05, -4.90, -6.63, 0.30, -1.43, -2.67, -11.34, -35.91, -41.53, 0.45, 0.76, 1.90, -12.98, 6.40, 23.51, 2
17:58:20.699 -> 24, 2.23, 0.97, -0.89, -48.02, -5.39, -0.28, 1.35, -0.83, -2.37, -11.34, -20.28, -28.84, 1.20, 1.06, 1.60, -2.24, 10.80, 35.71, 2
17:58:20.699 -> 25, 1.63, 0.37, -0.74, -41.19, 1.45, -13.46, 0.90, -0.38, -1.32, -15.73, -20.28, -43.00, 1.20, 1.36, 1.60, -11.52, 21.54, 34.25, 2
17:58:20.748 -> 26, 2.23, 0.97, -1.34, -39.23, 4.38, -11.02, 1.05, -1.43, -1.92, -7.43, -27.61, -46.90, 0.60, 1.66, 2.50, 2.64, 22.51, 21.55, 2
17:58:20.748 -> 27, 2.98, 0.52, -0.14, -38.26, -1.97, -17.37, 1.50, -0.98, -1.47, -11.34, -32.98, -26.88, 1.65, 1.36, 2.95, -16.40, 10.31, 39.62, 2
17:58:20.748 -> 28, 3.43, 0.97, -0.89, -33.37, 1.45, -21.27, 0.45, -0.83, -1.62, 0.38, -23.70, -37.63, 0.75, 1.06, 1.60, -7.12, 22.03, 38.64, 2
17:58:20.748 -> 29, 3.28, 1.42, -0.29, -42.65, -1.48, -16.39, 0.45, 0.67, -1.32, -3.53, -18.82, -26.88, 1.35, 2.41, 3.55, -2.24, 16.17, 31.81, 2
17:58:20.794 -> 30, 1.63, 0.67, 0.01, -46.56, 3.89, -18.83, 0.75, 0.07, -1.47, -9.87, -20.28, -29.33, -0.15, 1.66, 2.80, -21.77, 26.91, 28.39, 2
17:58:20.794 -> 31, 3.28, 1.87, -0.29, -40.70, -1.97, -17.37, 1.50, -2.18, -1.02, -7.92, -23.70, -41.04, 1.65, 1.81, 1.90, -28.61, 18.12, 36.20, 2
17:58:20.794 -> 32, 1.93, -0.08, -0.74, -39.72, -6.85, -5.65, 1.35, -0.08, -2.37, -4.99, -22.24, -34.21, -0.30, 2.56, 1.60, -16.89, 7.38, 33.76, 2
17:58:20.794 -> 33, 1.93, 0.37, -1.04, -36.79, 3.89, -5.16, 0.90, -0.83, -2.82, -9.87, -25.17, -40.56, 1.65, 1.06, 1.90, -14.94, 8.35, 42.06, 2
17:58:20.794 -> 34, 3.28, 0.67, -1.04, -57.79, 4.87, -11.51, 0.30, -1.43, -1.92, -19.64, -33.47, -35.19, 0.45, 2.11, 2.35, -2.24, 13.24, 28.88, 2
17:58:20.842 -> 35, 2.68, 0.97, -1.64, -45.09, -6.36, -20.30, 1.05, -1.73, -1.02, 2.82, -26.14, -39.09, 1.35, 0.91, 2.05, -11.03, 19.10, 29.37, 2
17:58:20.842 -> 36, 1.78, 0.52, -0.89, -39.23, -2.46, -25.67, 1.35, -0.83, -3.12, -6.94, -12.47, -39.09, 1.95, 1.36, 2.65, -13.96, 16.17, 29.37, 2
17:58:20.842 -> 37, 2.23, -0.23, -0.59, -38.75, 0.47, -12.49, -0.60, -0.23, -1.47, -17.69, -23.21, -33.72, 1.65, 0.31, 1.60, -17.38, 14.70, 30.83, 2
17:58:20.842 -> 38, 1.63, 0.37, -0.29, -49.49, -7.34, -19.81, 2.25, -0.98, -1.47, -18.66, -29.07, -34.21, 1.05, 0.91, 1.30, -19.33, 26.42, 32.78, 2
17:58:20.889 -> 39, 1.78, 0.97, -0.59, -46.07, 3.89, -12.00, 0.75, 0.52, -1.47, -1.08, -23.70, -40.56, 0.45, 1.81, 0.85, -15.42, 24.47, 38.15, 2
17:58:20.889 -> 40, 2.98, 0.07, -0.59, -43.63, 14.15, -19.32, 0.90, -0.38, -1.62, -15.73, -19.31, -48.37, 1.20, 1.06, 1.90, -18.35, 5.42, 21.55, 2
17:58:20.889 -> 41, 2.38, -0.08, 0.01, -44.12, 2.43, -17.86, 0.75, -0.98, -1.92, -10.36, -33.47, -44.95, 0.60, 1.21, 2.80, -2.73, 4.94, 40.11, 2
17:58:20.889 -> 42, 2.83, 1.12, -0.29, -36.30, -6.85, -9.07, 0.45, -1.13, -2.37, -5.97, -34.44, -34.21, 2.70, 1.06, 1.90, -6.64, 12.75, 30.83, 2
17:58:20.937 -> 43, 2.38, 0.37, -1.94, -49.00, -6.85, -13.95, 0.30, -0.68, -2.22, -17.69, -25.65, -24.93, 1.35, 1.66, 2.80, -11.03, 12.75, 37.18, 2
17:58:20.937 -> 44, 3.88, 1.27, -0.59, -43.63, 5.84, -24.20, 1.05, -0.98, -1.92, -17.20, -31.03, -45.93, 0.60, 0.46, 1.30, -7.12, 18.61, 41.08, 2
17:58:20.937 -> 45, 1.78, 0.52, -0.89, -47.53, -4.90, -9.56, 0.15, -0.38, -1.62, 0.38, -32.98, -29.33, 1.65, 1.06, 2.95, -5.17, 16.66, 30.34, 2
17:58:20.937 -> 46, 1.93, 1.87, -1.04, -46.07, 7.31, -10.53, -0.60, -1.43, -2.22, -11.34, -16.87, -34.21, 0.75, 0.31, 0.85, 5.57, 24.47, 28.88, 2
17:58:20.985 -> 47, 2.23, 0.97, -0.14, -49.00, 3.40, -21.76, 1.65, -0.38, -2.07, -11.34, -30.54, -36.16, 0.45, 2.11, 1.90, -15.91, 14.70, 31.32, 2
17:58:20.985 -> 48, 1.78, 1.27, -0.59, -49.00, 10.24, -17.86, 1.05, -0.68, -1.92, -4.50, -35.42, -40.07, 0.45, 1.36, 1.60, -4.19, 9.33, 36.20, 2
17:58:20.985 -> 49, 1.78, 0.07, -1.64, -45.58, 1.94, -10.53, 1.35, -1.88, -2.82, -14.27, -17.84, -41.53, 1.20, 1.36, 2.65, -21.28, 7.38, 31.81, 2
17:58:20.985 -> 50, 2.38, 0.67, -0.74, -41.19, -6.36, -26.16, 1.05, -0.68, -1.02, -11.34, -27.61, -38.60, 1.65, 1.36, 1.60, -13.47, 14.70, 25.95, 2
17:58:20.985 -> 1, 2.98, 0.07, -2.09, -56.32, -2.46, -12.49, 3.15, -1.43, -2.67, -14.27, -18.33, -22.98, 1.20, 1.36, 2.65, -9.08, 24.96, 57.20, 2
17:58:21.034 -> 2, 1.78, 0.07, -2.09, -46.56, -3.92, -4.18, 2.70, 1.27, -0.72, -6.46, -21.75, -45.93, -0.75, -0.44, 0.40, -72.55, -3.85, -23.86, 2
17:58:21.034 -> 3, 1.63, 1.42, -0.29, -48.02, 2.92, -24.69, 1.65, 0.67, 1.83, -11.83, -30.05, -46.42, -3.15, 0.76, 1.60, 49.52, 38.63, 90.89, 2
17:58:21.034 -> 4, 1.18, 0.37, -1.49, -98.80, 31.72, -157.51, 0.90, 1.87, 2.88, -351.67, -103.29, 157.20, -3.45, -0.74, -1.40, -97.94, -66.35, 193.92, 2
17:58:21.034 -> 5, 1.18, 0.37, -1.49, -21.66, -0.99, -23.72, 1.05, 1.57, 3.48, -12.31, -22.72, -30.30, -2.40, -2.24, -1.10, -122.36, -6.78, 86.98, 2
17:58:21.081 -> 6, 0.13, 0.07, -0.89, -72.92, 16.59, 37.32, 0.75, 3.52, 1.53, 106.83, -38.84, -122.59, -0.30, -1.49, -1.40, -203.90, 13.24, 123.12, 2
17:58:21.081 -> 7, 0.73, 0.37, -1.49, -28.98, 4.87, -0.28, 0.15, 2.17, -0.87, -79.21, -17.35, 25.85, -2.40, -1.19, -0.35, -173.63, -10.20, 132.88, 2
17:58:21.081 -> 8, 0.88, -0.98, -0.89, -28.98, -4.90, -17.86, 1.50, 0.07, -0.72, 16.98, -32.49, -58.62, -0.60, 0.46, 1.75, -119.43, -0.92, 172.92, 2
17:58:21.081 -> 9, 1.93, 0.37, -1.49, -23.61, -12.71, -19.32, 0.15, 0.37, -0.87, -13.78, -20.28, -25.91, -0.15, 0.91, 0.70, -93.06, 10.80, 163.15, 2
17:58:21.128 -> 10, 2.23, 0.52, -0.89, -46.56, -9.78, -14.44, 0.75, 0.07, -1.47, 5.75, -18.82, -42.02, 1.35, 1.66, 1.30, -89.16, 10.80, 121.65, 2
17:58:21.128 -> 11, 2.23, 0.52, -1.64, -35.82, -8.32, -13.95, -0.60, -0.23, -2.97, -5.97, -7.10, -39.58, 1.05, 1.96, 1.75, -74.02, 8.35, 103.58, 2
17:58:21.128 -> 12, 2.23, 1.27, -0.59, -38.26, 6.82, -11.51, 0.90, -0.38, -2.07, -11.34, -17.84, -29.33, 0.60, 1.21, 1.30, -44.72, 11.28, 90.40, 2
17:58:21.128 -> 13, 1.33, -0.23, -0.59, -51.44, 4.87, -17.37, -0.15, -0.23, -1.02, -9.39, -19.31, -27.37, 0.60, 0.91, 1.00, -40.82, -6.29, 77.71, 2
17:58:21.174 -> 14, 1.63, 1.12, -2.24, -31.42, 11.70, -12.97, 0.30, -0.68, -1.02, -22.08, -25.65, -25.91, 1.65, 1.36, 0.85, -48.63, 8.35, 56.22, 2
17:58:21.174 -> 15, 2.38, -0.08, -0.74, -57.79, -5.87, -19.81, 0.45, 0.37, -1.32, -16.22, -34.93, -29.33, 0.60, 0.91, 1.30, -29.10, 7.87, 60.62, 2
17:58:21.174 -> 16, 1.18, 1.87, -1.94, -41.67, -16.13, -15.42, 1.50, -0.68, -1.47, -7.43, -20.77, -29.81, 1.35, 1.21, 1.30, -35.44, 0.05, 45.97, 2
17:58:21.174 -> 17, 1.18, -0.08, -0.29, -37.77, 0.96, -20.30, 0.90, -1.58, -0.87, -4.50, -22.72, -30.30, -0.60, 2.41, 2.05, -40.33, 2.01, 40.60, 2
17:58:21.222 -> 18, 1.33, 0.97, -0.59, -32.40, 6.33, -13.95, 0.75, -0.68, -1.47, -7.92, -30.54, -26.88, 1.80, 2.41, 2.05, -30.07, 10.80, 41.08, 2
17:58:21.222 -> 19, 2.23, -0.23, -0.59, -46.56, 0.47, -17.37, -0.60, -0.23, -0.72, -16.22, -21.26, -35.67, 1.20, 0.31, 1.60, -10.05, 11.28, 40.60, 2
17:58:21.222 -> 20, 2.68, 0.97, -0.59, -43.14, 8.77, -26.65, 0.90, -0.83, -1.32, -13.78, -18.33, -36.16, -0.30, 1.06, 1.90, -21.28, -0.43, 30.83, 2
17:58:21.222 -> 21, 1.63, 1.42, -1.04, -45.09, -3.43, -5.16, 1.35, -1.13, -1.32, -4.01, -16.87, -35.19, -0.15, 0.91, 1.75, -14.94, 23.49, 23.51, 2
17:58:21.271 -> 22, 1.33, 0.07, -0.59, -39.23, -6.85, -16.39, -0.15, -0.68, -2.22, -4.50, -20.77, -30.79, -0.15, 0.16, 1.00, -16.40, 16.17, 41.08, 2
17:58:21.271 -> 23, 1.18, 1.87, -0.74, -38.75, 10.24, -16.88, 1.35, -0.08, -2.07, -14.76, -18.33, -20.05, 1.05, 1.66, 1.30, -22.75, 6.40, 34.74, 2
17:58:21.271 -> 24, 2.23, 0.97, -0.89, -39.72, 2.43, -11.51, 0.45, -0.08, -1.32, -15.24, -19.79, -28.35, 0.75, 1.36, 1.90, -3.71, 16.17, 24.97, 2
17:58:21.271 -> 25, 2.23, 0.97, -0.59, -37.28, 0.47, -11.02, 0.45, -0.08, -1.62, -8.41, -17.35, -27.37, -0.30, 0.01, 2.35, -12.49, 15.68, 32.29, 2
17:58:21.271 -> 26, 0.58, 1.27, -1.64, -41.19, 9.26, -24.20, 0.45, -0.08, -1.32, -13.29, -18.33, -20.05, 0.15, 0.91, 2.05, -3.71, 4.45, 24.48, 2
17:58:21.317 -> 27, 0.13, 0.67, 0.01, -39.23, 3.40, -25.67, 0.90, -0.38, -0.87, -1.57, -11.49, -31.28, 0.15, 0.91, 1.00, 2.15, 14.70, 30.34, 2
17:58:21.317 -> 28, 2.68, 0.07, 0.31, -37.28, -9.29, -8.58, 0.30, -0.23, -1.47, 0.87, -21.75, -21.03, 1.05, 0.91, 1.30, -8.10, 13.73, 22.53, 2
17:58:21.317 -> 29, 1.18, 0.67, -0.74, -39.72, -10.76, -7.11, 0.90, -0.38, -0.87, 0.87, -7.10, -24.44, 2.25, 1.66, 2.05, -6.64, 13.24, 19.11, 2
17:58:21.317 -> 30, 1.63, 1.42, -1.04, -40.70, 1.94, -22.25, 1.95, 0.07, -1.47, 0.87, -20.28, -32.26, 1.20, 1.06, 2.35, -10.54, 11.28, 35.22, 2
17:58:21.366 -> 31, 1.93, 1.87, -0.29, -35.33, -20.52, -7.11, -0.15, -0.68, -1.92, -2.06, -6.61, -25.91, 0.60, 0.91, 2.05, 2.15, 13.73, 32.29, 2
17:58:21.366 -> 32, 1.78, -0.23, -1.34, -45.58, 1.45, -14.93, 0.75, 0.07, -1.47, -9.39, -22.72, -29.81, -1.20, 1.36, 0.10, -10.54, 10.31, 22.04, 2
17:58:21.366 -> 33, 2.23, 1.27, -1.34, -41.67, 7.80, -6.63, 0.15, -0.38, -1.62, -10.85, -22.72, -28.84, 0.75, 1.36, 1.60, 4.59, 14.21, 30.83, 2
17:58:21.366 -> 34, 1.93, 0.37, 0.46, -42.65, -6.85, -12.00, 1.35, -0.38, -2.37, -4.50, -23.21, -34.70, -0.00, 1.36, 0.40, -6.15, 17.14, 27.90, 2
17:58:21.413 -> 35, 2.23, 0.97, -0.89, -37.77, -15.15, -20.79, 0.45, -0.08, -1.62, -20.13, -16.38, -22.00, 0.60, 1.66, 2.05, -7.61, 3.96, 30.34, 2
17:58:21.413 -> 36, 1.93, 1.42, 0.01, -33.37, 0.96, -20.79, -0.15, -0.23, -1.92, -3.53, -12.96, -32.26, 0.75, 0.76, 1.15, -7.12, 15.68, 32.78, 2
17:58:21.413 -> 37, 1.33, 0.52, -0.89, -29.96, 6.82, -24.20, 0.45, -1.13, -2.07, -9.39, -19.31, -29.33, 0.45, 1.06, 1.15, -14.94, 7.38, 27.41, 2
17:58:21.413 -> 38, 1.63, 1.87, -1.04, -24.58, -0.99, -18.34, 0.45, 0.37, -2.07, -10.36, -28.10, -26.88, -0.00, 1.06, 1.60, -10.54, 14.21, 33.76, 2
17:58:21.460 -> 39, 2.23, 0.97, -0.89, -39.23, 9.26, -14.93, 1.05, -0.98, -1.92, -19.64, -26.63, -31.28, -0.30, -0.44, 0.85, -18.35, 15.19, 24.97, 2
17:58:21.460 -> 40, 3.73, 1.12, -0.29, -33.86, -5.87, -21.76, 1.05, -0.68, -1.92, -10.85, -20.28, -29.33, 0.45, 1.81, 0.85, -19.33, 24.47, 32.29, 2
17:58:21.460 -> 41, 2.98, 0.52, -0.89, -36.79, 10.73, -19.32, 1.65, -0.08, -1.32, -4.99, -23.70, -40.07, 0.60, 1.21, 2.05, -4.68, -4.83, 36.69, 2
17:58:21.460 -> 42, 2.98, 0.07, -0.89, -44.12, -6.85, -9.07, -0.90, -0.98, -1.47, -17.69, -10.52, -32.74, 0.60, 1.21, 1.00, -20.31, 10.80, 11.79, 2
17:58:21.507 -> 43, 1.63, 1.12, -0.74, -26.54, -12.71, -20.30, 0.15, -0.83, -3.12, 8.19, -27.12, -32.26, -0.15, 0.91, 2.05, -11.52, 8.35, 24.97, 2
17:58:21.507 -> 44, 1.78, 0.97, -0.89, -38.26, -9.78, -6.63, 1.35, -0.08, -0.87, -16.71, -26.63, -31.28, -0.15, 1.96, 2.50, 2.15, 10.80, 17.65, 2
17:58:21.507 -> 45, 2.68, 0.52, -1.34, -40.21, 4.38, -17.37, 1.50, 0.52, -1.02, -7.92, -27.12, -27.86, -0.15, 0.16, 2.05, -4.19, 14.21, 15.69, 2
17:58:21.507 -> 46, 2.68, 0.97, -0.59, -35.82, 1.94, -12.00, 0.90, 0.37, -0.57, -6.46, -16.87, -35.19, 0.15, 0.91, 1.00, -13.96, 12.26, 23.02, 2
17:58:21.507 -> 47, 2.38, 1.12, -1.04, -34.35, -4.41, -21.27, 0.45, -0.38, -2.07, -11.34, -21.26, -29.33, 1.05, 0.16, 2.05, -9.08, 10.31, 21.55, 2
17:58:21.554 -> 48, 0.88, 1.72, -0.14, -44.60, -2.46, -13.46, 0.45, -1.13, -1.32, -8.41, -10.52, -39.58, -0.00, 1.36, 2.35, -8.59, 11.77, 31.32, 2
17:58:21.554 -> 49, 1.78, 2.02, -0.89, -36.79, 10.24, -18.34, 0.75, -0.23, -1.47, -9.87, -19.31, -31.77, 1.80, 0.46, 1.75, -10.54, 16.66, 23.02, 2
17:58:21.554 -> 50, 2.83, 0.37, 0.01, -37.77, -0.99, -15.90, 0.90, -0.08, -1.32, -16.71, -29.56, -30.79, 1.65, 1.36, 0.85, 3.13, 18.12, 16.67, 2
17:58:21.554 -> 1, 3.28, 1.12, -1.94, -42.65, -3.92, -15.90, 1.05, -0.98, -2.22, 15.03, -13.45, -40.56, 0.60, 1.96, 3.25, 92.49, 17.14, -38.02, 2
17:58:21.601 -> 2, 1.78, -1.43, -1.64, -31.42, 2.92, -15.42, 2.70, 0.52, -1.92, -18.17, -28.58, -20.05, 0.45, 1.36, 3.70, -15.42, -7.27, -122.98, 2
17:58:21.601 -> 3, 1.93, -0.08, -1.49, -28.00, 9.26, -18.83, 2.55, 1.12, -2.07, -1.57, -10.03, -30.79, -1.20, 1.81, 2.65, 49.52, 17.14, -17.51, 2
17:58:21.601 -> 4, 2.38, -0.83, -1.04, -42.65, 10.73, -7.11, 2.70, 0.82, -1.47, -9.87, -11.98, -22.00, -1.95, -0.74, 3.70, 52.93, 11.28, -0.91, 2
17:58:21.601 -> 5, 2.23, 0.07, -1.34, -40.21, 4.38, -8.09, 3.30, 0.37, -2.07, -2.06, -9.05, -26.88, -2.55, 0.16, 0.25, -13.47, -9.22, -59.01, 2
17:58:21.648 -> 6, 2.23, -0.23, -1.34, -25.56, 9.75, -8.09, 1.50, 0.07, -1.47, 2.82, -13.45, -27.37, -1.35, 0.46, 1.00, 8.01, 21.54, -1.88, 2
17:58:21.648 -> 7, 1.93, 0.37, -1.49, -32.89, 1.94, -15.90, 2.25, -0.98, -1.92, -8.41, -19.79, -17.61, -1.20, 1.06, 0.40, 40.73, 17.63, 17.16, 2
17:58:21.648 -> 8, 1.78, 0.07, -0.14, -29.47, -6.85, 0.21, 0.30, 1.27, -1.47, 0.38, 0.22, -33.72, -0.15, 0.91, -0.50, -30.07, -6.78, -54.13, 2
17:58:21.648 -> 9, 1.78, 0.52, -0.14, -26.05, -7.83, -31.53, -0.60, 0.07, -0.27, -49.91, 13.90, -18.58, 1.80, 1.96, 0.70, 155.47, 49.86, 12.28, 2
17:58:21.696 -> 10, 1.18, 1.42, 1.21, -38.75, 17.56, -20.30, -0.15, 0.52, -1.92, -6.46, -31.03, -13.21, 2.25, 3.01, -0.50, 71.00, 2.98, -55.11, 2
17:58:21.696 -> 11, 1.93, 0.67, 0.01, -32.89, 15.12, -12.97, 0.75, -0.68, 0.03, -9.39, -35.42, -10.28, 3.30, 3.46, 0.25, 27.54, -7.76, -54.62, 2
17:58:21.696 -> 12, 2.38, 0.67, -0.74, -28.98, -1.97, -69.61, -0.30, -0.38, -2.07, -46.49, -39.33, -11.26, 3.75, 3.01, 1.75, 167.68, 35.21, 33.76, 2
17:58:21.696 -> 13, 2.38, 1.12, -1.49, -36.30, 5.36, -7.11, 0.15, -0.38, -1.62, 2.33, -11.49, -29.33, 1.20, 2.11, -1.10, -42.28, -22.90, -252.37, 2
17:58:21.744 -> 14, 0.58, 0.52, -0.59, -40.70, 3.40, -25.18, 0.90, -0.38, -1.32, 25.28, -35.91, -36.65, 2.55, 2.41, 0.25, -5.17, -15.08, -127.86, 2
17:58:21.744 -> 15, 1.63, 0.37, 0.01, -27.03, -7.83, -5.16, 1.50, -0.23, -1.92, -25.99, -9.05, -9.79, 1.20, 0.76, 1.60, 137.90, 44.98, 65.01, 2
17:58:21.744 -> 16, 2.38, 1.12, -0.74, -14.82, 12.19, -9.56, 0.45, 0.67, -2.07, 0.38, -4.66, -42.02, -0.60, 0.46, 1.00, -19.82, 5.42, -82.94, 2
17:58:21.744 -> 17, 0.88, 0.07, -0.89, -32.89, 3.89, -25.67, 1.35, -1.58, -2.07, -4.50, -26.14, -17.12, 1.35, 1.21, 1.75, -21.77, 14.21, -43.88, 2
17:58:21.744 -> 18, 2.38, -0.08, 0.46, -33.37, 4.87, 1.67, 0.30, 0.07, -1.02, -7.43, -19.31, -31.77, 0.60, 1.66, 1.00, 84.67, 25.93, 93.33, 2
17:58:21.792 -> 19, 0.73, 1.42, 0.01, -33.37, -0.50, -17.37, 2.55, 0.37, -1.62, -9.39, -13.94, -20.54, 0.75, -0.44, 0.10, -15.91, 2.01, -4.33, 2
17:58:21.792 -> 20, 2.23, 1.27, -0.14, -36.30, 9.26, -9.56, 0.30, -0.68, -1.02, -1.57, -14.91, -15.65, 1.35, 2.71, 1.75, -28.12, -17.04, -23.86, 2
17:58:21.792 -> 21, 1.93, 1.12, -1.49, -30.93, 8.77, -24.69, 0.90, 0.67, -1.32, -10.85, -8.08, -22.00, 0.45, 1.36, 0.40, 40.73, 23.00, 58.66, 2
17:58:21.792 -> 22, 1.18, 1.12, 0.46, -16.77, 4.38, -12.97, -0.15, 0.07, -0.72, 5.75, -28.58, -23.47, 0.45, -0.44, 0.10, -1.26, 10.31, 8.37, 2
17:58:21.839 -> 23, 2.83, 1.12, -0.29, -34.84, -0.01, -24.20, 0.75, -1.43, -1.92, -2.55, -25.17, -15.65, 1.65, 1.36, 1.15, -29.10, -16.55, -10.19, 2
17:58:21.839 -> 24, 1.63, 1.12, -1.49, -28.98, 4.87, -17.86, -0.90, 0.52, -0.72, -18.66, -13.45, -22.98, 0.15, 1.21, 0.70, 19.24, 14.21, 34.74, 2
17:58:21.839 -> 25, 1.78, 1.27, -1.34, -19.21, 11.70, -18.83, 0.75, 0.07, -1.92, -5.97, -12.47, -19.07, 0.60, 1.21, 0.70, 8.50, 6.89, 27.41, 2
17:58:21.839 -> 26, 1.93, 1.87, 0.01, -29.96, 2.43, -19.81, 0.75, 0.82, -1.92, -7.43, -13.94, -27.86, 1.20, 1.36, 1.15, -15.91, 4.45, 2.51, 2
17:58:21.887 -> 27, 0.88, 1.12, -1.04, -31.42, -4.41, -14.93, -1.20, -0.08, -1.62, -7.92, -12.47, -8.82, 0.75, 0.01, 0.85, -5.66, 10.80, 31.32, 2
17:58:21.887 -> 28, 0.88, 1.27, -1.34, -36.79, 1.94, -18.34, 0.30, -0.68, -1.47, -3.53, -13.94, -18.58, -0.15, 0.16, 1.00, 3.13, 15.19, 32.78, 2
17:58:21.887 -> 29, 1.18, 0.67, 0.46, -36.79, 13.66, -9.56, 0.15, -0.08, -1.62, -13.29, -26.63, -16.63, 0.60, 1.21, 0.70, -7.61, 2.98, 7.39, 2
17:58:21.887 -> 30, 1.78, 1.27, -0.14, -42.16, 8.29, -2.72, -0.15, 0.52, -1.47, 3.31, -14.91, -19.56, 0.15, 0.46, 0.70, -17.38, 10.80, 17.16, 2
17:58:21.887 -> 31, 0.28, -0.08, 0.91, -37.77, -3.43, -13.46, 0.45, -0.08, -1.62, -21.59, 0.22, -18.58, 0.60, 0.16, 1.00, -2.24, 0.05, 21.55, 2
17:58:21.935 -> 32, 1.63, 1.12, -1.04, -32.40, 4.38, -14.93, 0.30, 0.07, -0.72, -15.73, -19.31, -30.30, 1.35, 0.16, 1.30, -14.45, 15.68, 15.69, 2
17:58:21.935 -> 33, 0.28, 0.37, -1.04, -32.40, 20.49, -16.88, 0.45, 1.12, -0.87, -9.87, -20.28, -13.70, 0.60, 0.91, 1.00, -24.21, 5.42, 11.79, 2
17:58:21.935 -> 34, 1.78, 0.07, -2.09, -24.58, -5.39, -12.97, 0.75, -0.23, -0.27, -4.01, -25.65, -25.42, 0.60, 0.16, 1.00, -10.05, 9.33, 29.85, 2
17:58:21.935 -> 35, 1.63, 0.37, -0.29, -25.07, 3.40, -9.56, 0.15, 0.37, -0.87, -3.53, -10.03, -27.37, 1.35, 0.46, 1.75, 6.06, 8.84, 22.04, 2
17:58:21.981 -> 36, 0.88, 0.07, -0.89, -31.91, -4.41, -17.86, 1.05, 0.82, -1.47, -4.99, -26.14, -27.86, 0.75, 1.06, 1.15, -10.54, -5.32, 13.25, 2
17:58:21.981 -> 37, 1.78, 1.27, -0.14, -28.98, -0.50, -10.53, 1.05, -0.23, -0.27, -11.83, -16.87, -16.14, 0.75, 0.76, 0.85, 7.04, 8.84, 21.06, 2
17:58:21.981 -> 38, 1.18, 0.67, -0.74, -33.37, 9.26, -15.42, 1.35, 0.37, -2.37, 2.33, -18.33, -31.28, 0.60, 1.21, 0.25, 8.50, 10.80, 28.88, 2
17:58:21.981 -> 39, 1.78, 0.52, -0.14, -29.96, -3.92, -17.37, 1.05, -0.23, 0.03, -5.97, -22.24, -26.40, -0.00, 1.06, 1.15, 4.11, 6.89, 23.02, 2
17:58:22.028 -> 40, 2.23, 1.27, -0.89, -24.10, 3.89, -12.49, -0.60, -0.98, -1.47, -13.78, -12.96, -18.10, 0.75, 1.06, 0.40, -27.14, 1.03, 9.83, 2
17:58:22.028 -> 41, 2.38, 0.37, -0.74, -28.98, -0.99, -14.44, 0.30, -0.23, -1.02, -4.01, -20.28, -26.88, 0.60, 1.21, 1.00, 4.11, 3.47, 20.09, 2
17:58:22.028 -> 42, 1.63, 0.37, -1.49, -38.75, 8.77, -16.88, -0.75, 1.12, -1.32, 1.36, 3.15, -16.14, 0.60, 1.66, 1.75, -7.61, 2.50, 19.11, 2
17:58:22.028 -> 43, 0.13, -0.23, -0.14, -26.05, -3.92, 2.16, 0.75, 0.07, -1.47, -15.73, -5.15, -28.35, 1.20, 0.76, -0.35, -8.59, 9.82, 27.41, 2
17:58:22.075 -> 44, 1.63, 1.87, -0.74, -23.61, -3.43, -9.56, 1.50, -0.98, -0.72, -4.01, -11.01, -26.88, 0.45, 0.76, 1.60, -9.08, 1.52, 37.18, 2
17:58:22.075 -> 45, 1.78, 2.02, -0.59, -39.72, 12.68, -20.30, 0.45, -0.83, -0.87, -9.87, -24.19, -23.47, 1.05, 1.21, 1.00, 4.59, 3.96, 9.83, 2
17:58:22.075 -> 46, 2.68, 0.07, -0.89, -34.35, 4.38, -13.95, 0.90, -0.08, -2.07, -0.11, -21.26, -28.84, 1.95, 2.86, -0.35, -14.45, 5.91, 18.62, 2
17:58:22.075 -> 47, 1.18, 0.37, 0.01, -27.51, 1.94, -8.58, 0.75, -0.68, -0.72, -2.55, -17.84, -19.07, 0.75, 1.36, 1.90, -4.68, 0.05, 18.13, 2
17:58:22.075 -> 48, 1.93, 0.37, -0.74, -32.40, 9.26, -22.25, -0.30, -0.08, -1.62, -6.46, -21.75, -25.42, -0.00, 1.06, 0.40, -9.57, 4.45, 19.11, 2
17:58:22.123 -> 49, 2.68, 0.07, 0.31, -18.73, -6.36, -19.81, 0.90, -0.83, -2.07, 0.87, -5.15, -29.33, 0.45, -0.44, 1.15, -9.57, 18.61, 17.65, 2
17:58:22.123 -> 50, 0.88, 0.52, -1.34, -39.72, 4.87, -22.25, 0.75, 0.52, -1.02, -15.24, -3.68, -40.07, 0.15, 1.21, 1.00, -12.01, 15.68, 27.41, 2
17:58:22.123 -> 1, 2.38, 1.12, -4.64, -40.70, -5.87, -15.90, 3.30, -1.58, -0.87, -0.60, -9.05, -30.79, -0.15, 0.91, 2.80, -12.01, 1.03, 33.76, 2
17:58:22.123 -> 2, 6.43, 0.97, -2.54, -39.72, -2.46, 9.00, 3.90, -2.18, -3.72, -7.43, -10.03, -48.86, -0.15, 0.91, 2.80, -28.12, -3.85, 4.46, 2
17:58:22.172 -> 3, 9.43, 1.42, 0.01, 36.45, 43.44, -62.78, 3.75, -2.33, -6.57, 47.74, -0.26, -121.61, 0.60, 0.46, 2.80, -43.74, 5.91, -189.38, 2
17:58:22.172 -> 4, 8.38, 0.07, 3.01, -0.17, 10.73, -71.57, 2.70, -1.73, -5.67, -200.30, -23.70, 85.42, 1.05, 1.96, 2.80, -50.09, -32.66, -51.20, 2
17:58:22.172 -> 5, 6.13, 0.37, 3.16, -30.93, -18.08, 66.62, 0.90, -0.83, -6.57, 44.81, -35.91, -57.65, 3.00, 1.21, 3.55, -47.16, 11.77, 167.06, 2
17:58:22.172 -> 6, 4.63, 0.97, 1.06, -41.19, 12.68, -14.93, -0.15, -0.23, -4.47, -26.96, -12.96, -4.91, 0.60, 1.96, 2.50, -30.07, 17.63, 153.39, 2
17:58:22.219 -> 7, 2.98, 0.52, 0.31, -36.30, 3.40, -14.93, 0.15, -0.38, -3.57, 1.36, -8.56, -30.79, 1.65, 1.06, 1.60, -75.48, 3.96, 75.26, 2
17:58:22.219 -> 8, 4.03, 1.12, 0.01, -51.93, 0.47, -9.56, -0.15, -0.68, -2.22, -10.36, -27.61, -22.00, 0.45, 1.81, 1.15, -43.74, 12.75, 99.19, 2
17:58:22.219 -> 9, 3.28, 0.67, -1.49, -36.30, 1.45, -9.56, 1.05, -1.43, -1.47, -3.53, -17.84, -32.74, 1.35, 0.91, 2.05, -25.19, 22.03, 95.28, 2
17:58:22.219 -> 10, 1.93, 0.37, -1.04, -40.21, -5.87, -16.88, -0.15, -0.23, -1.92, -9.87, -25.65, -29.33, -0.00, 1.81, 1.15, -45.21, 2.01, 41.57, 2
17:58:22.266 -> 11, 1.78, 1.27, -0.59, -22.14, -15.15, -7.11, 0.45, -0.38, -2.07, -10.36, -21.75, -30.30, 1.20, 2.11, 0.40, -45.21, 2.01, 51.83, 2
17:58:22.266 -> 12, 1.63, -0.08, -0.29, -38.26, -0.01, -1.26, 0.75, 0.07, -2.67, 2.82, -16.87, -23.96, -0.00, 1.36, 1.15, -14.45, 15.68, 43.53, 2
17:58:22.266 -> 13, 1.93, -0.08, -1.49, -47.05, -6.36, -21.76, 1.05, -0.98, -1.47, 3.31, -17.84, -24.93, -0.00, 1.81, 1.15, -21.77, 0.54, 30.83, 2
17:58:22.266 -> 14, 1.93, 1.12, -1.04, -48.02, 0.96, -30.06, 0.90, -1.58, -1.62, -3.53, -21.26, -29.33, 0.60, 0.46, 3.25, -23.73, 3.47, 28.88, 2
17:58:22.266 -> 15, 1.18, 1.42, -0.74, -42.65, 5.36, -18.34, 0.15, -0.38, -2.37, -8.90, -17.35, -29.81, 1.05, -0.14, 1.00, -11.52, 14.70, 34.25, 2
17:58:22.313 -> 16, 1.93, 0.37, 0.01, -35.82, 1.45, -13.95, -0.15, -0.68, -1.02, -9.87, -17.35, -36.16, 1.05, 1.96, 2.05, -31.54, 16.17, 38.64, 2
17:58:22.313 -> 17, 1.33, 0.52, -0.59, -34.84, 6.82, -1.74, 1.05, -0.23, -1.02, -0.60, -15.89, -23.96, -0.00, 0.31, 0.85, -25.19, 10.80, 33.76, 2
17:58:22.313 -> 18, 1.78, 0.52, -1.34, -35.33, 7.80, -14.93, 0.30, -0.68, -0.72, 1.85, -24.19, -31.28, 0.45, 1.06, 1.15, -7.12, 10.31, 30.34, 2
17:58:22.313 -> 19, 1.18, -0.38, 0.46, -30.93, 12.19, -12.97, 1.35, -0.08, -2.07, -7.43, -24.19, -25.42, 1.80, 1.21, 0.70, -11.52, 9.33, 28.88, 2
17:58:22.360 -> 20, 2.23, 1.72, -0.59, -29.96, -11.25, -25.18, 0.45, -0.83, -0.87, -14.76, -32.98, -31.77, 1.05, 1.66, 1.75, -12.01, 9.33, 20.09, 2
17:58:22.360 -> 21, 1.63, 0.67, -0.29, -41.67, -9.29, -17.86, 0.15, -0.83, -0.87, -9.39, -19.31, -36.65, 0.15, 0.91, 1.00, -6.15, 28.86, 25.46, 2
17:58:22.360 -> 22, 0.73, 0.67, -0.74, -42.65, -9.29, -15.90, 0.75, 0.82, -1.47, -7.43, -11.98, -29.81, 0.45, 0.76, 1.60, -9.08, 8.84, 30.34, 2
17:58:22.360 -> 23, 1.18, 1.12, -1.94, -45.58, -3.43, -18.83, 1.65, -0.83, -2.07, 4.78, -17.84, -25.91, 0.75, 2.11, 0.40, -12.98, 10.80, 20.58, 2
17:58:22.408 -> 24, 0.88, 2.02, -0.59, -31.91, 5.84, -20.30, 0.15, 0.67, -1.62, -10.85, -19.79, -33.72, -0.15, 1.21, 1.75, -8.59, 2.01, 28.39, 2
17:58:22.408 -> 25, 1.93, 1.12, -0.74, -35.33, 5.36, -20.79, 0.75, 0.52, -1.92, -21.10, -16.87, -28.84, 0.15, 1.21, 1.00, -6.15, 4.94, 29.85, 2
17:58:22.408 -> 26, 1.18, 1.12, -0.29, -34.84, 6.33, -22.25, 0.75, 0.07, -1.92, 0.38, -11.98, -31.28, 0.60, 1.66, 1.30, -7.61, 13.73, 26.44, 2
17:58:22.408 -> 27, 1.18, 0.52, -1.64, -38.75, 10.24, -17.86, 0.90, -0.08, -2.07, -3.53, -9.54, -24.44, -0.30, 1.06, 0.40, -4.68, 16.66, 22.53, 2
17:58:22.455 -> 28, 3.28, 0.37, -1.04, -29.47, -1.48, -15.90, 0.45, -1.13, -2.37, -11.34, -15.89, -23.96, 0.60, 1.66, 1.00, -15.91, 9.82, 22.53, 2
17:58:22.455 -> 29, 1.93, 1.42, -0.74, -35.33, 5.84, -17.37, 1.95, -1.43, -0.72, -9.87, -17.84, -22.49, 1.05, 0.46, 0.70, -14.45, 10.31, 32.78, 2
17:58:22.455 -> 30, 3.28, 0.67, -0.74, -43.63, 0.96, 0.70, 0.30, -0.23, -1.47, 2.82, -6.12, -35.19, -0.00, 1.06, 0.85, -12.49, 1.03, 23.51, 2
17:58:22.455 -> 31, 2.23, 0.97, -0.14, -38.75, 2.43, -8.09, 0.30, -0.98, -1.47, -1.08, -8.56, -29.33, 1.20, 1.06, 1.15, -19.82, 5.42, 8.37, 2
17:58:22.502 -> 32, 1.93, 1.42, 0.01, -43.63, -1.48, -10.53, 1.05, -0.68, -1.92, -12.80, -13.94, -32.26, 0.75, 0.31, 1.90, -1.75, 10.80, 28.88, 2
17:58:22.502 -> 33, 1.63, 1.12, -0.74, -43.14, -11.25, -12.97, 1.95, -0.68, -2.22, -5.97, -17.35, -39.09, 0.45, 1.36, 0.40, -2.73, 5.91, 36.69, 2
17:58:22.502 -> 34, 1.78, 0.97, -0.89, -46.07, -6.36, -5.65, 2.10, -0.08, -2.07, -1.08, -28.10, -26.88, 0.60, 1.21, 1.30, -0.29, 10.31, 28.39, 2
17:58:22.502 -> 35, 1.93, 1.12, 0.01, -31.91, 0.47, -19.81, 1.65, -0.83, -1.62, -3.53, -14.91, -37.63, 0.60, 0.46, 1.00, -19.33, 24.96, 23.51, 2
17:58:22.502 -> 36, 1.63, 1.42, -0.74, -35.82, 5.84, -10.53, -0.60, 0.07, -1.92, -0.11, -18.33, -42.02, 0.75, 2.11, 1.15, -7.12, 7.87, 26.44, 2
17:58:22.551 -> 37, 2.23, -0.98, -0.89, -34.84, 2.92, -19.81, 0.75, 0.07, -1.02, -8.41, -11.98, -22.49, 1.35, 0.46, 1.75, 1.67, 2.50, 20.58, 2
17:58:22.551 -> 38, 1.33, 0.52, -0.14, -24.58, -2.94, -4.18, -0.30, -0.38, -1.62, -13.29, -11.49, -30.79, 1.05, 2.41, 1.75, -14.45, 5.91, 22.53, 2
17:58:22.551 -> 39, 1.33, 1.27, -0.59, -33.37, 7.80, -19.81, 0.75, 0.07, -1.02, -12.80, -27.12, -26.88, 0.45, 0.31, 1.90, -10.05, 3.47, 27.90, 2
17:58:22.551 -> 40, 2.38, 1.12, 0.46, -31.42, 2.43, -4.18, -0.60, -0.23, -2.67, -2.55, -22.24, -31.28, -0.60, 0.91, 1.75, -5.17, 21.54, 27.90, 2
17:58:22.599 -> 41, 3.28, 1.12, -0.74, -32.89, -1.48, -16.39, 1.50, -1.43, -1.47, -16.71, -24.68, -33.23, 0.75, 1.06, 0.10, -3.22, 17.14, 28.88, 2
17:58:22.599 -> 42, 0.88, 1.72, -0.59, -40.70, -4.41, -7.11, 1.35, -0.38, -2.07, -9.39, -21.26, -28.84, 0.15, 0.91, 1.00, -5.17, 8.35, 30.34, 2
17:58:22.599 -> 43, 3.43, 1.72, -0.14, -40.21, 2.43, -17.37, 0.75, -1.43, -1.92, -6.94, -0.26, -34.21, 1.35, 2.41, 1.00, -3.71, 8.35, 23.51, 2
17:58:22.599 -> 44, 2.23, 1.27, -1.34, -42.16, -0.99, -14.44, 1.05, 0.07, -1.02, -3.04, 0.22, -28.84, -0.30, 1.06, 1.60, -13.96, 16.66, 29.37, 2
17:58:22.647 -> 45, 1.33, 1.27, -0.14, -37.28, -4.41, -11.02, -0.15, -0.23, -1.47, -4.50, -22.24, -10.28, 1.05, 0.91, 0.70, -7.61, 9.82, 23.02, 2
17:58:22.647 -> 46, 2.23, 0.52, 0.31, -32.40, 8.29, -7.11, 0.75, -1.43, -2.67, -9.39, -10.03, -30.79, 1.35, 1.21, 0.70, -21.28, 13.24, 23.51, 2
17:58:22.647 -> 47, 2.98, 0.52, -1.64, -33.86, 8.77, -15.90, -0.60, -1.73, -1.02, -6.94, -25.17, -19.56, 1.05, 1.21, 1.30, -13.96, 15.19, 34.25, 2
17:58:22.647 -> 48, 0.58, 0.97, 0.31, -31.42, 5.84, -10.53, 1.05, 0.07, -1.92, -15.24, -12.47, -27.37, 1.80, 0.46, 1.30, -10.54, 5.91, 26.92, 2
17:58:22.647 -> 49, 1.93, 1.42, -0.29, -37.28, 2.92, -10.53, -0.30, -0.08, -2.07, -13.29, -28.10, -32.74, -0.00, 1.06, 2.35, -15.91, 6.89, 24.97, 2
17:58:22.693 -> 50, 1.18, 0.67, -0.29, -32.89, -13.69, -14.44, 0.45, -0.83, -2.07, -23.06, -25.65, -31.28, 2.25, -0.14, 1.00, -17.87, 18.12, 36.20, 2
17:58:22.693 -> 1, 3.43, 0.52, -3.29, -41.67, 2.92, -14.93, 3.90, -2.93, -3.42, 1.36, -15.40, -20.05, 1.05, 0.46, 4.30, -51.07, 15.19, 80.15, 2
17:58:22.693 -> 2, 5.38, 0.67, -4.64, -37.28, 9.75, -6.63, 5.55, -2.93, -2.97, -8.41, -14.91, -30.30, -0.30, 0.31, 4.45, -66.21, 1.03, 53.78, 2
17:58:22.693 -> 3, 4.33, -0.98, -4.79, -29.47, -7.83, -22.74, 5.10, -2.18, -1.47, 1.36, -15.40, -43.00, -0.90, 0.16, 3.25, -36.42, 17.14, 63.54, 2
17:58:22.741 -> 4, 2.68, -0.98, -5.69, -40.21, 6.33, -22.25, 5.70, -1.58, -1.62, -12.31, -16.38, -27.37, -0.75, -0.44, 4.45, -28.12, 10.31, 56.22, 2
17:58:22.741 -> 5, 3.28, -0.83, -3.14, -41.19, 7.80, -7.11, 3.75, -2.63, -2.82, 10.15, -13.94, -30.30, 0.60, -0.89, 4.00, -40.33, 5.42, 34.25, 2
17:58:22.741 -> 6, 4.03, -0.38, -3.89, -19.70, -22.96, -12.00, 3.90, -2.18, -4.17, 0.87, -30.05, -20.05, -0.75, 0.01, 4.15, -28.61, 7.87, 44.01, 2
17:58:22.741 -> 7, 3.73, 0.37, -3.44, -65.60, 7.31, -97.45, 3.30, -1.88, -5.82, -97.76, -7.10, -1.98, 1.20, -0.74, 2.65, 89.56, 37.16, -78.06, 2
17:58:22.788 -> 8, 3.43, -0.23, -3.29, -38.75, 18.54, -70.59, 3.45, -0.23, -5.67, -100.21, -14.42, 16.08, -0.30, -0.44, 3.40, 12.90, -39.01, -118.58, 2
17:58:22.788 -> 9, 1.63, 1.12, -1.49, -20.68, 19.03, -22.74, 3.30, -0.83, -2.07, 83.88, -24.68, -55.69, -0.75, -1.19, 2.65, -115.52, -14.59, -28.25, 2
17:58:22.788 -> 10, 0.58, -0.23, -1.64, -40.70, -0.99, -19.32, 1.50, 0.52, -1.02, -53.82, 21.71, 19.01, -0.75, 1.06, 2.65, 57.82, 39.12, 184.15, 2
17:58:22.788 -> 11, 0.88, 0.52, -1.64, -38.75, -0.99, -23.23, 1.05, -0.98, -1.02, 23.82, -27.12, -54.23, 0.45, 0.31, 1.90, -13.47, 12.75, 102.61, 2
17:58:22.836 -> 12, 1.78, 0.52, -1.34, -30.44, 5.84, -9.07, 1.65, -0.38, 0.18, -20.62, -12.47, -14.68, 0.45, 1.06, 1.90, -57.42, 3.47, 42.55, 2
17:58:22.836 -> 13, 1.93, 0.67, 0.01, -31.42, -9.29, -22.25, 0.90, -0.08, -1.32, -3.04, -22.24, -34.70, 0.75, 0.76, 2.65, 27.54, 23.00, 111.40, 2
17:58:22.836 -> 14, 0.73, 0.37, -1.04, -35.82, -0.50, -15.90, 0.30, -0.68, 0.03, -14.27, -18.33, -19.07, -0.75, 0.76, 1.90, -2.73, 13.24, 58.17, 2
17:58:22.836 -> 15, 1.78, 0.97, -1.34, -44.12, -0.99, -18.34, 0.45, -0.38, -0.87, -8.90, -17.35, -35.19, 1.05, 0.91, 1.00, -53.51, -0.43, 13.74, 2
17:58:22.885 -> 16, 1.63, 1.12, -0.74, -32.40, -4.41, -25.18, 1.50, -0.23, -0.72, -15.73, -17.84, -24.93, 0.15, -0.59, -0.05, -6.15, 12.26, 47.43, 2
17:58:22.885 -> 17, 1.63, 0.37, 0.01, -36.79, -2.94, -16.88, 0.30, -0.68, -2.22, -5.97, -18.82, -17.61, 1.65, 1.06, 1.15, -7.12, 27.40, 31.32, 2
17:58:22.885 -> 18, 1.93, 0.67, -0.74, -33.86, -3.92, -9.07, 0.45, 0.37, -0.57, 5.26, -25.65, -9.31, 0.45, 0.31, 2.35, -39.84, 14.70, -2.37, 2
17:58:22.885 -> 19, 1.78, 1.27, -2.54, -39.72, 5.84, -3.70, 0.90, -0.38, -2.07, 1.85, -13.45, -22.98, 0.75, 1.36, 0.85, -17.38, 13.73, 24.97, 2
17:58:22.885 -> 20, 1.78, 0.52, -0.14, -32.40, -1.48, -18.34, -0.90, -1.43, -1.47, -6.94, -32.00, -30.30, 0.15, 0.46, 1.75, 1.18, 3.96, 34.74, 2
17:58:22.932 -> 21, 0.73, 0.37, -0.74, -42.16, -3.43, -23.23, 0.75, -0.68, -1.47, -7.92, -15.89, -27.37, 0.15, 2.41, 0.70, -16.40, 4.94, 7.39, 2
17:58:22.932 -> 22, 1.18, -0.38, -0.74, -20.68, -7.83, -23.72, -0.60, 0.52, -1.02, -4.99, -18.33, -25.91, 0.60, 1.21, 1.75, -14.94, -11.18, 15.21, 2
17:58:22.932 -> 23, 1.33, 0.97, -0.89, -34.35, -1.97, -14.93, 0.75, -1.43, -1.02, -11.83, -21.26, -24.44, 1.05, 1.21, 1.30, 8.01, 11.77, 33.27, 2
17:58:22.932 -> 24, 2.38, 1.87, -2.24, -25.56, -5.87, -12.00, -0.15, -0.68, -0.72, -4.01, -12.96, -25.42, -0.15, 0.91, 1.75, -17.87, 1.52, 10.81, 2
17:58:22.980 -> 25, 1.93, -0.38, -1.04, -41.19, 3.40, -13.95, 1.50, 0.52, -1.02, -17.20, -12.96, -25.42, 1.05, 0.91, 1.30, -19.82, 14.70, 22.53, 2
17:58:22.980 -> 26, 0.88, 1.27, -0.59, -37.28, 14.63, -16.88, 0.90, -0.38, -1.62, -1.08, -3.68, -23.96, -0.30, 1.06, 1.15, 5.57, 6.40, 23.02, 2
17:58:22.980 -> 27, 1.63, -0.08, -1.04, -36.79, -6.36, -6.63, -0.15, 0.82, -2.22, 0.38, -14.91, -19.07, -0.60, 0.46, 2.05, -7.61, 12.75, 23.99, 2
17:58:22.980 -> 28, 1.33, 0.97, -0.59, -39.23, 5.36, -20.79, -0.15, -0.68, -1.47, -9.39, -22.24, -20.54, 0.45, 0.31, 0.40, -12.01, -1.41, 19.11, 2
17:58:23.027 -> 29, 1.33, 1.27, -0.89, -23.12, -7.83, -14.93, 0.75, -0.23, -0.72, 4.29, -25.65, -23.47, 0.15, 0.91, 1.75, -7.12, 16.66, 10.32, 2
17:58:23.027 -> 30, 2.38, 0.67, -1.49, -32.89, 10.73, -7.11, 0.15, -0.38, -2.07, -7.43, -11.01, -27.37, 0.45, 1.81, 1.15, -18.35, 12.26, 16.67, 2
17:58:23.027 -> 31, 1.93, -0.83, -1.94, -29.96, 1.45, -12.97, 0.30, -1.43, -1.47, -5.48, -24.68, -25.91, 0.60, 1.21, 1.00, -4.68, 12.26, 18.62, 2
17:58:23.027 -> 32, 2.38, 0.67, -2.69, -35.33, 5.36, -8.09, 0.45, -1.13, -1.32, 2.33, -17.84, -14.68, 1.20, -0.44, 1.60, -3.71, 8.35, 14.72, 2
17:58:23.074 -> 33, 1.33, 1.27, -1.64, -24.58, 5.84, -13.95, 0.45, -0.38, -0.57, -14.27, -16.87, -32.26, -0.00, 0.76, 1.15, -11.52, 5.42, 24.97, 2
17:58:23.074 -> 34, 1.78, -0.68, 0.31, -36.79, 11.22, -4.67, 0.90, 0.37, -0.87, -0.11, -9.54, -36.16, 0.45, 0.76, 0.40, 2.64, 6.89, 25.46, 2
17:58:23.074 -> 35, 2.23, 2.47, -0.89, -27.51, -2.46, -24.69, 0.45, -0.38, -2.07, -14.27, -28.10, -30.30, -0.00, 0.31, 0.85, -10.05, 14.70, 13.74, 2
17:58:23.074 -> 36, 1.93, 2.32, -1.49, -31.91, 4.38, -18.83, 0.75, -0.68, -1.47, -18.17, -26.14, -25.42, 0.45, -0.44, 1.15, -15.42, 2.98, 16.18, 2
17:58:23.074 -> 37, 0.73, -0.08, 0.46, -41.19, 2.43, -8.58, -0.60, -0.68, -1.02, -4.99, -27.12, -6.38, 0.75, 0.31, 1.60, -5.66, -3.36, 28.88, 2
17:58:23.122 -> 38, 0.73, -0.08, -0.74, -25.56, 12.19, -14.93, 1.65, -0.38, -0.57, -3.53, -13.45, -24.44, 0.45, 1.36, 1.60, -10.54, 7.38, 19.11, 2
17:58:23.122 -> 39, 1.18, 1.12, -0.74, -38.26, 0.47, -9.07, 0.15, -1.13, -1.32, -14.27, -16.38, -25.91, 0.15, 1.21, 1.75, -12.49, 13.73, 22.53, 2
17:58:23.122 -> 40, 1.78, 1.27, -1.34, -20.68, -0.99, -9.56, 0.90, -0.38, -0.87, -11.83, -20.28, -17.61, 0.15, 0.91, 1.00, -9.08, 11.28, 29.85, 2
17:58:23.122 -> 41, 1.63, 0.37, -1.49, -29.96, -10.76, -11.51, 0.90, -1.58, -1.32, -6.46, -17.84, -32.26, 1.05, 1.21, 1.30, -10.54, 7.38, 23.02, 2
17:58:23.169 -> 42, 0.88, 1.72, -1.34, -44.12, 2.92, -13.95, 0.45, -0.83, -1.62, -5.97, -9.54, -19.07, 0.45, 1.36, 1.60, -7.61, 9.33, 4.46, 2
17:58:23.169 -> 43, 1.18, -0.08, -1.04, -31.42, -5.39, -9.56, 1.65, -1.13, -0.87, 14.54, -20.28, -25.91, 1.05, 1.21, 0.70, -2.73, 11.28, 9.35, 2
17:58:23.169 -> 44, 0.73, 1.12, -1.49, -29.47, -1.48, -14.93, 0.90, -0.38, 0.18, -9.39, -21.75, -34.21, 1.05, 0.46, 1.30, -10.05, 23.98, 26.44, 2
17:58:23.169 -> 45, 0.73, 0.67, -1.04, -33.86, -6.36, -16.39, 1.65, -0.08, -0.57, -8.41, -14.42, -19.56, 0.75, 1.06, 3.70, -6.15, 5.91, 18.62, 2
17:58:23.216 -> 46, 1.78, 0.97, -0.59, -36.79, -2.46, -14.44, 0.90, -0.38, -1.32, 1.85, -18.82, -40.56, -0.00, 1.06, 1.30, -2.24, 0.54, 23.99, 2
17:58:23.216 -> 47, 0.88, 0.52, -2.09, -34.35, -8.32, -14.93, 0.90, 0.37, -1.62, -2.06, -25.65, -16.14, -0.15, 0.46, 2.05, 6.06, 5.91, 37.67, 2
17:58:23.216 -> 48, 1.93, 1.12, -1.49, -36.79, 4.38, -22.25, 0.75, -0.23, -1.02, -7.92, -26.14, -20.05, 0.15, -0.14, 1.00, -8.10, 12.26, 24.48, 2
17:58:23.216 -> 49, 1.33, 0.52, -0.89, -36.79, -2.94, -15.42, 1.05, -0.98, -0.27, -5.97, -30.05, -31.28, 0.15, 0.46, 1.75, -4.68, 4.45, 27.41, 2
17:58:23.264 -> 50, 0.28, 1.42, -1.04, -39.72, -5.39, -15.42, 0.90, -1.58, -0.87, 3.31, -17.84, -24.93, 0.15, 0.91, 1.30, -16.40, 13.24, 20.58, 2
17:58:23.264 -> 1, -0.77, -0.23, -1.34, -43.63, -2.94, -15.90, 2.55, 1.12, 0.18, 10.63, -29.56, -44.46, -0.90, -0.14, 2.05, -72.55, 9.82, 91.38, 2
17:58:23.264 -> 2, 0.73, -0.08, -1.94, -40.21, 10.24, -14.93, 4.50, -0.08, -0.12, -14.27, -17.35, -30.79, -2.10, 0.16, 2.05, -112.10, -4.83, 50.36, 2
17:58:23.264 -> 3, 1.33, 0.52, -0.89, -31.91, -0.50, -23.23, 0.75, -0.23, -2.97, -4.99, -12.96, -29.81, 1.05, 1.21, 1.75, -17.38, 9.33, 100.17, 2
17:58:23.312 -> 4, 2.38, 1.87, 1.21, -126.64, -29.31, 108.12, -3.75, 0.07, -6.12, 265.03, -34.44, -209.99, 0.60, 1.66, 1.30, -213.18, -81.00, -39.48, 2
17:58:23.312 -> 5, 1.63, 2.32, 2.11, -59.74, 8.77, -42.27, -5.85, -0.23, -8.37, -49.42, 86.65, 82.49, 1.65, 1.36, 1.15, -120.41, 16.66, 118.23, 2
17:58:23.312 -> 6, 1.63, 1.87, 2.41, -39.23, 1.94, -76.94, -7.50, 1.87, -5.52, -110.46, -54.46, 48.31, 0.75, 1.81, 0.85, -30.56, -9.71, 117.26, 2
17:58:23.312 -> 7, 1.33, 2.92, 1.81, -36.30, 10.73, -21.27, -5.40, 2.02, -1.92, -64.56, 8.04, 89.33, -0.00, 1.81, -0.35, -46.19, -2.39, -97.59, 2
17:58:23.312 -> 8, -0.32, 0.97, 0.31, -21.17, 5.36, -29.09, -2.55, 2.47, -1.02, 22.84, -29.56, -66.44, 1.65, 2.11, -0.35, -22.26, 4.94, -63.90, 2
17:58:23.361 -> 9, 1.78, 1.27, 2.26, -28.00, 1.45, -6.14, -1.20, 1.12, -0.87, -43.56, -8.08, -5.40, 1.65, 1.36, 0.85, 17.29, 1.52, -10.19, 2
17:58:23.361 -> 10, 0.58, 1.27, -0.14, -45.58, -5.87, -15.42, -1.20, -0.38, -1.32, 7.70, -14.91, -30.79, 0.60, 1.21, 1.30, -38.37, -4.83, -57.06, 2
17:58:23.361 -> 11, 1.18, 0.67, 0.91, -33.37, 1.45, -16.39, 1.05, 0.07, -1.92, -19.15, -23.21, -21.03, -0.00, 2.11, 1.90, -28.61, 2.01, -17.02, 2
17:58:23.361 -> 12, 1.63, 0.37, -0.29, -33.37, -4.90, -19.32, -0.15, -0.23, -2.22, -6.94, -29.56, -34.21, 1.35, 1.21, 1.30, 10.45, 20.07, 24.48, 2
17:58:23.408 -> 13, 2.23, 0.52, -0.14, -45.09, 8.77, -10.04, 1.50, 1.27, -1.47, 3.80, -18.82, -30.79, 1.05, 2.71, 1.30, -9.08, 4.45, 9.83, 2
17:58:23.408 -> 14, 1.93, 0.37, -1.04, -51.44, 1.45, -9.56, 1.50, -0.68, -2.97, -8.41, -20.77, -33.72, 0.15, 1.21, 2.05, -25.68, 7.87, 5.44, 2
17:58:23.408 -> 15, 1.93, -0.08, -0.29, -45.09, -3.43, -13.46, 0.90, -0.08, -2.07, -1.57, -18.82, -22.49, -0.30, 1.06, 1.15, 6.55, 18.12, 28.39, 2
17:58:23.408 -> 16, 2.23, 0.97, -0.14, -25.07, 8.29, -17.37, 1.35, -1.13, -1.62, -8.41, -3.19, -32.26, 0.15, 0.16, 1.30, -1.75, 10.31, 24.48, 2
17:58:23.456 -> 17, 2.98, 0.07, -0.89, -25.07, 5.36, -5.16, 0.75, -0.23, -2.22, -3.04, -23.70, -25.91, 0.45, 1.81, 1.90, -10.05, 10.80, 13.74, 2
17:58:23.456 -> 18, 2.23, -0.23, 0.31, -46.56, 7.80, -26.16, 0.75, 0.07, -1.47, -4.50, -28.10, -18.58, 0.60, 1.66, 1.30, -9.08, -3.36, 24.48, 2
17:58:23.456 -> 19, 2.68, 0.07, -0.59, -40.70, -3.43, -2.72, 0.90, -0.08, -0.87, -2.06, -3.68, -23.47, -0.60, 1.66, 2.05, -5.66, 26.91, 36.20, 2
17:58:23.456 -> 20, 1.78, 1.72, -0.89, -33.86, -0.50, -12.00, 1.05, 0.07, -2.67, -8.41, -24.68, -30.79, -0.60, 1.21, 2.05, -18.35, -3.36, 7.39, 2
17:58:23.456 -> 21, 3.73, 1.12, -2.24, -35.33, -6.85, -13.95, -0.15, -0.68, -1.92, -6.46, -26.63, -30.30, 1.05, 0.16, 1.30, -26.17, 14.70, 26.44, 2
17:58:23.503 -> 22, 1.33, 0.97, -0.89, -31.91, -9.29, -10.53, 2.55, -1.58, -2.07, -5.97, -18.82, -25.91, 1.20, 0.76, 1.60, -1.75, 4.45, 28.88, 2
17:58:23.503 -> 23, 0.73, -0.08, -0.74, -33.86, -18.08, -11.51, -0.15, 0.52, -1.92, -13.78, -17.35, -29.81, 0.75, 0.76, 1.60, -0.29, 4.94, 22.53, 2
17:58:23.503 -> 24, 1.93, 1.87, -1.04, -35.82, -6.85, -6.14, -0.60, 0.52, -1.02, 0.87, -10.03, -16.63, -0.00, 0.76, 1.90, -14.45, 0.54, 29.37, 2
17:58:23.503 -> 25, 0.73, 0.37, -0.74, -31.91, -2.46, -13.46, 1.50, 0.07, -1.47, -10.36, -14.42, -34.70, -0.30, 0.31, 1.60, 4.11, 13.24, 23.51, 2
17:58:23.550 -> 26, 1.78, 0.97, -0.14, -35.33, 0.47, -13.46, -0.15, 0.07, -2.67, -3.04, -26.14, -20.54, 0.60, 1.96, 2.50, 1.67, 3.47, 8.37, 2
17:58:23.550 -> 27, 1.63, 1.27, -0.89, -31.91, -9.29, -18.34, 0.15, -1.13, -2.07, -6.94, -18.33, -33.72, 1.35, -0.89, 1.30, -8.59, 6.40, 13.25, 2
17:58:23.550 -> 28, 2.83, -0.08, -0.74, -37.77, -4.90, -9.56, 1.50, -1.43, -1.02, -9.87, -27.61, -22.98, -0.00, 0.31, 0.85, -10.54, 14.21, 28.39, 2
17:58:23.550 -> 29, 1.93, 0.37, -1.04, -29.96, -4.90, -12.49, 0.75, -0.23, -0.72, -16.71, -13.45, -38.12, 1.20, 0.31, 1.60, -14.45, 22.51, 28.39, 2
17:58:23.597 -> 30, 1.18, -0.08, 0.01, -36.79, -3.92, -5.65, 1.35, 0.67, -0.87, -10.85, -17.84, -29.81, -0.00, 1.36, 1.60, -10.54, 8.35, 30.83, 2
17:58:23.597 -> 31, 2.23, 0.97, -0.59, -39.72, 17.08, -12.97, -0.15, -1.73, -1.92, -14.76, -14.91, -37.14, 1.20, 1.06, 1.90, -11.03, 10.31, 23.02, 2
17:58:23.597 -> 32, 1.33, 1.27, -2.84, -39.23, 5.36, -14.44, 0.75, -1.73, -2.22, -5.48, -13.94, -24.44, 0.15, 1.96, 1.30, -2.24, 1.52, 25.95, 2
17:58:23.597 -> 33, 0.28, 1.42, -0.74, -35.82, 11.22, -18.83, 0.45, -0.08, -0.12, -10.36, -24.19, -32.26, 3.00, 0.91, 1.75, -12.98, 13.24, 21.06, 2
17:58:23.645 -> 34, 1.93, 0.67, -1.04, -33.37, -1.48, -13.46, 0.75, -0.23, -1.47, -2.06, -28.58, -26.40, 1.20, 1.36, 2.35, -6.15, 2.98, 21.06, 2
17:58:23.645 -> 35, 0.73, 0.67, -1.04, -24.10, -14.66, -10.04, 1.05, 0.07, -1.92, -6.46, -19.79, -33.23, 0.75, 1.36, 2.65, -16.89, 11.77, 19.11, 2
17:58:23.645 -> 36, 1.33, 1.72, -2.09, -40.70, 4.38, -13.95, 1.35, -0.08, -0.87, 4.78, -23.70, -31.28, -0.00, 0.76, 1.90, -10.05, 13.24, 30.83, 2
17:58:23.645 -> 37, 1.93, 1.12, -1.04, -11.40, 0.47, -18.34, 0.45, -0.38, -2.37, -4.99, -22.72, -29.81, 1.05, 2.41, 1.00, -21.28, 23.49, 33.27, 2
17:58:23.692 -> 38, 2.38, -0.08, -0.29, -34.35, 14.15, -16.88, 0.30, -0.68, -1.92, -3.04, -22.24, -25.42, 0.60, -0.14, 1.75, -25.19, 13.73, 20.09, 2
17:58:23.692 -> 39, 1.93, 1.42, -1.04, -40.70, 3.89, -5.65, 0.45, -0.08, -2.37, -11.34, -21.26, -27.37, 1.65, 1.36, 1.60, -4.19, 5.91, 25.95, 2
17:58:23.692 -> 40, 2.68, 1.27, 0.31, -22.14, -5.87, -20.30, 0.45, -0.38, -0.87, -13.78, -8.56, -22.49, -0.15, 1.21, 1.30, 6.55, 4.94, 16.67, 2
17:58:23.692 -> 41, 1.33, 1.27, -0.89, -44.12, 1.94, -12.97, 1.50, -0.23, -1.47, -7.43, -18.82, -34.70, 0.60, 1.96, 0.70, -10.54, 10.80, 20.58, 2
17:58:23.692 -> 42, 2.68, 0.97, -1.34, -20.68, 0.47, -12.97, 1.05, -0.68, -1.92, 5.75, -8.08, -18.58, -0.00, 1.36, 1.15, -22.26, 1.03, 23.99, 2
17:58:23.739 -> 43, 1.33, 0.97, -1.64, -25.56, -7.83, -4.18, 0.45, -0.83, -2.82, -12.80, -28.10, -26.40, 1.35, 1.21, 2.50, -18.84, 15.68, 34.25, 2
17:58:23.739 -> 44, 2.38, 0.67, -1.49, -37.77, 4.87, -21.27, 0.45, -0.38, -1.62, -1.57, -15.40, -36.65, -0.60, -0.14, 1.30, -9.57, 8.35, 23.51, 2
17:58:23.739 -> 45, 0.73, 1.42, -0.74, -48.02, 4.38, -13.46, 0.30, -0.68, -0.72, 2.33, -8.56, -23.96, 0.15, 0.46, 1.00, -3.71, 15.68, 19.11, 2
17:58:23.739 -> 46, 1.63, -0.08, -0.74, -34.35, -6.85, -5.16, 0.30, -0.23, -1.02, -6.94, -15.89, -15.17, 0.60, 0.91, 1.60, -3.71, 18.61, 19.11, 2
17:58:23.786 -> 47, 2.68, 0.52, -0.59, -28.98, 2.43, -3.70, 0.30, 0.07, -1.92, -1.08, -21.75, -23.47, 0.75, 1.06, 2.35, -12.01, 3.96, 22.04, 2
17:58:23.786 -> 48, 1.78, 0.07, 0.61, -31.42, -4.90, -9.07, 0.45, 1.12, -2.07, -4.50, -23.70, -33.23, 0.45, 1.06, 1.90, -2.73, 18.61, 16.18, 2
17:58:23.786 -> 49, 2.23, 0.52, -0.14, -39.72, 10.73, -10.04, 0.75, -0.98, -1.92, -15.73, -23.21, -15.65, -0.00, 0.31, 0.85, 0.20, 7.38, 29.37, 2
17:58:23.786 -> 50, 1.63, 0.37, 0.01, -38.26, -1.48, -8.58, 0.30, -0.23, -1.92, -1.57, -18.82, -27.86, 1.35, 1.66, 1.00, -12.01, 8.35, 22.04, 2
17:58:23.834 -> 1, 4.33, 0.97, -3.29, -36.30, 13.17, -2.72, 3.45, -2.18, -2.22, 3.31, -24.19, -21.51, 0.15, -0.14, 2.50, 0.20, 11.77, 37.18, 2
17:58:23.834 -> 2, 3.73, 1.42, -5.09, -25.07, -0.99, -9.56, 4.35, -3.23, -0.27, -2.55, -9.54, -30.30, -0.15, -0.14, 2.80, -11.03, 5.42, 41.57, 2
17:58:23.834 -> 3, 2.23, 1.27, -5.69, -40.21, -2.46, -12.00, 3.30, -3.08, -0.87, -3.53, -16.87, -13.21, -0.15, -0.59, 4.00, -5.17, 12.26, 39.13, 2
17:58:23.834 -> 4, 2.68, 0.52, -2.84, -37.28, 0.96, -17.86, 2.85, -2.63, -0.57, 10.63, -17.84, -24.93, 0.75, -0.44, 2.65, -4.68, 3.96, 23.99, 2
17:58:23.881 -> 5, 1.18, -0.38, -2.24, -17.75, 1.94, -9.56, 1.50, -1.73, 0.03, 12.10, -21.26, -26.40, -0.15, -0.14, 2.05, -23.73, 5.42, 28.88, 2
17:58:23.881 -> 6, 2.23, 0.97, -2.09, -33.37, 5.84, -96.96, 0.90, -1.58, -0.87, -100.69, 30.01, 72.24, -0.30, -0.44, 1.60, 132.52, 38.14, 64.03, 2
17:58:23.881 -> 7, 2.23, 1.27, -0.89, -18.24, 13.17, -57.41, 0.90, -0.83, -1.32, -81.16, 11.46, 10.22, -0.60, -0.89, 2.50, 58.79, -25.34, -14.09, 2
17:58:23.881 -> 8, 0.73, 1.42, 0.01, -31.91, 6.82, 20.23, 2.25, -0.23, 0.03, 56.04, -21.75, -110.87, 0.45, 0.76, 1.90, -100.87, -33.15, -167.41, 2
17:58:23.929 -> 9, 0.73, 1.12, -1.49, -38.26, 1.45, -0.77, 0.30, -0.68, 0.03, -79.70, 9.50, 92.26, 0.75, 0.01, 0.85, -14.94, 17.63, 4.95, 2
17:58:23.929 -> 10, 1.18, -0.38, -0.74, -39.23, 5.84, -12.00, 0.90, -0.38, -0.57, 38.95, -26.63, -65.95, -0.00, 0.01, 1.60, -21.28, 12.26, 31.32, 2
17:58:23.929 -> 11, 1.93, 0.67, -1.94, -30.44, 8.29, -2.23, 0.45, 1.12, -1.32, -23.06, -19.31, 2.41, 0.60, 0.91, 1.30, -38.37, 6.40, 26.44, 2
17:58:23.929 -> 12, 1.33, 0.07, -0.59, -28.98, 5.36, -14.93, 1.95, -0.23, -1.02, -8.90, -22.24, -10.77, 0.15, 0.91, 0.70, -11.03, 17.63, 44.01, 2
17:58:23.929 -> 13, 2.98, 0.97, -0.59, -28.00, -0.99, -5.65, 0.15, -0.83, -0.12, -14.27, -19.79, -22.00, -0.60, 0.46, 0.25, 11.43, 21.05, 65.50, 2
17:58:23.978 -> 14, 1.93, 1.12, -0.29, -36.79, -0.01, -13.95, 1.05, 0.07, -1.92, -9.39, -24.68, -29.81, -0.15, 0.16, 1.30, -17.38, 5.91, 31.32, 2
17:58:23.978 -> 15, 1.93, 2.62, -0.29, -30.93, -2.94, -31.04, -0.75, -0.38, -2.07, -9.87, -30.54, -33.72, -0.30, 0.76, 1.90, -11.03, 8.35, 29.85, 2
17:58:23.978 -> 16, 0.73, 0.67, -1.04, -24.10, 5.84, -16.39, -0.15, 0.07, -1.47, -12.31, -9.05, -17.12, 0.75, 1.06, 1.60, -0.78, 8.84, 48.90, 2
17:58:23.978 -> 17, 0.88, 0.07, -0.14, -28.98, -0.99, -16.39, 0.90, -1.13, -0.57, 1.36, -15.40, -31.28, 0.45, 1.36, 0.40, -8.59, 2.50, 32.78, 2
17:58:24.026 -> 18, 1.78, 0.07, -2.09, -28.98, -2.94, -13.95, 0.75, 0.52, -1.47, -14.76, -20.77, -15.65, 1.35, 1.21, 1.00, -6.15, 17.14, 18.13, 2
17:58:24.026 -> 19, 1.18, 0.67, -0.29, -41.19, 9.75, -11.02, 0.90, 0.37, -0.57, -5.97, -4.66, -27.86, 1.05, 1.66, 0.25, 8.01, 7.38, 31.81, 2
17:58:24.026 -> 20, 1.93, 0.67, -1.49, -26.05, 7.80, -9.07, 0.45, 0.37, -2.07, -4.99, -20.77, -18.10, 0.75, 1.81, 0.10, -9.08, 6.89, 22.53, 2
17:58:24.026 -> 21, 1.63, -0.08, -0.29, -32.40, 6.33, -10.53, 0.45, -1.13, -1.32, -4.01, -30.05, -20.54, 0.15, 0.91, 1.30, -27.63, 7.87, 12.28, 2
17:58:24.072 -> 22, 1.93, 1.12, -0.74, -24.58, -6.85, -23.72, 0.45, -0.08, -0.87, 1.36, -5.63, -11.75, 0.45, 0.76, 1.60, -7.61, -4.34, 16.67, 2
17:58:24.072 -> 23, 1.93, -0.08, -0.29, -28.49, -3.43, -13.95, 0.90, -0.83, -0.57, -1.57, -18.33, -8.82, 1.65, 1.81, 1.60, 15.83, 1.03, 19.60, 2
17:58:24.072 -> 24, 1.93, 0.37, -1.04, -28.98, -5.39, -9.07, 1.05, -1.43, -1.92, -15.73, -8.56, -24.44, 0.45, 1.36, 1.15, -3.22, 2.01, 23.51, 2
17:58:24.072 -> 25, 0.88, 1.72, -0.89, -28.00, 6.33, -11.02, 0.75, -0.23, -0.72, -4.50, -17.35, -25.91, 1.20, 1.06, 2.35, -1.75, 9.33, 20.09, 2
17:58:24.072 -> 26, 1.63, 0.67, -0.29, -42.65, 0.47, -16.88, 0.15, 0.37, -1.62, -5.48, -16.87, -19.07, 0.75, 1.81, 1.15, -9.57, 17.14, 19.11, 2
17:58:24.120 -> 27, 1.78, 0.97, -0.89, -33.37, -0.99, -16.39, 1.05, 0.07, -0.72, -4.01, -15.89, -22.00, 0.60, 0.91, 0.25, -1.26, 17.14, 12.28, 2
17:58:24.120 -> 28, 0.73, 1.42, -0.29, -17.75, -7.34, 2.65, 1.35, -0.08, -1.32, -13.29, -14.42, -11.26, 1.35, -0.89, -0.05, -9.08, -6.78, 6.42, 2
17:58:24.120 -> 29, 1.78, 2.47, -1.64, -41.19, -5.39, -19.81, -0.30, 0.37, -0.57, -7.92, -19.31, -31.28, -0.00, 0.31, 0.10, -7.61, 11.77, 5.44, 2
17:58:24.120 -> 30, 2.83, -0.08, -1.04, -33.86, 9.75, -11.51, 0.90, 0.67, -0.87, -6.94, -15.89, -13.70, 0.75, 0.31, 1.90, -14.45, 16.66, 18.62, 2
17:58:24.168 -> 31, 0.28, 1.42, -1.04, -31.42, 0.47, -9.56, 1.35, -0.83, -2.07, 2.33, -10.03, -11.26, -0.00, 1.36, 1.90, -3.22, 10.31, 18.62, 2
17:58:24.168 -> 32, 1.33, 1.27, -1.64, -26.05, -11.73, -16.39, 0.75, 0.52, -1.02, -3.04, -21.26, -29.81, 0.45, 1.81, 1.90, -2.24, 0.05, 15.21, 2
17:58:24.168 -> 33, 2.38, 0.37, -0.29, -29.96, -2.94, -21.27, -0.60, 0.52, -1.47, -12.80, -28.10, -20.54, -0.30, 0.01, 1.90, 0.69, 3.96, 23.51, 2
17:58:24.168 -> 34, 1.78, 1.72, -1.34, -30.93, 17.08, -8.09, -0.30, -0.83, -0.57, 0.87, -32.49, -27.37, 0.15, 1.21, 1.75, -16.40, 14.21, 2.51, 2
17:58:24.215 -> 35, 1.33, 0.07, -0.14, -33.86, -8.80, -18.34, 0.75, -1.43, -0.72, -3.53, -28.58, -21.51, 1.95, 1.36, 1.90, -10.05, 1.03, 26.92, 2
17:58:24.215 -> 36, 1.78, 1.27, -0.89, -20.19, 8.29, -14.93, 0.15, -0.08, -2.07, -4.99, -12.96, -17.61, 0.45, 0.76, 1.60, -14.45, 0.05, 17.16, 2
17:58:24.215 -> 37, 1.63, 0.37, -0.74, -22.14, -6.85, -11.51, -0.15, 0.07, -1.02, 2.33, -14.42, -21.51, -0.00, 0.76, 0.85, 2.64, -7.27, 20.09, 2
17:58:24.215 -> 38, 0.88, 0.52, 0.31, -17.75, -13.20, -5.65, 1.05, -1.73, -1.92, -0.60, -25.17, -24.44, 1.05, 2.41, 0.70, -11.03, 6.89, 18.13, 2
17:58:24.262 -> 39, 1.78, 0.07, -0.14, -27.51, 4.38, -12.49, 1.35, -0.38, -0.87, -14.76, -11.98, -30.30, -0.75, 1.06, 1.90, 1.67, 10.31, 17.65, 2
17:58:24.262 -> 40, 1.78, 0.97, 0.31, -33.37, -1.48, -15.42, 0.75, -0.68, -2.22, -19.64, -20.28, -28.84, 0.75, 0.76, 1.60, -1.26, -4.34, 24.97, 2
17:58:24.262 -> 41, -0.17, 1.12, 0.01, -45.58, 8.77, -12.97, 0.90, -0.83, -0.87, 1.85, -19.31, -27.37, -0.15, 0.16, 1.30, -6.64, 4.94, 24.48, 2
17:58:24.262 -> 42, 0.73, 1.87, -1.94, -32.89, -12.71, -28.11, -0.30, -0.38, -2.07, -6.94, -21.75, -26.40, -0.75, 0.76, 0.40, 1.67, 4.94, 23.51, 2
17:58:24.309 -> 43, 1.18, 1.87, -1.04, -42.65, 8.29, -19.32, 1.05, 0.52, -0.27, -1.57, -8.56, -21.03, 0.45, 0.01, 1.60, -5.66, -4.83, 22.53, 2
17:58:24.309 -> 44, 2.23, 1.27, -0.89, -36.79, 5.84, -15.90, 0.45, 0.37, -1.32, 1.85, -18.82, -31.28, 0.75, 0.31, 0.40, -13.96, -0.92, 33.27, 2
17:58:24.309 -> 45, 1.63, 1.12, -0.74, -27.03, 1.45, -14.93, 1.35, -1.13, -1.32, -7.43, -17.84, -22.49, 1.05, 0.16, 0.70, -0.78, 3.96, 10.81, 2
17:58:24.309 -> 46, 1.63, 0.67, -1.49, -31.91, -3.43, -5.16, 0.30, -0.23, -0.72, -27.94, -7.10, -23.96, 0.75, 1.36, 2.50, -12.01, -5.32, 19.60, 2
17:58:24.309 -> 47, 1.33, 0.97, -1.64, -35.33, 7.80, -6.63, -0.15, -0.23, -0.72, -1.57, -15.89, -16.63, 0.45, -0.44, 0.85, -22.75, 12.75, 21.55, 2
17:58:24.357 -> 48, 2.23, 0.07, -2.09, -40.21, 8.77, -2.72, 0.75, -1.43, -0.72, -16.22, -10.03, -15.17, 0.75, 2.11, 1.15, -7.61, 8.35, 26.92, 2
17:58:24.357 -> 49, 0.88, 0.52, -0.59, -34.35, -6.85, -18.34, 1.50, 0.07, -0.27, -14.27, -18.33, -21.51, 0.45, 1.06, 1.60, -16.89, 5.42, 16.18, 2
17:58:24.357 -> 50, 1.78, 1.27, -1.64, -34.84, 5.36, -12.97, -0.60, 0.82, -1.92, 1.85, -13.94, -19.56, 1.05, -0.14, 2.50, -10.05, 1.52, 32.29, 2
17:58:24.357 -> 1, 2.38, 0.67, -1.94, -25.07, 12.68, -18.34, 2.55, -1.58, -2.07, -5.48, -13.94, -10.77, 1.20, -0.44, 1.60, 84.18, 21.05, 95.28, 1
17:58:24.405 -> 2, 1.78, 1.72, -2.09, -26.54, -4.90, -18.83, 1.50, -0.23, -1.47, -4.50, -14.42, -31.28, 2.25, 0.16, 2.50, 3.62, 14.21, 3.97, 1
17:58:24.405 -> 3, 2.23, 1.27, -0.89, -32.89, -4.41, -25.18, 0.90, -0.08, -0.87, -15.24, -14.42, -30.30, 1.05, 0.46, 1.00, 18.27, 10.31, 7.88, 1
17:58:24.405 -> 4, 1.93, 0.37, -2.24, -32.40, -2.94, -23.72, 1.50, -1.73, -0.72, -16.22, -8.56, -22.98, 0.75, 0.76, 2.35, 45.12, 30.82, 31.32, 1
17:58:24.405 -> 5, 1.18, 1.12, -1.94, -19.21, -8.32, -10.04, 1.50, -0.68, -0.72, -3.53, -25.17, -21.03, -0.30, 1.06, 1.90, -8.10, 2.50, -5.79, 1
17:58:24.453 -> 6, 2.83, 0.67, -1.49, -35.82, 1.45, -8.58, 2.10, -0.83, -1.32, -6.94, -37.86, -12.72, -0.75, 0.76, 1.15, -1.75, 0.54, -4.81, 1
17:58:24.453 -> 7, 1.18, 0.67, -1.04, -62.18, -39.08, 196.01, 1.95, -0.98, -1.92, -27.94, -35.91, 47.33, 0.45, 1.06, 0.85, -40.33, -11.67, 166.08, 1
17:58:24.453 -> 8, 1.18, 1.12, -0.29, -33.86, 5.36, -61.80, 3.30, 1.12, -0.87, -19.15, -41.77, -49.83, -1.20, 1.81, 3.40, 2.15, 39.12, 93.82, 1
17:58:24.453 -> 9, 1.63, 0.67, -1.04, -30.44, 23.42, -96.96, 3.90, -0.98, -1.47, -126.08, -19.79, 33.66, -1.35, 1.66, 3.25, 0.69, 9.33, 43.53, 1
17:58:24.453 -> 10, 1.18, 0.67, -1.49, -26.05, 1.45, 5.09, 2.10, -0.08, -2.07, -53.33, -12.96, -12.72, -0.60, 0.91, 2.50, -105.27, -30.22, -221.12, 1
17:58:24.501 -> 11, 2.23, 0.97, -1.64, -22.63, 5.84, -9.07, 1.05, -0.23, -1.92, 7.70, -23.70, -45.93, 0.60, 1.21, 3.55, 7.52, 7.87, -52.18, 1
17:58:24.501 -> 12, 2.38, 0.67, -1.49, -32.40, -10.76, -21.76, 0.45, -0.38, -0.87, -16.71, -23.21, -18.58, -0.15, 1.66, 1.75, 43.17, 32.28, 35.71, 1
17:58:24.501 -> 13, 1.78, 0.97, -1.34, -40.21, 10.73, -19.32, 1.35, -0.38, -1.32, -9.87, 2.67, -21.03, 0.60, 1.21, 2.80, -75.48, -2.39, -59.01, 1
17:58:24.501 -> 14, 1.63, 1.42, -2.24, -42.16, 5.36, -18.34, 0.75, 0.07, -2.22, -5.48, -7.10, -25.91, 1.95, 0.31, 2.95, -1.75, 11.77, 12.76, 1
17:58:24.549 -> 15, 2.23, 2.02, -0.59, -33.37, -0.99, -23.72, 0.15, -0.38, -1.62, -7.92, -18.33, -23.47, 1.35, 1.66, 2.50, 36.82, 28.86, 65.50, 1
17:58:24.549 -> 16, 1.63, 1.42, -1.04, -40.70, 7.31, -27.62, 0.45, -1.13, -2.37, -14.27, -12.47, -26.40, 0.45, 0.76, 0.85, -37.40, 6.89, -6.77, 1
17:58:24.549 -> 17, 1.33, 1.27, -1.34, -33.86, 7.80, -21.27, 0.90, -0.08, -2.07, -14.76, -28.58, -33.72, 1.80, 0.46, 1.30, -21.28, 9.33, 25.46, 1
17:58:24.549 -> 18, 1.93, 1.42, -1.04, -32.40, -10.27, -18.34, 0.75, 0.52, -1.47, 5.26, -15.40, -40.56, 0.75, 0.31, 1.60, 45.12, 33.26, 44.50, 1
17:58:24.597 -> 19, 1.33, 0.07, -0.59, -31.91, -2.94, -14.93, 1.65, -0.08, -0.57, -8.41, -20.28, -22.98, 0.15, 1.96, 1.75, -16.89, 9.33, 14.72, 1
17:58:24.597 -> 20, 1.78, 1.27, -0.14, -31.42, 1.94, -24.20, 0.90, -0.83, -2.82, 0.87, -22.72, -16.63, 1.05, -0.59, 1.75, -19.82, 3.47, -3.35, 1
17:58:24.597 -> 21, 0.13, 0.52, -0.59, -37.28, 4.38, -13.95, 2.25, -0.23, -0.27, -2.55, 4.62, -20.05, 0.75, 1.36, 1.60, 17.29, 17.63, 42.55, 1
17:58:24.597 -> 22, 1.78, 0.97, -1.34, -23.12, 0.96, -33.48, 0.15, -0.08, -2.37, -13.29, -19.79, -27.86, 1.35, 1.96, 1.75, -12.01, 23.00, 23.51, 1
17:58:24.644 -> 23, 2.83, 0.67, -0.29, -46.07, -11.73, -26.16, 1.35, -0.38, -0.87, -3.04, -23.21, -29.81, 1.05, 0.91, 2.50, -23.24, -1.41, 0.07, 1
17:58:24.644 -> 24, 2.38, 0.67, 0.01, -31.42, 3.40, -22.74, 0.30, 1.27, -1.02, -19.15, -6.12, -12.72, -0.15, 1.96, 2.05, -11.52, 9.33, 23.02, 1
17:58:24.644 -> 25, 1.78, 0.97, -0.59, -27.51, -1.48, -16.88, 1.35, -0.38, -1.32, -7.92, -7.10, -14.19, 0.60, 0.91, 1.30, 6.06, 14.70, 39.13, 1
17:58:24.644 -> 26, 2.23, 0.52, -0.89, -44.12, -0.99, -14.93, -0.15, -0.23, -1.92, -12.80, -18.33, -25.91, 0.60, 0.16, 1.30, -11.52, 1.52, 18.13, 1
17:58:24.644 -> 27, 1.18, 1.12, -1.49, -30.44, -3.92, -17.37, -0.30, 0.37, -1.32, -16.71, -16.87, -21.03, 0.45, 1.06, 1.15, -0.78, 10.31, 13.25, 1
17:58:24.692 -> 28, 0.88, 0.52, -0.89, -36.30, 3.89, -12.97, 0.45, 0.67, -1.62, -2.06, -13.94, -20.54, 0.75, 0.76, 1.15, -7.12, 21.05, 27.90, 1
17:58:24.692 -> 29, 1.93, 0.37, -1.04, -39.72, 7.31, -22.25, 1.65, -0.38, -0.87, -11.34, -8.56, -15.65, 0.60, 0.46, 1.75, -16.89, 4.94, 31.32, 1
17:58:24.692 -> 30, 1.33, 0.97, -0.89, -35.82, 9.26, -17.86, 0.30, 0.82, -1.47, 2.33, -20.77, -22.49, 0.60, 0.91, 1.00, -7.61, 12.26, 23.02, 1
17:58:24.692 -> 31, -0.17, -0.08, -1.04, -40.21, -6.85, -19.32, 1.65, -0.83, -1.32, -11.34, -13.94, -27.37, 1.95, 0.76, 2.35, -20.80, 16.66, 29.85, 1
17:58:24.741 -> 32, 2.68, 2.02, -0.14, -35.33, 7.31, -15.42, 0.75, -0.23, -1.02, -7.92, -26.14, -20.05, 1.05, 1.21, 1.30, -12.49, 13.73, 23.51, 1
17:58:24.741 -> 33, 1.63, 0.37, -1.04, -44.12, 9.26, -13.95, 1.50, -0.98, -0.72, -8.90, -17.84, -33.23, 1.65, 1.36, 2.35, -2.73, 10.80, 19.60, 1
17:58:24.741 -> 34, 2.38, 1.42, -0.74, -35.82, -16.13, -6.63, 1.65, -0.83, -0.87, -10.85, -13.45, -25.91, 1.05, 0.46, 1.30, -19.82, 12.26, 10.32, 1
17:58:24.741 -> 35, 2.83, 1.42, 0.01, -32.89, 6.33, -20.30, 1.65, -1.13, -2.07, -12.31, -15.40, -25.91, 1.65, 1.81, 2.35, -14.94, 5.42, 26.44, 1
17:58:24.786 -> 36, 1.33, -0.23, -1.64, -48.02, -2.46, -21.76, 0.45, -0.08, -1.62, -5.48, -12.96, -19.56, 1.20, 0.76, 1.90, -8.10, 15.19, 23.02, 1
17:58:24.786 -> 37, 2.68, 1.27, -0.59, -29.96, 4.38, -15.90, 0.45, -0.08, -1.62, -3.04, -28.10, -25.91, 0.75, 0.76, 2.95, -0.29, 7.87, 24.97, 1
17:58:24.786 -> 38, 0.58, 0.97, -1.34, -40.70, 14.15, -6.14, -0.60, 0.07, -0.72, -21.59, -29.56, -23.96, -0.15, 0.91, 0.25, -10.05, 9.33, 37.67, 1
17:58:24.786 -> 39, 1.93, 0.67, 0.01, -38.26, -1.97, -14.44, -0.90, 0.52, -2.67, -7.43, -12.96, -23.96, -0.00, 1.81, 2.65, -9.08, 9.33, 26.44, 1
17:58:24.833 -> 40, 0.73, 2.32, -1.04, -30.93, -3.92, -9.56, 1.05, -1.43, -1.92, -4.01, -20.77, -10.28, 0.15, 0.91, 1.00, -4.19, 20.07, 13.25, 1
17:58:24.833 -> 41, 1.33, 1.72, -0.89, -31.91, -2.46, -14.93, -0.15, 0.52, -0.27, 1.85, -28.58, -25.91, -0.30, 1.06, 1.60, -16.40, 4.45, 33.76, 1
17:58:24.833 -> 42, 1.33, 2.02, -2.09, -47.53, 7.31, -10.04, 1.35, -0.08, -0.57, -6.94, -11.01, -32.26, 1.80, 1.96, 2.05, -4.68, 9.82, 17.65, 1
17:58:24.833 -> 43, 2.38, 0.67, 0.01, -43.63, 1.94, -18.34, 0.15, 0.37, -1.32, -8.41, -15.40, -32.74, 0.60, 1.21, 1.00, -14.94, 9.33, 31.32, 1
17:58:24.833 -> 44, 1.93, 1.12, 0.01, -29.96, -0.50, -17.86, 0.30, 0.82, -2.22, -8.41, -17.84, -21.03, 0.60, 0.46, 1.00, -16.89, 12.75, 27.90, 1
17:58:24.881 -> 45, 1.93, -0.38, -1.04, -44.60, 4.87, -1.74, 1.05, -0.23, -0.27, -6.94, -15.40, -27.37, 0.45, 1.06, 1.15, -14.45, 19.10, 18.13, 1
17:58:24.881 -> 46, 1.33, 0.52, -1.64, -36.79, 18.05, -11.02, 0.45, 0.67, -0.87, -0.60, -16.38, -24.44, 0.60, 1.21, 1.15, -3.22, 8.35, 18.13, 1
17:58:24.881 -> 47, 2.23, 0.97, -2.09, -28.49, 6.33, -18.83, -0.15, -0.23, -0.72, -10.36, -21.26, -7.84, 0.75, 1.36, 1.90, -12.49, 2.98, 26.44, 1
17:58:24.881 -> 48, 0.73, -0.08, -1.04, -42.65, -8.32, -4.18, 0.45, 1.12, -1.62, 2.82, -21.26, -26.40, -0.60, -0.14, -0.05, -9.08, 6.40, 18.62, 1
17:58:24.928 -> 49, 1.18, 1.87, -0.74, -34.35, -2.94, -21.27, 0.45, -0.08, -0.87, -4.99, -15.89, -23.96, 0.75, 2.56, 2.65, -1.26, 15.19, 23.51, 1
17:58:24.928 -> 50, 1.33, 0.07, -1.34, -40.21, 4.38, -12.00, 0.45, 0.67, -1.32, -11.83, -25.65, -35.19, 1.65, 1.36, 2.35, -4.68, 7.38, 29.85, 1
17:58:24.928 -> 1, 0.88, 0.52, -0.89, -35.33, -5.39, -21.27, 0.90, -0.08, -0.57, 0.38, -7.10, -17.61, -0.30, 0.01, 0.10, -14.45, -0.43, -49.25, 1
17:58:24.928 -> 2, 0.73, 0.67, -2.24, -27.51, 5.84, -11.51, 0.30, -0.68, -0.27, -4.99, -10.03, -12.72, 0.15, 0.46, 1.00, 16.31, 14.70, 1.53, 1
17:58:24.975 -> 3, 0.88, 0.52, -0.14, -29.96, -1.48, -12.97, 0.45, -0.83, -0.57, -14.76, -9.05, -15.17, 1.05, -0.14, 1.30, 48.54, 17.14, 52.31, 1
17:58:24.975 -> 4, 0.88, 0.52, -0.89, -35.82, -0.99, -13.95, 1.65, -1.13, -1.32, -0.11, -21.75, -22.00, 0.60, 1.96, 1.75, -6.15, -6.78, -17.51, 1
17:58:24.975 -> 5, 1.78, 0.97, -0.59, -19.70, 1.94, -3.70, 0.15, 0.37, -0.87, -8.90, -18.82, -23.96, -0.60, 1.21, 0.70, -17.38, 9.82, -10.67, 1
17:58:24.975 -> 6, 0.28, 0.67, -0.29, -26.54, -2.46, -11.51, 1.35, -0.83, -0.12, 8.19, -2.22, -22.00, -0.30, -0.74, 1.15, 18.27, 8.35, 29.37, 1
17:58:25.022 -> 7, 0.58, 0.07, -0.14, -22.14, -1.97, -12.00, 0.45, -0.38, -0.87, -8.41, -23.21, -10.77, 1.05, 0.91, 1.30, -4.68, 4.94, 8.86, 1
17:58:25.022 -> 8, 1.63, -0.08, -0.74, -36.79, -0.01, 0.70, 1.05, -0.98, -0.72, -6.46, -3.68, -19.56, 1.95, 0.76, 0.10, -18.84, 2.98, -5.79, 1
17:58:25.022 -> 9, 0.58, 1.72, -0.89, -20.68, -0.01, -2.72, 0.90, -1.13, -1.32, -0.11, -16.38, -18.58, 1.05, 1.21, 0.70, 2.64, 14.70, 29.85, 1
17:58:25.022 -> 10, 2.98, 0.52, -1.34, -33.37, 6.33, -13.95, -0.15, -0.23, -1.02, -3.04, -11.49, -18.58, 1.20, 1.06, 0.85, -1.75, 6.40, 27.41, 1
17:58:25.022 -> 11, 2.23, 0.07, -1.64, -24.58, 3.89, -12.00, 1.50, -2.18, -1.47, -8.90, -12.47, -23.96, -0.00, 1.36, 0.85, -14.45, 8.35, -4.33, 1
17:58:25.071 -> 12, 1.78, 1.72, -0.89, -30.93, 8.77, -15.42, 0.30, -0.23, -2.22, -12.31, -8.08, -16.14, 1.05, 0.46, 1.30, 1.18, 9.82, 36.69, 1
17:58:25.071 -> 13, 2.83, 1.12, -1.04, -37.28, 4.87, -2.23, -0.15, 0.52, 0.03, -12.80, -14.91, -12.72, -0.00, 1.36, 0.40, -2.24, 20.07, 26.44, 1
17:58:25.071 -> 14, 1.63, 0.67, -0.74, -21.17, -5.39, -16.39, 0.45, -1.58, -0.87, -2.55, -24.19, -22.49, 1.20, 0.76, 0.10, -1.75, 1.03, 20.09, 1
17:58:25.071 -> 15, 1.18, 0.67, -0.29, -31.91, 0.96, -2.72, 0.75, -1.73, -1.02, -0.11, -13.94, -22.00, -0.15, 0.46, 0.25, -12.98, 2.98, 18.62, 1
17:58:25.119 -> 16, 1.18, 0.37, -1.04, -35.33, 11.70, -14.93, 1.05, -0.98, -1.47, 1.85, -12.96, -15.65, -0.75, 1.36, 1.60, 0.69, 22.03, 30.83, 1
17:58:25.119 -> 17, 1.63, 0.37, -1.49, -36.30, 5.36, -4.18, 0.90, -0.08, -0.87, 5.26, -13.94, -22.98, -0.30, 0.01, 0.85, 3.62, 2.01, 21.06, 1
17:58:25.119 -> 18, 1.78, 1.27, -0.89, -32.89, -8.80, -12.00, 0.45, 0.67, -0.87, 0.87, -4.17, -23.47, 1.20, 0.76, 1.15, -21.77, 3.96, 20.09, 1
17:58:25.119 -> 19, 0.58, 0.07, -0.14, -33.37, -6.36, -2.72, 1.35, -0.08, -0.87, -6.46, -7.59, -23.96, -0.00, 0.76, 1.60, -7.61, 15.68, 31.81, 1
17:58:25.166 -> 20, 1.78, 1.72, -0.59, -30.93, 5.84, -11.51, 0.90, -0.83, -0.87, -2.55, -4.66, -21.51, -0.15, 0.91, -0.05, -11.52, -3.85, 29.37, 1
17:58:25.166 -> 21, 1.63, 1.12, 0.46, -39.23, 2.92, -8.58, 0.90, -0.38, -0.57, -7.43, -17.84, -15.17, 1.05, -0.14, 1.00, -11.52, 4.94, 22.04, 1
17:58:25.166 -> 22, 1.78, -0.68, -0.89, -32.40, -0.50, 0.21, -0.15, -0.23, -0.72, -13.29, -17.84, -20.05, 1.95, 1.81, 0.40, -1.75, 16.17, 28.88, 1
17:58:25.166 -> 23, 0.58, 1.27, -0.59, -26.54, -12.22, -18.83, 0.75, -0.68, -1.92, 3.31, -18.82, -22.98, 0.60, 0.16, 1.00, -6.64, 0.05, 31.81, 1
17:58:25.213 -> 24, 2.23, 2.02, -1.64, -31.42, 8.77, -12.00, 1.65, -0.08, -1.32, -14.76, -16.38, -16.14, -0.15, -0.14, 1.00, 10.94, 2.50, 19.11, 1
17:58:25.213 -> 25, 1.33, 1.72, 0.31, -29.47, -0.01, -18.34, 0.30, -0.23, -1.47, -9.39, -5.15, -25.42, -0.15, 1.21, 1.75, -7.61, 4.45, 23.99, 1
17:58:25.213 -> 26, 1.63, 0.67, -0.74, -34.84, -6.36, -17.37, -0.15, -0.23, -1.47, -1.57, -19.31, -20.05, 0.15, 1.21, 1.00, -0.29, -5.81, 15.69, 1
17:58:25.213 -> 27, 0.88, 1.72, 0.31, -28.98, 7.31, -7.60, 1.50, -0.98, -1.47, -15.24, -11.01, -13.21, 0.75, 1.06, 0.85, -12.49, 8.35, 15.21, 1
17:58:25.213 -> 28, 1.33, 0.52, -0.59, -28.49, 4.87, -17.86, 0.30, 0.07, -0.27, -11.34, -6.61, -17.12, 0.60, 0.46, 0.25, 0.69, 8.35, 17.65, 1
17:58:25.260 -> 29, 2.98, -0.68, -2.09, -25.07, 15.12, -11.51, 0.30, -0.98, -1.47, -8.41, -15.89, -26.40, 2.40, 1.81, 1.60, -3.22, -1.90, 26.44, 1
17:58:25.260 -> 30, 1.33, 0.52, -0.89, -27.03, 11.70, -9.07, 0.90, -0.83, -0.12, -4.50, -12.96, -24.44, 0.45, 0.76, 0.85, -5.17, 5.42, 16.18, 1
17:58:25.260 -> 31, 0.88, -0.23, -0.89, -35.33, 0.96, -14.44, 0.75, -0.23, -0.72, -6.46, 1.69, -26.88, -0.15, 0.46, -0.80, -7.12, 9.82, 18.13, 1
17:58:25.260 -> 32, 0.58, 0.07, -0.89, -48.51, -6.36, -17.86, 0.75, -0.23, -1.47, -19.15, -21.26, -11.75, -0.00, 0.76, 0.40, -13.47, 13.73, 22.53, 1
17:58:25.293 -> 33, 0.58, 1.27, -0.14, -36.30, 2.92, -13.95, 0.45, -1.13, -1.62, -4.99, -24.68, -31.28, -0.60, -0.14, 1.30, -11.52, 2.01, 16.18, 1
17:58:25.293 -> 34, 1.78, 0.52, -0.59, -33.37, -1.48, -5.65, 0.75, -0.98, -0.72, 1.85, -14.91, -30.79, 0.15, 0.91, 1.75, -8.59, 10.80, 26.92, 1
17:58:25.293 -> 35, 1.78, 0.97, -0.89, -23.61, 3.40, -17.37, -0.60, 1.57, -1.47, 0.38, -5.63, -17.12, -0.00, 0.76, 1.90, -8.10, 2.98, 2.02, 1
17:58:25.341 -> 36, 0.88, 1.72, -0.59, -31.91, -3.43, -3.21, 1.35, -0.08, -2.07, -15.73, -25.65, -23.47, 1.05, 0.46, 1.75, -3.71, 11.28, 22.04, 1
17:58:25.341 -> 37, 1.93, 1.12, -0.29, -37.77, -2.46, -22.25, 0.75, 0.82, -0.72, -10.36, -17.35, -13.21, 1.20, 1.36, 0.85, -1.26, -1.41, 26.44, 1
17:58:25.341 -> 38, 1.18, 0.37, 0.01, -45.09, -0.99, -25.67, 0.15, -0.08, -2.37, -14.76, -16.87, -11.75, 1.20, 1.06, 1.15, -23.24, 13.24, 23.99, 1
17:58:25.341 -> 39, 2.98, -0.23, -0.59, -16.77, -4.41, -7.11, 0.15, -0.83, 0.18, -6.94, -32.00, -14.19, 1.80, 0.91, 2.05, -8.10, 14.21, 16.18, 1
17:58:25.388 -> 40, 2.38, 0.67, -0.74, -22.14, 5.36, -12.00, 0.90, -1.58, -2.37, -7.92, -12.47, -22.98, 0.15, 0.46, 1.00, -5.17, 10.31, 23.02, 1
17:58:25.388 -> 41, 1.93, 0.37, 0.46, -29.47, -1.48, -17.37, 0.30, -0.98, -1.47, -13.29, -8.56, -16.14, -0.60, 0.91, 1.30, 1.67, 2.01, 31.32, 1
17:58:25.388 -> 42, 1.63, 1.12, -1.49, -32.40, -6.85, 1.67, 1.05, -0.23, -1.47, -6.94, -11.49, -13.70, 1.35, 1.21, 1.30, -16.40, 16.17, 16.18, 1
17:58:25.388 -> 43, 1.78, 2.02, 0.31, -38.75, 4.87, -6.14, 0.30, -1.43, -0.27, -6.94, -3.19, -13.21, -0.15, 0.91, 0.70, -6.15, -16.06, 17.65, 1
17:58:25.435 -> 44, 2.23, 0.52, -0.89, -34.84, 7.31, -21.76, 1.05, -0.23, -1.02, -5.48, -2.22, -20.05, -0.60, 1.66, 1.30, 1.18, 19.58, 16.18, 1
17:58:25.435 -> 45, 0.88, 0.97, -1.34, -16.77, -2.46, -27.62, 1.05, 0.52, -1.92, -3.04, -18.33, -16.14, 0.60, 1.66, 0.25, -6.15, 14.21, 23.02, 1
17:58:25.435 -> 46, 2.23, 1.27, -0.89, -29.96, 0.96, -16.39, 0.30, -0.68, -1.47, -5.97, -18.82, -17.12, 0.60, 0.46, 0.85, -10.05, -0.92, 22.04, 1
17:58:25.435 -> 47, 2.38, 0.67, -1.04, -26.05, 10.24, -11.02, 0.15, -1.13, -1.32, -12.80, -16.38, -1.98, -0.15, 1.21, 1.75, 0.69, 9.82, 34.25, 1
17:58:25.483 -> 48, 0.88, 1.27, 0.61, -28.00, -10.27, -12.97, -0.15, -0.68, 0.03, -8.90, -20.77, -23.47, 1.20, 0.01, 1.15, -1.26, 1.52, 20.09, 1
17:58:25.483 -> 49, 2.23, -0.23, -1.64, -38.26, -0.99, -8.58, 1.05, -0.98, -0.72, -5.97, -1.73, -28.84, 1.20, 1.36, 0.40, -0.78, 2.01, 17.65, 1
17:58:25.483 -> 50, 1.93, 0.67, -0.74, -16.77, 9.26, -15.42, -0.30, -1.58, -2.37, -8.90, -5.63, -21.03, 0.75, -0.44, 1.90, -0.29, -4.34, 27.90, 1
17:58:25.483 -> 1, 2.98, 3.22, -2.54, -51.44, -2.46, -16.88, 0.30, -2.18, -0.27, -2.55, -16.87, -29.81, 1.05, 0.46, 1.30, -140.91, -10.69, 142.16, 1
17:58:25.483 -> 2, 1.78, 1.72, -2.09, -23.61, 4.87, -14.93, 2.10, -1.88, -1.32, 2.82, -9.54, -22.00, 1.80, -0.59, 1.30, -141.40, 0.54, 113.35, 1
17:58:25.529 -> 3, 1.63, 0.67, -1.94, -31.91, -2.46, -16.88, 0.45, -1.13, -0.87, -8.90, -13.45, -19.07, 0.45, 0.01, 1.15, -82.81, -0.92, 111.40, 1
17:58:25.529 -> 4, 0.58, 0.07, -1.34, -31.91, -0.01, 1.19, 0.45, -0.83, 1.38, 1.36, -0.75, -33.72, -0.60, 0.16, 1.00, -76.46, 1.03, 81.61, 1
17:58:25.529 -> 5, -0.17, -0.08, 0.46, -60.23, -9.29, -5.16, -1.20, 0.37, -1.62, 18.45, 11.94, -60.58, -1.20, 0.31, 1.15, -124.31, 56.69, 54.76, 1
17:58:25.529 -> 6, 1.18, 1.42, 0.01, -17.75, -8.32, -48.62, 0.30, 0.07, -3.72, 0.38, -32.49, -48.37, 0.75, 0.76, 2.35, 87.60, 57.67, 253.00, 1
17:58:25.577 -> 7, 2.23, 0.97, -0.14, -30.93, -8.32, -26.65, 0.75, -0.23, -2.22, -94.83, -21.75, 22.43, 0.15, -0.14, 1.00, 8.01, 30.33, 115.30, 1
17:58:25.577 -> 8, 1.93, 0.37, -0.29, -40.21, -11.73, 13.88, 1.35, -1.13, -0.87, -10.36, -2.71, -26.88, -0.30, -0.74, 0.40, -65.72, 9.82, 150.95, 1
17:58:25.577 -> 9, 3.43, 0.07, -2.54, -46.07, 8.29, -7.60, 2.70, -0.23, -1.47, 16.49, -26.14, -39.58, 1.20, 0.31, 1.60, 50.01, 40.09, 217.35, 1
17:58:25.577 -> 10, 3.28, -0.08, -2.24, -34.35, 8.29, -7.60, 2.70, -0.98, -1.47, -27.45, -14.42, -4.91, 1.35, 1.21, 2.05, -55.46, 8.35, 65.01, 1
17:58:25.624 -> 11, 2.68, 0.97, -1.64, -35.33, -0.99, -22.25, 1.05, -0.23, -1.92, -7.43, -15.89, -16.14, -0.15, 0.91, 2.05, -70.60, -9.22, 7.88, 1
17:58:25.624 -> 12, 1.93, -0.08, -0.74, -43.63, -9.78, -14.44, 0.90, -1.58, -0.87, -22.57, -19.79, -30.30, 0.60, 1.21, 2.50, 3.62, 24.47, 80.15, 1
17:58:25.624 -> 13, 2.23, 1.72, -1.34, -42.65, 5.36, -10.53, 0.15, -0.38, -2.07, -5.97, -14.91, -23.47, -0.30, 0.76, 1.60, -12.01, 16.66, 31.32, 1
17:58:25.624 -> 14, 2.68, -0.23, -0.59, -36.30, 1.45, -6.14, 0.30, -1.73, -1.02, -11.83, -23.70, -16.63, 1.35, 1.66, 1.00, -64.74, 0.54, -6.28, 1
17:58:25.673 -> 15, 2.68, 0.97, -2.09, -30.93, -13.20, -19.81, 0.45, -0.38, -1.62, -11.83, -7.59, -30.30, 0.15, 1.66, 1.75, -6.64, 13.73, 43.53, 1
17:58:25.673 -> 16, 1.18, 1.12, -0.74, -38.26, 8.29, -13.95, 0.75, -0.98, -0.72, -4.99, -8.56, -38.12, 0.15, 1.96, 1.30, -12.49, 13.24, 35.71, 1
17:58:25.673 -> 17, 2.38, 0.67, -1.04, -49.49, 5.36, -13.95, 0.45, 0.37, -0.57, -12.31, -11.49, -12.72, -0.00, 1.36, 1.60, -33.00, 4.94, 7.88, 1
17:58:25.673 -> 18, 2.38, 0.67, -1.49, -37.77, -4.90, -15.90, 0.75, 0.52, -0.72, 1.85, -20.77, -32.26, 1.35, 1.21, 2.50, -21.28, -0.43, 35.22, 1
17:58:25.719 -> 19, 2.23, 0.97, -0.89, -35.82, -6.36, -15.90, 0.30, -1.43, -1.02, -3.53, -24.68, -17.61, 1.20, 0.76, 1.60, -2.24, 6.40, 46.46, 1
17:58:25.719 -> 20, 1.18, 0.67, 0.46, -30.44, -0.99, -13.95, 0.90, -0.83, -0.87, -11.83, -12.47, -19.07, -0.15, 0.46, 1.75, -19.33, -11.18, 16.67, 1
17:58:25.719 -> 21, 1.93, 1.87, -0.29, -41.67, 1.45, -17.86, 0.75, -0.68, -0.72, -5.97, -22.24, -28.35, 0.45, 0.31, 1.60, -25.19, 14.70, 24.48, 1
17:58:25.719 -> 22, 1.18, 0.37, -0.74, -39.23, 3.89, -4.67, 1.05, -0.68, -1.47, -0.11, -21.26, -20.05, 1.35, 0.46, 2.05, -11.03, 3.96, 29.37, 1
17:58:25.719 -> 23, 2.38, 0.37, 0.01, -31.42, 3.89, -20.79, -0.75, -0.38, -1.62, -2.55, -25.17, -22.98, 0.75, 1.81, 1.15, -26.66, 6.89, 29.37, 1
17:58:25.766 -> 24, 1.33, 1.27, -0.59, -39.23, -2.46, -20.79, 0.75, 0.07, -2.22, -8.41, -11.01, -14.68, 1.35, 1.96, 0.70, -20.31, 21.54, 14.72, 1
17:58:25.766 -> 25, 2.23, 0.07, -0.59, -34.35, -6.85, -18.34, 0.15, -1.13, -1.32, -7.43, -17.84, -22.49, 0.15, 1.66, 1.75, -17.87, 20.07, 34.25, 1
17:58:25.766 -> 26, 2.68, 2.02, -0.59, -43.63, 1.94, -15.90, 1.50, -0.98, -2.22, -5.97, -14.91, -30.30, 1.20, 0.31, 1.60, 1.67, -1.90, 30.34, 1
17:58:25.766 -> 27, 1.63, 1.42, -0.74, -35.33, 3.40, -14.93, 0.15, -0.08, -1.32, -9.39, -23.21, -21.51, 1.65, 1.06, 0.85, -20.80, 1.52, 18.13, 1
17:58:25.814 -> 28, 1.93, 0.67, -0.74, -39.72, 5.36, -20.30, 0.75, -0.23, -1.02, -14.76, -16.87, -31.77, 1.20, 0.01, 2.35, -7.12, 6.40, 27.41, 1
17:58:25.814 -> 29, 2.38, 0.67, 0.01, -27.03, -8.80, -12.97, 0.30, -0.23, -1.92, -7.43, -12.96, -22.49, 2.25, 0.91, 1.30, -4.68, 13.73, 19.11, 1
17:58:25.814 -> 30, 1.63, 1.12, -1.04, -46.07, -2.46, -10.04, -0.15, -0.68, -1.02, -4.01, -10.52, -18.58, 0.45, 0.76, 1.60, -8.10, 13.73, 21.55, 1
17:58:25.814 -> 31, 2.83, 0.67, -1.94, -39.72, -2.46, -20.79, 1.65, -0.38, -2.07, -7.43, -11.49, -30.79, 0.60, 0.91, 2.05, -11.52, 7.38, 28.39, 1
17:58:25.862 -> 32, 0.73, -0.38, 0.01, -45.58, -4.90, -20.30, 0.15, -0.83, -2.07, -6.46, -15.89, -34.70, 1.20, 1.81, 2.35, -20.80, 3.96, 25.95, 1
17:58:25.862 -> 33, 2.83, 0.67, -1.04, -38.75, -1.97, -12.49, 1.05, -0.98, -0.72, -3.04, -24.68, -24.93, 0.45, 0.01, 1.60, -4.19, 24.96, 23.02, 1
17:58:25.862 -> 34, 1.63, 0.37, -1.49, -31.42, 2.92, -12.49, -0.15, -0.23, -2.67, -8.41, -26.63, -22.49, 1.05, 2.41, 1.75, -17.87, 21.05, 20.09, 1
17:58:25.862 -> 35, 2.68, 1.27, -0.59, -28.98, 2.92, -13.46, -0.30, -0.08, -2.07, -5.48, -16.38, -31.28, 1.20, 1.81, 0.40, -10.54, 8.35, 33.76, 1
17:58:25.909 -> 36, 2.38, 0.67, -1.49, -34.35, -0.99, -12.97, 0.90, -1.13, -0.87, -18.17, -28.10, -26.88, -0.15, 1.66, 2.05, -4.19, 12.75, 21.06, 1
17:58:25.909 -> 37, 2.23, 0.52, -0.59, -31.42, 2.43, -15.42, 1.35, -1.13, -1.32, -11.34, -20.28, -18.58, -0.30, 1.06, 0.85, -2.24, 14.21, 22.04, 1
17:58:25.909 -> 38, 2.83, 1.12, -0.29, -36.79, -4.90, -11.51, 0.90, -0.83, -0.57, -17.69, -24.68, -32.26, 0.45, 1.81, 1.90, -12.01, 4.94, 23.02, 1
17:58:25.909 -> 39, 2.23, 0.97, -0.14, -28.98, -8.32, -11.02, 0.30, -0.98, -0.72, -5.48, -15.89, -27.86, 0.45, 0.76, 1.15, -5.66, 9.33, 19.60, 1
17:58:25.909 -> 40, 2.98, 1.27, -0.59, -36.79, -12.22, -3.21, 1.35, -0.08, -1.62, -0.11, -24.68, -18.10, -0.15, 1.96, 1.75, -16.40, 22.03, 22.53, 1
17:58:25.957 -> 41, 1.63, 0.67, -1.94, -38.26, -0.99, -11.51, 0.45, -0.08, -0.87, -0.11, -11.49, -30.79, -0.75, 1.81, 1.60, -8.10, 6.89, 32.29, 1
17:58:25.957 -> 42, 2.68, 1.27, -1.34, -36.79, 0.96, -14.44, 0.90, -0.83, -1.62, -0.60, -18.33, -21.51, -0.15, 0.16, 1.75, -8.10, 3.96, 20.09, 1
17:58:25.957 -> 43, 2.68, 0.07, -0.59, -39.23, -8.80, -23.23, 0.90, -0.83, -0.87, 7.22, -11.49, -21.51, 1.65, 0.76, 2.35, -4.19, 3.47, 23.51, 1
17:58:25.957 -> 44, 2.98, 0.97, -0.59, -39.72, -0.99, -8.09, 1.05, -0.23, -1.47, -2.55, 0.71, -27.37, 1.05, 0.91, 1.30, -14.45, 2.98, 31.81, 1
17:58:26.004 -> 45, 2.83, -0.08, -0.74, -28.00, -11.73, -6.63, 1.35, -0.38, -1.62, -9.87, -13.94, -26.88, 0.60, 1.21, 0.70, -21.28, 20.56, 23.99, 1
17:58:26.004 -> 46, 0.73, 0.37, -0.74, -46.56, 4.87, -14.44, 0.30, -1.43, -1.47, -13.78, -20.28, -25.91, -0.00, 1.36, 1.60, -13.47, 13.24, 25.46, 1
17:58:26.004 -> 47, 1.78, 0.97, -0.14, -27.51, -1.97, -0.77, 1.05, 0.07, -1.47, 7.70, -19.79, -28.84, 0.15, 1.21, 2.80, -7.12, 9.82, 30.83, 1
17:58:26.004 -> 48, 2.83, 1.87, -0.74, -37.28, 12.19, -20.30, 0.75, 1.27, -0.72, -3.53, -19.79, -28.35, -0.60, 0.91, 1.30, -17.38, 23.49, 13.74, 1
17:58:26.052 -> 49, 1.33, 0.97, 0.61, -29.96, 2.43, -4.18, 1.05, -1.43, -1.02, -13.78, -11.49, -30.79, 0.60, 2.41, 1.75, -7.12, 7.87, 16.18, 1
17:58:26.052 -> 50, 1.78, 0.52, -0.59, -35.33, -6.85, -11.02, 0.30, -0.68, -1.47, -7.43, -15.89, -30.79, 1.05, 1.21, 1.30, -2.24, 9.82, 18.13, 1
17:58:26.052 -> 1, 1.63, 0.37, -1.04, -39.23, 7.31, -17.86, -0.30, 2.17, -2.07, 16.98, -11.98, -43.49, -1.95, 0.76, -2.45, -165.82, -41.94, -184.99, 1
17:58:26.052 -> 2, 1.78, -0.68, 1.51, -29.96, 4.87, -15.90, -0.30, 1.42, -2.07, -4.99, -5.63, -29.81, 0.60, -0.59, -0.50, -47.16, -15.08, -50.71, 1
17:58:26.101 -> 3, 0.88, -0.68, -0.14, -29.96, -5.87, -26.65, -0.30, 2.17, -2.07, 6.24, -17.35, -22.00, -0.15, 0.46, -0.05, 28.52, 17.14, 67.45, 1
17:58:26.101 -> 4, 1.18, -1.28, -0.74, -27.51, 7.80, -7.60, 0.15, 1.12, -1.62, -12.31, -18.33, -22.49, -1.50, -0.74, -1.10, -48.14, 7.87, -6.77, 1
17:58:26.101 -> 5, 1.78, -0.98, -0.59, -26.54, -4.90, -22.25, 1.95, 0.82, -0.27, -8.90, -19.79, -35.19, 0.15, 0.91, 1.30, -17.38, 7.87, 16.18, 1
17:58:26.101 -> 6, 0.58, -0.23, -1.34, -21.17, -20.52, -12.97, 0.45, 1.42, -0.57, -4.99, -2.71, -20.54, -0.30, 0.31, 1.60, 38.77, 24.96, 73.80, 1
17:58:26.101 -> 7, 1.33, 0.52, -1.64, -42.16, 2.43, -12.97, 2.10, 0.67, -0.87, -6.94, -26.14, -28.35, -0.60, 0.16, -0.80, -23.73, 18.12, 12.28, 1
17:58:26.148 -> 8, 2.38, -0.83, 0.01, -33.37, -9.29, -20.30, 1.50, 0.07, -1.92, -11.34, -8.08, -35.67, -0.00, 0.01, 1.60, -21.28, 6.40, 13.74, 1
17:58:26.148 -> 9, 1.78, 0.97, -1.34, -37.28, -6.85, -20.79, 2.70, -0.23, -2.22, -5.48, -19.79, -23.47, -0.75, 1.81, 2.35, 7.04, 7.87, 61.10, 1
17:58:26.148 -> 10, 2.98, -0.68, -2.09, -46.56, 0.47, -13.46, 1.35, 0.37, -1.32, -0.60, -11.01, -31.77, -0.60, 0.16, 0.70, 9.97, 4.94, 23.51, 1
17:58:26.148 -> 11, 1.93, -0.08, -1.49, -36.79, 0.47, -12.49, 2.10, -0.08, -0.57, -0.60, -19.31, -14.19, -0.75, 0.76, 1.90, -39.35, 1.52, -1.40, 1
17:58:26.196 -> 12, 1.63, 1.87, -0.74, -38.26, -4.41, -12.00, 0.75, 0.07, 0.03, -1.57, -16.87, -8.33, 0.15, 0.91, 0.70, 4.59, 0.54, 26.44, 1
17:58:26.196 -> 13, 1.93, 1.12, -1.94, -34.84, -1.97, -3.70, 1.35, -0.38, 0.18, -4.99, -16.38, -23.47, -0.75, -0.74, 1.60, 7.04, 23.98, 24.48, 1
17:58:26.196 -> 14, 0.88, 0.52, -1.34, -43.14, 4.87, -21.76, -0.15, -0.23, 0.78, -2.55, -13.94, -25.91, -0.00, 0.31, 1.15, -10.54, -11.18, 3.49, 1
17:58:26.196 -> 15, 1.18, -0.38, -2.24, -52.91, -4.41, 89.08, -3.00, 0.07, 1.23, 32.61, -19.79, -44.46, -0.75, 0.76, 0.10, -68.16, -19.97, 65.99, 1
17:58:26.246 -> 16, 0.28, 0.67, -2.24, -25.56, 22.45, -21.76, -3.00, 0.52, 1.23, -30.38, -25.17, -17.61, -0.00, 0.31, 1.15, -40.33, 18.12, 71.36, 1
17:58:26.246 -> 17, -0.32, -0.98, -2.09, -28.98, 11.70, -30.55, -3.00, -0.68, 0.78, -11.34, -22.24, -22.98, 1.20, -0.44, 1.60, -39.35, 8.84, 44.01, 1
17:58:26.246 -> 18, 0.73, 0.37, -2.69, 14.48, 22.93, -36.90, -1.20, 0.37, 1.38, 1.85, -41.28, -47.88, 0.60, 0.16, 1.30, -5.17, -32.17, -15.56, 1
17:58:26.246 -> 19, -0.17, -1.58, -2.24, -26.54, -1.48, -16.88, 0.90, 0.67, 0.63, 6.73, -36.88, -17.12, 0.15, 0.16, 1.00, 42.19, 35.21, 48.90, 1
17:58:26.293 -> 20, -1.37, 0.37, -0.74, -38.26, 2.92, -1.74, 1.95, 0.82, 2.28, -15.73, -13.94, -23.96, 0.15, 0.46, 1.75, -15.42, 1.03, -2.37, 1
17:58:26.293 -> 21, -0.47, 0.67, -1.04, -31.42, 1.94, -15.90, 0.90, 0.67, 1.83, 1.36, -16.87, -35.19, 0.15, -1.34, 1.75, 47.08, 22.03, 56.71, 1
17:58:26.293 -> 22, -0.32, -0.23, -2.09, -26.05, -5.39, -22.74, 1.05, -0.23, -0.72, -11.34, -10.52, -13.21, -0.15, -0.14, 1.30, 39.26, 21.54, 53.29, 1
17:58:26.293 -> 23, -0.32, -0.23, -0.14, -38.75, 1.45, -22.74, 1.65, 0.37, 0.18, -2.55, -14.42, -30.79, 0.15, 0.91, -0.05, -12.49, 12.75, -2.86, 1
17:58:26.293 -> 24, 0.73, 0.37, 0.01, -27.03, 1.94, -10.04, 0.45, -0.83, 0.63, -5.97, -16.87, -19.07, -0.00, 0.01, 1.15, 6.55, 10.31, 13.74, 1
17:58:26.341 -> 25, 1.63, -0.08, -1.04, -22.14, 5.36, -12.00, 0.30, 0.52, -1.02, -4.99, -28.10, -32.74, 1.35, 0.16, 1.75, 14.85, 19.10, 34.74, 1
17:58:26.341 -> 26, 1.63, 1.12, -1.94, -27.03, -0.99, -12.00, 0.45, -0.83, -0.12, -12.31, -13.94, -22.98, 0.15, 0.91, 0.70, -0.29, -1.41, 0.56, 1
17:58:26.341 -> 27, 1.78, 0.97, 0.31, -30.93, 8.29, -6.63, 0.75, 0.52, -2.22, -4.99, -28.58, -13.21, -0.15, 1.21, 1.00, -10.54, 9.33, 19.60, 1
17:58:26.341 -> 28, 0.73, 0.67, -0.29, -32.40, -0.01, -14.44, 0.45, 0.67, -1.62, -13.78, -20.28, -22.98, 0.60, 1.21, 1.00, 6.06, 4.94, 41.57, 1
17:58:26.387 -> 29, 1.63, 0.67, -1.04, -29.96, -7.34, -16.39, 0.75, -0.68, -1.02, -5.97, -6.12, -10.28, 0.75, -0.74, 0.85, 5.57, 5.42, 14.72, 1
17:58:26.387 -> 30, 2.23, 0.07, -0.59, -37.28, 1.94, -13.95, 1.50, 0.07, -0.72, -2.06, -22.72, -16.14, -0.30, 0.76, 1.15, -14.94, 10.31, 13.74, 1
17:58:26.387 -> 31, 0.58, 0.52, -0.14, -40.21, 4.38, -8.09, 1.05, -0.23, -0.27, -5.97, -15.40, -26.40, 0.60, 1.21, 2.50, -11.52, 16.66, 27.41, 1
17:58:26.387 -> 32, 0.13, 0.97, -2.09, -43.63, 1.94, 0.21, 0.75, 0.07, -0.27, -19.15, -26.63, -20.05, -0.00, 0.31, 0.85, -18.35, 16.66, 17.65, 1
17:58:26.435 -> 33, 0.13, 0.52, -1.34, -21.66, 11.22, -20.30, -0.75, -0.83, -0.87, -9.87, -16.87, -26.40, 0.45, 0.31, -0.35, -13.96, 11.28, 14.72, 1
17:58:26.435 -> 34, 1.93, 0.67, 0.01, -29.47, -1.97, -5.65, 1.05, 0.52, 0.03, -10.36, -23.21, -23.47, 0.75, 1.81, 0.85, -0.29, 5.91, 32.29, 1
17:58:26.435 -> 35, 2.38, 0.37, -1.04, -23.12, -5.87, -19.32, 2.55, 0.37, -0.57, -15.24, -30.05, -20.54, 0.15, 0.16, 2.05, -7.12, 1.03, 34.25, 1
17:58:26.435 -> 36, 1.63, 1.42, -0.74, -42.65, -9.29, -7.11, 1.95, 0.07, -0.27, -12.80, -0.26, -18.58, 0.45, -0.74, -0.35, -17.38, 11.28, 14.23, 1
17:58:26.435 -> 37, 0.58, 0.07, -0.59, -34.35, 8.29, -1.26, 0.45, -0.38, -1.32, -4.01, -14.42, -17.61, 0.15, 0.46, 1.00, -2.73, 2.01, 14.23, 1
17:58:26.484 -> 38, 0.28, 0.67, -0.74, -28.98, 1.45, -1.74, 0.30, 0.07, -1.02, -8.90, -11.01, -27.37, 0.45, 0.31, 0.85, -3.22, 12.26, 29.85, 1
17:58:26.484 -> 39, 0.13, 0.07, -0.89, -31.91, 3.40, -12.00, 1.50, -0.23, -1.47, -6.46, -9.05, -30.79, 0.75, 0.31, 1.60, -0.29, 17.63, 25.95, 1
17:58:26.484 -> 40, 1.63, -0.08, 0.01, -22.63, -9.29, -19.81, 1.50, -1.43, -1.02, -6.46, -14.91, -12.72, 0.75, 1.36, 1.60, -18.84, 21.05, 17.16, 1
17:58:26.484 -> 41, 1.33, 0.97, -0.89, -34.84, -1.48, -14.93, -0.30, -0.08, -1.32, 6.24, -17.84, -37.14, 0.60, 0.91, 1.00, 0.69, 16.17, 23.51, 1
17:58:26.530 -> 42, 0.13, 1.72, 0.31, -29.96, -0.50, -12.97, 0.90, -1.13, -0.57, -3.53, -17.35, -33.72, -0.00, 2.11, 1.15, -12.49, 14.70, 11.79, 1
17:58:26.530 -> 43, 2.23, 1.72, -0.59, -26.54, -8.32, -8.09, -0.15, -0.98, -1.02, 2.82, -16.38, -26.88, 0.60, 0.46, 1.00, -17.38, 11.77, 30.34, 1
17:58:26.530 -> 44, 1.18, 0.37, -0.29, -30.44, -3.43, -12.00, -0.15, 0.07, -1.47, -2.06, -10.52, -23.96, 0.60, 1.66, 1.30, -10.05, -2.39, 25.46, 1
17:58:26.530 -> 45, 0.88, 0.07, -1.34, -28.98, -0.99, -5.16, 0.75, 0.07, -2.22, -15.73, -18.82, -26.88, 1.35, 1.21, 1.30, -0.29, 10.80, 28.39, 1
17:58:26.579 -> 46, 1.33, -0.23, -1.34, -31.91, 1.94, -15.90, 1.35, 0.67, -0.57, 1.85, -13.94, -25.42, -0.60, 0.16, 0.70, -2.24, 3.47, 15.21, 1
17:58:26.579 -> 47, 1.18, 0.67, -1.49, -42.16, 3.40, -25.18, -0.30, 1.12, -1.62, -3.53, -26.63, -25.42, 2.25, 2.41, 1.00, -11.52, 5.42, 18.13, 1
17:58:26.579 -> 48, 0.58, 0.97, -0.59, -28.49, 8.29, -11.02, 1.05, 0.07, -0.72, -6.46, -12.47, -22.98, 0.45, 0.01, 1.15, -2.73, 7.38, 25.95, 1
17:58:26.579 -> 49, 1.18, 0.67, 0.01, -22.63, -4.41, -13.46, 0.30, -0.98, -1.02, -16.71, -13.94, -24.93, -0.75, 1.06, 1.90, -7.12, -5.32, 21.55, 1
17:58:26.626 -> 50, 2.38, 1.12, -0.29, -19.70, 1.45, -15.90, 0.75, 0.07, -0.72, -12.31, -29.07, -29.81, 0.75, 0.76, 1.60, -16.40, 13.24, 25.95, 1
17:58:26.626 -> 1, 2.38, 1.12, -0.74, -42.65, 4.38, -23.23, 0.45, -0.83, -1.62, -5.97, -9.54, -27.37, 0.45, -0.44, 1.90, 40.73, 29.84, 44.01, 1
17:58:26.626 -> 2, 2.68, 0.52, -0.59, -42.16, -6.36, -12.00, 1.50, -0.68, -0.27, -22.08, -17.84, -14.68, 0.75, 0.01, 2.35, -37.40, -7.27, -43.39, 1
17:58:26.626 -> 3, 2.68, -0.23, -2.54, -32.40, -3.92, -9.07, 1.35, -0.08, -0.87, -16.71, -3.68, -31.77, 1.05, 0.46, 1.75, -33.49, -0.43, -10.19, 1
17:58:26.626 -> 4, 2.23, 0.97, -0.89, -41.67, -1.97, -6.14, 1.05, -0.98, -1.47, -13.29, -22.24, -15.65, 0.75, 0.31, 1.60, 25.59, 13.73, 44.99, 1
17:58:26.674 -> 5, 2.23, 0.52, -0.89, -32.89, -8.32, -12.97, 2.10, 0.67, -1.62, 0.87, -28.58, -27.37, -0.30, -0.44, 1.90, -10.54, 12.75, 3.49, 1
17:58:26.674 -> 6, 1.93, -0.38, -1.04, -41.19, 0.47, -21.27, 1.65, -0.08, -1.62, 5.75, -15.40, -21.51, -2.55, 0.16, 1.75, -38.37, 19.10, 1.04, 1
17:58:26.674 -> 7, 0.58, 0.52, -1.34, -27.51, 0.96, -12.49, 2.10, -0.08, -0.87, -1.57, -6.12, -23.47, -2.10, 0.46, 1.75, 10.45, 22.51, 33.27, 1
17:58:26.674 -> 8, 1.78, 0.52, -0.59, -43.63, 9.26, -8.58, 0.15, 0.67, -1.62, 9.66, -13.94, -22.00, -1.50, -0.44, -0.35, -3.22, 7.38, 34.74, 1
17:58:26.721 -> 9, 0.28, -0.83, 0.46, -32.40, 0.96, -9.56, -0.75, 0.67, -1.32, -4.99, -22.72, -39.58, -0.60, -2.84, -2.30, -53.02, 33.26, 9.83, 1
17:58:26.721 -> 10, 1.18, 1.42, 1.66, -20.68, -1.48, -27.62, 1.05, 0.52, -0.27, -26.47, -15.40, -4.42, 1.20, -2.24, -3.65, 254.11, 78.18, 261.30, 1
17:58:26.721 -> 11, 1.18, -0.38, -0.29, -60.72, -1.48, -16.88, 1.05, 0.07, -0.72, -29.89, -29.07, -23.96, 1.80, -3.14, -2.75, 12.41, -0.43, -16.04, 1
17:58:26.721 -> 12, 3.73, -0.08, -0.29, -47.53, 19.03, -26.16, -0.15, 0.52, -2.67, -89.46, 10.48, -139.68, 2.25, -2.84, -1.55, 45.61, -6.78, -27.76, 1
17:58:26.769 -> 13, 2.68, 0.52, -0.14, -40.21, -2.46, -8.58, 0.90, 0.67, -0.57, -12.80, -5.63, -10.28, 0.15, -0.89, 0.70, 43.17, 32.28, 48.90, 1
17:58:26.769 -> 14, 1.63, 0.37, -1.04, -30.44, 11.22, -22.25, 0.15, 0.37, -1.62, -1.08, -14.42, -46.42, 1.05, 1.96, 0.70, 83.70, 39.12, 89.91, 1
17:58:26.769 -> 15, 2.23, 0.07, -0.89, -45.58, 4.38, -15.42, 2.25, -0.68, -1.47, -28.92, -28.10, -27.86, 0.60, 0.91, 1.00, 8.50, 11.77, 20.09, 1
17:58:26.769 -> 16, 2.98, 0.97, -2.09, -26.05, -0.99, -13.95, 1.50, 0.07, -1.47, -9.87, -14.91, -35.19, 0.45, 1.36, 2.35, 5.57, 14.21, 7.39, 1
17:58:26.816 -> 17, 2.83, 0.67, -0.29, -40.21, -0.50, -19.32, 1.65, -1.58, -0.87, -12.31, -20.77, -37.14, -0.00, 1.36, 2.95, 42.19, 19.10, 50.36, 1
17:58:26.816 -> 18, 2.68, 0.97, -0.59, -29.96, -3.43, -24.69, 0.75, 0.52, -2.67, -8.41, -25.65, -29.81, 1.20, 0.76, 1.90, 3.13, 4.45, 6.42, 1
17:58:26.816 -> 19, 1.63, -0.38, -0.29, -42.16, 15.61, -20.79, 1.05, 0.07, -1.47, -4.99, -17.35, -35.67, 0.15, 1.66, 2.80, -23.24, 28.37, -2.37, 1
17:58:26.816 -> 20, 1.63, 0.67, 0.01, -30.44, -12.71, -19.81, 0.30, -0.23, -2.22, -5.97, -20.77, -27.37, 0.45, 0.76, 2.35, 9.97, 10.31, 30.83, 1
17:58:26.863 -> 21, 2.38, -0.08, -0.74, -43.63, -13.20, -12.49, 0.15, -0.83, -2.07, -16.22, -19.79, -41.04, -0.60, 1.66, 2.05, 3.13, 10.31, 16.18, 1
17:58:26.863 -> 22, 1.33, 0.97, -0.14, -38.75, -1.48, -20.30, 0.45, -0.08, -3.12, -8.90, -25.17, -28.84, 1.35, 0.46, 1.75, -7.12, 15.68, 8.37, 1
17:58:26.863 -> 23, 2.23, 0.52, 0.31, -33.37, 3.89, -17.37, 2.25, -0.68, -1.02, -13.78, -21.75, -36.65, 2.55, 0.91, 2.50, -6.15, 20.07, 18.62, 1
17:58:26.863 -> 24, 1.93, 1.12, 0.91, -42.16, -3.43, -9.56, 0.30, 0.07, -2.22, -11.83, -27.61, -42.02, 0.60, 1.66, 1.75, -1.26, 12.26, 30.83, 1
17:58:26.863 -> 25, 2.83, 1.12, -0.74, -44.12, 4.38, -16.39, 0.90, 0.37, -1.32, -4.01, -11.49, -28.84, 0.45, 0.76, 1.60, -19.33, -8.74, 22.53, 1
17:58:26.910 -> 26, 1.93, 0.37, -0.74, -41.19, 1.94, -14.44, 0.30, -0.68, -1.47, -8.41, -13.45, -31.28, 0.75, 1.36, 0.85, -5.66, 5.91, 23.99, 1
17:58:26.910 -> 27, 1.33, 0.52, -1.34, -43.63, 6.82, -28.60, 1.50, -2.18, -1.02, -8.90, -28.10, -28.35, 0.75, 0.01, 1.90, 7.52, 7.38, 22.53, 1
17:58:26.910 -> 28, 1.33, 0.97, -0.59, -35.33, 2.92, -15.42, -0.90, 0.82, -1.02, -18.66, -14.91, -29.81, 1.05, 1.96, 1.75, -16.40, 9.82, 21.55, 1
17:58:26.910 -> 29, 1.93, 1.12, -0.29, -37.77, 4.87, -12.49, 0.75, 0.07, -1.02, 2.82, -16.38, -23.96, 0.15, 1.21, 1.00, -21.28, -1.41, 19.11, 1
17:58:26.957 -> 30, 1.93, 0.67, 0.46, -36.30, 2.43, -7.11, 0.75, -0.68, -1.02, -8.90, -19.79, -30.79, 1.05, 0.91, 2.05, -7.61, 8.84, 22.04, 1
17:58:26.957 -> 31, 0.58, 0.52, -0.89, -45.09, 0.96, -12.00, -0.15, -0.68, -1.47, -11.83, -24.19, -24.93, 0.60, 0.91, 2.05, -19.82, 19.10, 19.11, 1
17:58:26.957 -> 32, 3.73, 1.42, -1.04, -58.76, 1.45, -17.86, 0.75, -0.98, -1.02, -6.94, -15.40, -25.91, 0.60, 1.21, 1.30, -17.38, 6.89, 21.06, 1
17:58:26.957 -> 33, 1.78, 0.97, -0.89, -41.67, 0.96, -6.14, 0.15, -0.83, -0.87, -15.24, -19.79, -24.93, 1.80, 0.91, 1.30, -7.61, 9.33, 35.22, 1
17:58:27.007 -> 34, 1.63, 1.12, -0.74, -36.30, -0.99, -8.09, 0.15, -0.38, -0.57, -9.39, -9.54, -33.72, 1.65, 1.81, 2.65, -13.47, 18.12, 35.71, 1
17:58:27.007 -> 35, 1.63, 1.12, -0.29, -57.30, 7.80, -17.86, 0.45, -0.38, -3.12, -15.24, -23.21, -29.33, 1.20, 1.06, 0.85, -28.61, -2.88, 23.99, 1
17:58:27.007 -> 36, 1.18, 0.37, 0.01, -36.79, -9.29, -7.11, 0.15, 0.67, -2.07, -3.04, -19.31, -37.63, 1.65, 0.76, 2.65, -4.68, 5.91, 22.53, 1
17:58:27.007 -> 37, 1.93, -0.38, -0.29, -47.05, 2.43, -17.37, 0.90, -0.38, -2.07, 0.87, -21.75, -29.81, 0.45, 1.06, 1.90, -14.94, 15.68, 33.76, 1
17:58:27.052 -> 38, 2.83, -0.08, -0.74, -52.42, -1.48, -19.32, 0.75, 0.07, -1.92, -4.50, -18.82, -25.42, -0.60, 1.96, 2.50, -12.98, 13.24, 29.37, 1
17:58:27.052 -> 39, 1.33, 0.97, -0.89, -36.79, 4.87, -17.37, 0.45, -0.83, -2.07, -4.50, -2.22, -32.26, 0.45, 1.36, 1.15, -12.01, 5.42, 17.65, 1
17:58:27.052 -> 40, 1.93, -0.08, 0.01, -49.49, -3.92, -9.56, 0.30, -0.68, -1.47, -11.34, -32.49, -25.91, 0.15, 1.21, 1.75, -0.29, 12.26, 18.62, 1
17:58:27.052 -> 41, 1.33, 0.97, -0.89, -29.47, 0.47, -17.37, 1.35, -0.08, -2.07, 8.19, -11.49, -30.79, 1.35, 1.66, 1.75, -11.03, 13.24, 29.37, 1
17:58:27.099 -> 42, 1.78, 1.72, -1.34, -39.72, -0.99, -9.56, 1.05, -0.23, -2.22, -19.64, -19.31, -29.81, -0.00, 0.76, 0.85, -13.96, 8.35, 23.02, 1
17:58:27.099 -> 43, 3.28, 0.67, -1.49, -39.23, -8.80, -6.14, 0.45, -0.08, -1.32, -1.57, -29.56, -22.49, 1.05, 0.46, 2.50, -9.57, 8.84, 29.37, 1
17:58:27.099 -> 44, 1.63, 0.67, 0.01, -37.28, 15.12, -21.27, 0.75, -0.23, -2.22, -8.90, -23.21, -34.21, 0.15, 1.66, 2.50, -9.08, 14.70, 16.18, 1
17:58:27.099 -> 45, 1.78, 0.07, -1.64, -40.70, 10.73, -5.16, 0.15, -0.08, -1.32, -6.46, -13.45, -27.86, 0.60, 0.16, 2.05, -15.91, 1.52, 31.32, 1
17:58:27.099 -> 46, 2.98, 1.27, -0.14, -40.70, -2.46, -13.95, 0.45, -1.13, -3.12, -5.97, -17.84, -25.91, 0.75, 1.06, 0.70, -13.47, 20.56, 29.85, 1
17:58:27.148 -> 47, 2.83, 0.67, -1.94, -33.86, 18.54, -8.09, 0.30, -1.43, -1.02, -17.69, -19.79, -33.23, 1.35, 1.21, 1.75, -13.96, 6.89, 23.99, 1
17:58:27.148 -> 48, 2.38, 0.37, -0.29, -35.82, 9.26, -15.90, 0.15, -0.83, -2.07, -4.99, -25.17, -18.10, 0.75, 1.81, 0.85, 5.08, 18.61, 17.65, 1
17:58:27.148 -> 49, 2.23, 0.07, 0.31, -31.42, 0.47, -16.39, 1.05, -0.23, -2.67, -5.97, -13.45, -37.14, 0.45, 1.36, 2.65, -13.47, 4.94, 24.97, 1
17:58:27.148 -> 50, 2.83, 1.87, -1.04, -26.54, -2.46, -10.53, 2.55, -0.08, -1.62, -4.99, -15.89, -36.16, 0.75, 1.06, 1.15, -8.10, 9.82, 14.72, 1
17:58:27.197 -> 1, 1.93, -1.28, -0.74, -36.30, 4.38, -23.72, 0.15, -0.08, -1.62, -4.99, -15.40, -27.37, -0.00, 1.36, 0.40, 87.11, 34.23, 110.42, 1
17:58:27.197 -> 2, 0.58, 0.52, -0.89, -38.26, -6.36, -7.60, 1.05, 0.52, -0.72, -1.08, -25.17, -30.30, -0.00, 1.06, 0.85, -7.12, 3.96, 15.21, 1
17:58:27.197 -> 3, 1.18, -0.38, -0.29, -46.07, -8.32, -8.58, 1.05, 0.52, -2.22, -11.34, -17.84, -27.86, 0.45, 1.36, 1.90, -5.66, 7.87, -3.84, 1
17:58:27.197 -> 4, 2.23, -0.23, -2.54, -21.66, 10.73, -13.46, 1.35, -0.08, -1.62, -3.04, -20.77, -23.96, -0.90, 0.16, 2.80, 44.63, 25.44, 72.82, 1
17:58:27.243 -> 5, 2.68, 0.52, -0.89, -37.77, 3.89, -18.83, 0.75, 0.52, -2.67, -8.90, -7.59, -21.03, 0.60, -0.14, 1.75, 17.29, 13.24, 21.06, 1
17:58:27.243 -> 6, 1.63, 1.12, -0.74, -38.26, -1.97, -9.56, 2.55, 0.37, -4.02, -4.01, -22.72, -34.21, 2.25, -0.59, 1.75, -28.12, 5.42, -6.77, 1
17:58:27.243 -> 7, 2.68, 0.52, -1.64, -68.53, 26.84, -54.48, -0.30, -1.13, -6.27, -75.30, -38.84, -19.07, 1.35, 0.91, 1.00, 37.31, -9.22, -1.40, 1
17:58:27.243 -> 8, 1.78, 0.52, -1.34, -28.98, 13.66, -48.13, 0.90, -2.63, -4.77, -78.23, -22.24, 22.43, 1.95, 1.36, 3.70, 51.96, 16.66, 12.28, 1
17:58:27.243 -> 9, 2.98, -0.68, -0.89, -37.28, -18.57, 33.41, 0.30, -2.18, -3.72, 208.88, -29.07, -208.04, 1.35, 1.66, 2.80, -23.24, 23.98, -113.70, 1
17:58:27.291 -> 10, 2.68, -1.43, -0.59, -22.14, -11.25, -9.56, 1.50, -1.43, -2.22, -54.80, -5.15, 41.96, 0.15, 0.46, 0.25, 81.74, 16.17, 15.69, 1
17:58:27.291 -> 11, 2.38, 0.67, -1.94, -26.05, 8.77, -9.07, 0.45, 0.67, -1.62, 10.15, -19.31, -43.00, -0.90, 0.46, -0.80, -104.29, -32.66, -163.02, 1
17:58:27.291 -> 12, 1.33, 0.07, 0.31, -27.03, 2.43, -19.81, 0.45, 0.37, -0.57, -11.83, -12.47, -30.30, 1.05, 0.16, 1.75, 35.84, 25.93, 14.23, 1
17:58:27.291 -> 13, 0.28, 0.37, -0.74, -40.70, -2.46, -12.97, -0.30, -0.38, -1.32, -6.46, -21.26, -29.81, 1.05, 0.91, 1.30, 104.69, 18.12, 83.56, 1
17:58:27.338 -> 14, 1.33, 0.07, -0.59, -45.09, 11.22, -17.37, 0.15, -0.83, -2.07, -14.76, -8.08, -24.44, 0.15, 0.16, -0.05, -48.14, -16.55, -59.01, 1
17:58:27.338 -> 15, 2.23, 1.27, -0.89, -38.75, 2.92, -5.16, 0.75, 0.07, -0.27, 4.78, -22.72, -29.33, -0.60, 0.46, 1.00, 8.01, 10.80, 18.13, 1
17:58:27.338 -> 16, 0.88, 0.52, 0.31, -26.54, 0.96, -8.09, 0.75, 0.07, -0.72, 4.78, -16.38, -23.96, 1.20, 1.81, 0.10, 50.49, 29.35, 76.73, 1
17:58:27.338 -> 17, 1.33, -0.23, -0.59, -31.42, -10.76, -12.49, 0.30, 0.52, -1.02, -5.48, -16.87, -24.44, 1.05, 0.91, 1.30, -32.51, -7.27, -16.53, 1
17:58:27.385 -> 18, 1.33, 0.52, -0.59, -39.23, -9.29, -13.95, 0.90, -0.38, -0.12, 3.31, -24.68, -27.86, 1.80, -0.14, 1.00, -28.61, -2.88, 3.97, 1
17:58:27.385 -> 19, 2.83, 0.67, -1.49, -27.03, -5.39, -13.95, 0.75, -0.23, -0.72, 1.36, -36.40, -21.51, 1.05, 0.16, 1.30, 28.52, 14.21, 43.53, 1
17:58:27.385 -> 20, 1.18, -0.08, -0.74, -40.21, 6.82, -10.04, 1.50, 0.52, -0.27, -5.97, -12.47, -22.49, 0.60, 0.46, 1.00, -8.59, -7.76, 0.56, 1
17:58:27.385 -> 21, 2.38, 1.12, -1.49, -28.00, 8.77, -12.00, 0.45, -0.83, -1.32, -1.57, -13.94, -32.26, -0.15, 0.46, 0.25, -19.33, 8.35, -4.33, 1
17:58:27.433 -> 22, 1.78, -0.68, -0.89, -33.37, -15.64, -19.81, 0.75, -0.68, -1.47, 11.12, -20.77, -31.28, 0.45, 0.76, 0.40, 6.06, 23.00, 42.06, 1
17:58:27.433 -> 23, 2.23, -0.23, -2.09, -28.49, 3.40, -21.76, -0.15, 0.82, -0.72, -13.29, -3.19, -26.40, 0.60, 0.16, 0.25, -9.08, 15.68, 26.92, 1
17:58:27.433 -> 24, 2.23, 0.97, -1.34, -34.35, 4.87, -12.00, 0.45, -0.83, -1.32, -1.08, -21.75, -31.77, 0.45, 1.36, 0.10, -29.10, -10.20, 5.44, 1
17:58:27.433 -> 25, 0.88, -0.23, -1.34, -32.40, 8.77, -9.56, 1.95, -0.68, -1.92, -5.97, -7.10, -15.65, 1.20, 0.31, 1.15, -4.68, 10.31, 14.72, 1
17:58:27.484 -> 26, 1.63, 0.37, -0.29, -38.26, 2.43, -9.56, -0.15, -0.23, -1.47, -5.97, -22.72, -33.72, -0.15, 0.16, 0.70, -0.78, 1.52, 27.90, 1
17:58:27.484 -> 27, 1.93, -0.08, -0.74, -29.96, -1.97, -3.70, 0.30, -0.23, -0.72, -1.08, -22.24, -20.54, -0.75, 0.76, 0.40, -25.19, 5.42, 9.83, 1
17:58:27.484 -> 28, 2.23, 0.52, -0.89, -43.63, 2.43, -15.42, 0.45, -1.13, -1.32, -2.06, -9.05, -21.51, 0.75, 0.31, 0.85, -20.31, 1.52, 22.04, 1
17:58:27.484 -> 29, 2.23, 0.52, -0.59, -34.35, 7.80, -9.07, 0.90, -0.38, -0.57, -0.60, -29.07, -28.35, -0.30, 0.76, 1.60, -6.15, 5.42, 44.50, 1
17:58:27.484 -> 30, 1.78, 1.72, -1.34, -40.21, 17.56, 1.19, -0.75, -0.38, -0.87, -4.99, -11.49, -19.07, 1.20, 2.11, 0.40, 0.20, 4.94, 14.72, 1
17:58:27.529 -> 31, 1.78, 1.27, 0.31, -30.93, -3.92, -13.95, 0.30, -0.23, -1.02, -1.08, -18.33, -23.47, 1.05, 0.46, 1.00, -26.17, -5.81, 20.09, 1
17:58:27.529 -> 32, 0.88, 0.97, -1.64, -41.67, 9.26, -7.11, 1.50, -0.23, -1.02, -11.34, -10.52, -30.30, 1.05, 0.91, 2.50, -15.91, 12.75, 10.32, 1
17:58:27.529 -> 33, 2.23, 1.27, -0.59, -31.91, -0.01, -9.56, 0.75, 0.82, -1.02, -11.83, -23.21, -27.37, 0.60, 0.16, 1.75, -19.82, 12.26, 22.53, 1
17:58:27.529 -> 34, 1.33, 0.07, -1.34, -34.35, 1.45, -10.53, 0.75, -0.23, -1.47, -5.97, -24.68, -26.40, 0.75, 1.81, 0.85, -18.84, 10.80, 15.69, 1
17:58:27.578 -> 35, 1.93, 0.67, -1.49, -25.56, 5.36, -23.23, 1.65, -0.38, -0.87, -14.76, -19.79, -23.96, 1.05, 1.96, 1.00, -10.54, 12.26, 24.97, 1
17:58:27.578 -> 36, 1.63, 0.37, -0.74, -27.51, 1.94, -14.44, -0.30, -1.58, -2.07, -22.57, -14.42, -26.88, 1.80, 0.91, 1.00, -6.64, 18.12, 17.65, 1
17:58:27.578 -> 37, 1.78, 1.27, -1.34, -35.82, -8.80, -20.30, 0.90, 0.67, 0.18, -4.01, -13.94, -27.37, 0.15, 0.91, 1.30, -8.59, 24.96, 19.11, 1
17:58:27.578 -> 38, 1.63, 0.67, 0.01, -29.96, 8.77, -8.58, -0.30, 0.37, -0.87, 1.85, -10.52, -20.05, 0.15, 1.66, 1.30, -5.66, -0.43, 24.97, 1
17:58:27.623 -> 39, 1.78, 0.97, -1.64, -34.35, -3.92, -11.02, 0.45, -1.88, -1.32, 8.19, -21.75, -22.00, 0.45, 1.06, 0.40, -7.61, -0.92, 20.58, 1
17:58:27.623 -> 40, 1.93, -0.08, -0.74, -26.05, 8.77, -12.97, 0.90, -0.83, 0.18, -12.80, -18.33, -28.35, 0.75, 0.31, 1.15, -7.61, -5.81, 19.60, 1
17:58:27.623 -> 41, 0.73, 0.37, -0.74, -29.47, 4.38, -10.04, 0.30, -0.68, -0.72, -4.01, -4.66, -37.14, 0.60, 0.91, 0.70, -9.57, 2.98, 14.72, 1
17:58:27.623 -> 42, 1.63, -0.08, 0.01, -29.96, -1.97, -10.04, 0.45, -0.08, -0.12, 0.38, -8.08, -29.33, 1.35, 0.16, 1.00, -6.64, 2.98, 23.51, 1
17:58:27.623 -> 43, 1.33, 0.52, -0.14, -26.05, 6.33, -22.74, -0.30, 0.67, -2.07, -15.24, -31.51, -16.63, 0.60, 0.16, 0.70, 2.15, -7.27, 16.18, 1
17:58:27.670 -> 44, 0.88, -0.23, 0.31, -22.63, 3.89, -5.16, 1.50, -0.68, -1.02, -5.97, -17.84, -24.44, 0.60, 0.16, 1.75, -12.49, 11.28, 31.81, 1
17:58:27.670 -> 45, 1.93, -0.38, -1.49, -43.14, 6.33, -1.74, 1.05, -0.98, -1.02, -13.29, -9.05, -30.79, -0.00, 1.36, 1.60, -10.05, 17.14, 20.09, 1
17:58:27.670 -> 46, 2.98, 1.27, -0.14, -22.63, 6.33, -11.51, -0.60, 0.82, -1.02, -10.36, -13.94, -22.49, 1.20, 1.36, -0.05, -7.61, 10.80, 23.02, 1
17:58:27.670 -> 47, 1.93, 0.67, -1.04, -30.93, 0.96, -18.83, 1.35, -1.13, -0.57, -11.83, -20.28, -24.44, 1.20, 1.06, 0.85, -7.12, 8.35, 10.32, 1
17:58:27.719 -> 48, 1.78, 0.52, -0.59, -44.60, -7.83, -12.97, 2.10, -0.08, -1.62, -14.27, -36.40, -26.40, 1.05, 0.91, 0.25, -15.42, 4.45, 28.39, 1
17:58:27.719 -> 49, 2.68, 0.07, -0.89, -27.03, 3.40, -8.58, -0.30, 0.37, -0.57, -2.06, -15.89, -20.54, 1.05, 0.16, 2.05, 1.67, 5.42, 13.74, 1
17:58:27.719 -> 50, 1.93, 1.42, -1.04, -32.89, -2.94, -15.42, 1.35, -0.38, -2.07, 6.24, -28.10, -32.74, 0.60, 1.66, 1.75, 2.64, 8.84, 17.65, 1
17:58:27.719 -> 1, 2.68, 0.07, -2.84, -40.70, 9.75, -27.62, 0.90, -0.38, -2.82, -9.87, -16.38, -45.93, 1.35, 0.91, 1.75, 92.00, 29.84, 25.46, 1
17:58:27.765 -> 2, 1.18, -0.38, -1.49, -44.60, 5.36, -18.34, 1.35, -0.38, 0.18, -14.76, -27.12, -22.98, 1.05, -0.89, 0.25, -27.14, -0.92, -98.08, 1
17:58:27.765 -> 3, 1.78, 2.02, -0.89, -39.23, 6.33, -20.30, 1.05, -1.43, -0.72, -5.48, -16.87, -23.47, -0.00, 0.01, 1.60, 45.61, 14.70, -22.88, 1
17:58:27.765 -> 4, 2.38, 0.67, -1.04, -35.33, -3.92, -12.49, 0.90, -1.88, 0.18, -11.83, -13.45, -19.56, -0.15, 0.16, -0.05, 66.61, 29.84, 27.41, 1
17:58:27.765 -> 5, 2.68, 1.27, -1.34, -37.28, -3.43, -23.72, 0.90, -0.83, -0.12, 11.61, -19.79, -34.21, -0.00, 0.31, 0.40, -20.31, 4.94, -38.51, 1
17:58:27.813 -> 6, 2.38, 0.37, -1.49, -33.37, 13.66, -16.88, 2.10, -0.08, 1.08, -10.36, -23.21, -13.21, 0.15, 0.46, 1.00, 4.11, 13.24, -9.70, 1
17:58:27.813 -> 7, 1.18, -1.58, -1.04, 10.08, 0.47, 143.28, 1.35, 0.67, 2.58, -63.10, -10.52, 74.19, -0.90, -1.34, 1.00, 15.34, 23.49, 139.72, 1
17:58:27.813 -> 8, 1.33, -0.68, -0.59, -40.21, -9.78, -37.39, 0.75, 2.47, 3.48, -4.01, -20.77, -75.22, 0.75, 1.06, 1.15, 13.87, 9.82, 100.17, 1
17:58:27.813 -> 9, -0.92, -0.38, -1.94, -25.56, -3.92, -36.41, 1.95, 1.57, 4.68, -65.05, -23.70, 4.85, 0.60, 0.91, 1.75, 6.06, 24.96, 80.63, 1
17:58:27.861 -> 10, -0.77, 0.07, -2.54, -57.30, 31.24, -58.87, 2.10, 0.67, 2.88, 334.36, 26.10, -58.62, -0.15, -0.14, 2.50, -123.33, -4.34, -97.10, 1
17:58:27.861 -> 11, 1.18, 0.37, -1.04, -20.68, 0.47, 0.21, 1.05, 0.52, -0.27, 20.40, -15.40, -56.67, 1.20, 1.06, 1.15, -24.70, 9.33, 19.11, 1
17:58:27.861 -> 12, 2.98, 0.52, -0.89, -36.30, 10.24, -4.67, 0.90, -1.13, -0.87, -16.22, -14.91, -14.68, -0.00, 1.81, 2.35, -51.56, 1.03, 14.23, 1
17:58:27.861 -> 13, 1.18, 0.67, -1.04, -42.16, -0.99, -16.39, 0.45, -0.83, -3.57, -9.87, -14.42, -19.07, 0.75, 0.31, 1.90, -12.98, 8.84, 56.22, 1
17:58:27.861 -> 14, 2.83, 0.37, -2.24, -32.40, 0.96, -12.97, 1.50, -1.43, -2.67, -11.34, -23.21, -34.21, 1.20, 1.36, 1.90, 3.62, 22.51, 78.19, 1
17:58:27.908 -> 15, 2.68, 1.27, -1.34, -44.60, 2.92, -12.97, -0.60, 1.27, -1.92, -5.97, -22.24, -26.40, -0.30, 1.06, 2.35, -24.70, 9.33, 40.11, 1
17:58:27.908 -> 16, 1.93, -0.08, 0.01, -28.49, 0.47, -14.93, 0.30, -0.23, -1.47, -3.53, -18.82, -38.60, 0.15, 1.66, 2.80, -13.47, 12.26, 43.53, 1
17:58:27.908 -> 17, 2.38, -0.08, -0.29, -47.53, -0.50, -18.83, -0.60, -1.43, -1.47, -19.64, -16.38, -38.12, 1.95, 2.86, 2.65, 12.90, 25.93, 54.27, 1
17:58:27.908 -> 18, 2.68, 0.97, -1.34, -28.49, -2.46, -14.93, 1.65, -1.13, -1.62, -3.53, -24.68, -32.26, 0.60, 0.91, 0.70, -5.17, 10.31, 41.08, 1
17:58:27.956 -> 19, 1.33, 0.97, -0.59, -47.53, -1.97, 3.14, 0.90, -0.83, -1.62, -10.85, -19.31, -35.19, 2.25, 1.66, 2.05, -31.54, 11.77, 28.88, 1
17:58:27.956 -> 20, 2.38, 0.37, -1.49, -50.95, 5.84, -17.86, 1.05, -0.98, -1.47, -9.39, -18.33, -27.37, 0.60, 1.21, 1.30, -5.66, 19.58, 50.36, 1
17:58:27.956 -> 21, 1.63, -0.38, 0.46, -41.67, -2.94, -11.51, 1.65, -0.83, -2.07, -5.97, -32.00, -35.19, 0.60, 1.66, 1.30, -23.73, 17.14, 23.02, 1
17:58:27.956 -> 22, 2.38, 0.37, 0.01, -39.23, 3.40, -15.42, 0.45, -0.83, -1.62, -4.50, -27.12, -27.37, 1.65, 1.06, 0.85, -20.80, 21.54, 36.69, 1
17:58:28.003 -> 23, 1.33, 1.27, -1.64, -53.39, 12.19, -11.51, -0.30, 0.37, -2.37, -5.97, -24.19, -28.35, 0.45, 1.81, 0.85, -8.10, 14.21, 24.97, 1
17:58:28.003 -> 24, 3.43, 1.27, -2.09, -38.75, 2.92, -7.60, 0.15, -0.38, -0.57, -10.36, -14.91, -22.00, -0.60, 1.66, 1.75, -10.05, 13.73, 35.22, 1
17:58:28.003 -> 25, 1.93, 1.12, -1.04, -32.40, -15.15, -16.88, 0.15, -1.58, -0.57, -0.11, -14.91, -33.23, -0.75, 1.36, 1.90, -18.84, 0.05, 34.74, 1
17:58:28.003 -> 26, 0.73, 2.32, -1.94, -45.58, -9.29, -8.58, 0.75, 0.07, -1.02, -11.34, -18.82, -32.74, 1.05, 0.91, 1.75, -4.19, 10.80, 28.88, 1
17:58:28.052 -> 27, 1.78, -0.98, -1.34, -35.82, 15.61, -17.37, 0.30, 0.52, -1.02, -12.80, -21.26, -22.49, 0.45, 1.81, 0.85, 0.20, 17.14, 28.88, 1
17:58:28.052 -> 28, 1.63, 0.67, 0.01, -24.10, 8.77, -12.00, 0.15, -1.58, -1.32, -8.90, -14.91, -30.79, 1.20, 2.56, 0.40, -7.12, -2.88, 32.29, 1
17:58:28.052 -> 29, 2.38, 0.37, -1.49, -30.44, -5.39, -6.63, 0.75, -0.23, -2.67, -0.11, -20.28, -33.23, 1.05, 0.46, 0.70, -19.82, 3.47, 45.97, 1
17:58:28.052 -> 30, 1.78, 0.97, -0.89, -46.07, -0.50, -19.81, 1.05, -0.23, -0.72, -3.04, -20.28, -29.81, 0.60, 0.46, 1.30, -10.05, 16.17, 41.08, 1
17:58:28.052 -> 31, 3.43, 1.27, -1.64, -50.46, 0.96, -7.60, 0.75, -1.73, -1.02, -10.85, -8.56, -32.74, 0.60, -0.14, 2.05, 0.20, 12.26, 31.32, 1
17:58:28.098 -> 32, 2.23, -0.68, -0.14, -36.79, 3.89, -17.86, 1.95, -0.98, -2.22, -12.31, -26.14, -20.05, -0.00, 0.76, 1.60, -17.87, 16.66, 24.97, 1
17:58:28.098 -> 33, 1.93, 0.37, -1.49, -46.07, 11.22, -11.51, 0.45, -0.83, -2.37, -9.87, -35.91, -32.74, -0.00, 2.11, 2.35, -13.96, -3.85, 34.74, 1
17:58:28.098 -> 34, 1.33, 0.52, -1.34, -34.84, 13.17, -10.04, -0.90, -1.43, -1.02, -4.50, -12.47, -29.81, -0.00, 1.36, 1.60, -7.12, 13.24, 25.95, 1
17:58:28.098 -> 35, 2.23, 1.27, -0.89, -41.19, 4.87, -22.25, 1.35, 0.37, -1.32, -15.73, -12.47, -26.88, 1.20, 1.81, 0.85, -10.05, 4.45, 20.58, 1
17:58:28.145 -> 36, 2.38, -0.08, -0.74, -43.14, 0.96, -15.90, -0.75, -0.83, -1.32, -6.94, -20.77, -23.47, 0.45, 1.06, 1.60, -12.98, 16.66, 29.37, 1
17:58:28.145 -> 37, 1.18, 0.37, -0.74, -36.79, 21.47, -18.83, 0.45, -0.83, -1.32, -4.50, -20.28, -18.58, -0.00, 1.06, 1.15, 0.69, 9.33, 29.37, 1
17:58:28.145 -> 38, 2.38, 1.87, -1.04, -44.12, 4.87, -21.76, 0.45, -0.38, -1.32, -11.83, -30.05, -21.03, 1.05, 1.96, 1.30, -10.54, 9.82, 36.69, 1
17:58:28.145 -> 39, 1.93, 0.37, -1.04, -38.26, -5.39, -6.14, 0.90, -1.13, -0.57, -4.50, -17.84, -25.42, 0.45, 2.11, 1.60, -13.47, 17.14, 30.83, 1
17:58:28.192 -> 40, 2.68, 2.02, -1.34, -35.33, 9.26, -4.67, 0.30, -1.43, -0.72, -13.29, -15.89, -24.93, -0.00, 1.81, 1.60, -18.35, 17.14, 23.51, 1
17:58:28.192 -> 41, 1.93, 0.67, -0.29, -45.58, 3.89, -17.86, 0.45, -0.83, -0.87, -8.41, -19.79, -37.63, 0.15, 1.66, 2.05, -6.15, 8.35, 29.37, 1
17:58:28.192 -> 42, 2.23, 0.07, -1.34, -37.28, 14.63, -17.37, -0.15, 0.07, -1.02, -1.57, -26.63, -32.26, 1.20, 1.06, 1.90, -10.05, 2.98, 20.58, 1
17:58:28.192 -> 43, 2.23, 0.52, -0.89, -43.63, -5.39, -5.65, 0.15, -0.38, -0.57, -7.43, -12.96, -34.70, 0.75, 1.36, 1.15, -12.98, 1.03, 27.41, 1
17:58:28.241 -> 44, 1.18, 0.67, -1.04, -42.65, 1.94, -18.83, 0.90, -1.13, -1.62, -3.53, -18.82, -31.28, 0.75, 1.81, 1.60, -3.22, 6.40, 31.81, 1
17:58:28.241 -> 45, 2.23, 0.52, -0.14, -36.30, -2.94, 1.19, 0.90, -0.38, -1.62, -5.48, -20.77, -32.26, 0.60, 0.16, 0.70, 0.20, 16.17, 37.18, 1
17:58:28.241 -> 46, 0.88, 0.07, -0.89, -40.21, -0.50, -10.04, 0.30, -0.23, -1.47, -6.46, -15.40, -19.07, 0.45, 2.11, 1.60, -12.01, 5.42, 32.29, 1
17:58:28.241 -> 47, 3.28, -0.38, -1.49, -44.12, 11.70, -18.34, 0.75, -0.23, -2.22, -13.78, -21.75, -27.86, 0.75, 1.36, 2.35, -15.91, 19.58, 27.41, 1
17:58:28.288 -> 48, 1.78, 0.52, -1.34, -45.58, 0.47, -10.04, -0.30, 0.37, -2.07, -11.83, -23.70, -34.70, 1.20, 1.36, 0.40, -8.10, 8.35, 30.83, 1
17:58:28.288 -> 49, 1.33, 0.52, -1.64, -44.60, 11.22, -20.79, 0.90, -0.38, -0.12, -16.71, -15.89, -29.33, 1.65, 1.36, 1.15, -6.15, 9.33, 30.83, 1
17:58:28.288 -> 50, 1.78, 0.52, -1.64, -49.00, -4.90, -12.00, 1.35, -0.83, -2.37, -4.01, -23.21, -30.79, 1.20, 1.81, 1.15, -8.10, 21.54, 34.74, 1
17:58:28.288 -> 1, 2.38, -0.38, -1.04, -32.40, -1.97, -22.25, 1.35, -0.08, -3.12, -3.04, -7.59, -31.77, -0.90, -0.14, 2.05, -19.33, 3.47, 52.80, 1
17:58:28.288 -> 2, 2.38, -1.58, -1.04, -55.83, -4.41, -16.39, 2.25, 0.07, -1.92, -10.36, -23.70, -23.96, 0.60, 0.16, 1.30, -2.73, 20.56, 73.80, 1
17:58:28.336 -> 3, 2.83, -0.08, -2.24, -34.84, -0.99, -11.51, 5.70, 0.67, -3.57, -14.27, -12.47, -25.91, -0.00, -1.79, 2.35, -38.37, 5.91, 27.90, 1
17:58:28.336 -> 4, 1.78, -0.23, -2.84, -9.94, -14.17, 68.57, 10.35, -0.23, -4.47, 177.14, 20.24, -43.97, -0.75, -0.44, 3.70, -136.03, -1.41, -69.27, 1
17:58:28.336 -> 5, 1.18, -0.08, -1.94, -65.11, -0.99, -53.99, 12.45, 3.22, -4.47, -22.57, -24.19, -35.67, 1.65, 0.01, 3.70, 42.19, 30.82, 109.44, 1
17:58:28.336 -> 6, 2.68, -0.98, -2.54, -28.00, 23.91, -59.36, 12.45, 2.02, -2.67, -52.35, -31.51, -5.40, -0.00, -0.74, 3.40, 14.85, 15.19, 42.06, 1
17:58:28.382 -> 7, 1.33, -0.23, -3.74, -28.98, 9.26, -11.02, 7.65, 1.57, -1.02, 44.33, -26.63, -78.15, 0.45, 0.01, 3.70, -234.66, -35.59, 15.69, 1
17:58:28.382 -> 8, 0.88, -0.23, -2.54, -16.77, -0.99, -15.90, 1.65, -0.38, 1.08, -58.21, -0.26, 9.74, -0.15, -1.34, 2.50, -9.57, 31.30, 220.77, 1
17:58:28.382 -> 9, 0.13, 1.27, -1.34, -29.96, 1.45, -13.46, 1.35, -0.08, -0.87, 7.70, -16.87, -19.56, -1.35, -0.14, 0.25, -32.03, 22.51, 147.53, 1
17:58:28.382 -> 10, 0.73, 0.67, -0.74, -27.03, -16.13, -16.39, -0.15, -0.68, -1.47, -23.06, -18.82, -15.65, 1.35, -0.89, -0.05, -141.40, -15.08, -6.77, 1
17:58:28.429 -> 11, 1.63, -0.08, 0.46, -43.63, -10.76, -12.00, 1.50, -0.23, -1.02, -10.85, -18.82, -21.51, 0.45, 1.06, 0.85, -15.42, 20.56, 108.96, 1
17:58:28.429 -> 12, 1.78, 1.27, -1.64, -29.96, 11.70, -18.34, 0.30, 1.27, -1.47, -14.27, -1.24, -18.58, -1.35, 0.46, 0.70, 13.38, 16.66, 89.91, 1
17:58:28.429 -> 13, 1.78, 1.27, -0.89, -33.86, -3.43, -3.21, 1.05, -0.23, -1.02, 2.33, -20.77, -21.03, 0.15, 1.21, -0.50, -91.11, -15.08, -11.65, 1
17:58:28.429 -> 14, 1.18, -0.83, -1.49, -35.82, -5.87, -20.30, 0.15, 0.37, -1.32, -13.29, -5.63, -28.35, 2.25, 0.16, 1.30, -6.64, 5.91, 51.34, 1
17:58:28.476 -> 15, 1.63, 1.12, -0.29, -32.40, -13.20, -15.90, 0.75, -0.68, -1.02, -5.97, -6.12, -34.70, 0.45, 2.86, 0.85, 7.52, 21.05, 75.75, 1
17:58:28.476 -> 16, 1.18, 0.37, -1.04, -30.93, -6.36, -15.90, 0.15, -0.38, -0.57, -9.39, -12.47, -20.05, 0.45, 1.06, 1.90, -55.46, -1.41, -0.42, 1
17:58:28.476 -> 17, 0.88, 1.72, -1.34, -46.07, 11.70, -11.02, -0.15, -0.68, -0.72, -7.43, -15.40, -20.05, -0.00, 1.36, -0.65, -25.68, 4.45, 27.41, 1
17:58:28.476 -> 18, 1.18, 0.67, -1.04, -35.33, -4.90, -19.32, 1.05, -1.43, -1.47, -2.06, -13.45, -15.17, 1.05, 1.96, 1.00, 12.41, 12.75, 57.20, 1
17:58:28.524 -> 19, 1.93, 0.67, -0.74, -34.35, 8.29, -25.67, 1.50, 0.52, -1.92, -6.94, -8.08, -22.98, -0.30, 0.01, 0.10, -29.58, 0.54, 12.28, 1
17:58:28.524 -> 20, 1.78, 0.97, -1.64, -16.28, 0.96, -11.51, 1.50, 0.82, 0.03, -4.01, -17.35, -20.54, 0.45, 0.01, 2.65, -28.12, 0.05, 14.72, 1
17:58:28.524 -> 21, 2.38, -0.08, -1.49, -24.58, -4.41, -3.70, -0.30, -0.08, -0.87, -7.92, -18.33, -22.98, 0.75, 1.36, 0.40, 4.11, 1.03, 31.32, 1
17:58:28.524 -> 22, 0.88, 0.07, -0.59, -32.40, 0.96, -4.67, 0.30, -0.98, -1.47, -1.08, -27.61, -28.84, 0.45, 1.06, 1.90, -12.01, 10.80, 25.95, 1
17:58:28.524 -> 23, 1.33, -0.23, 0.31, -28.49, -10.76, 4.12, 1.05, 0.52, -1.47, -3.04, -11.98, -21.51, 0.60, 1.66, 0.25, -21.77, 6.89, 5.93, 1
17:58:28.571 -> 24, 0.73, 0.37, -0.74, -40.70, -2.94, -14.93, 0.45, -0.83, -0.57, -7.92, -24.68, -10.28, 2.25, 0.46, 0.70, -2.73, 1.52, 25.46, 1
17:58:28.571 -> 25, 1.63, 1.42, 0.46, -24.58, -1.97, -3.21, 1.05, -0.23, -0.72, -3.53, -10.52, -22.49, 0.75, 1.06, 1.90, -12.49, 15.19, 28.88, 1
17:58:28.571 -> 26, 0.73, -0.38, -0.74, -35.33, -0.99, -25.67, -0.30, 0.67, -1.62, -19.15, -24.19, -22.98, -0.00, 1.81, 0.85, -17.87, 8.84, 7.39, 1
17:58:28.571 -> 27, 1.78, 0.97, -0.59, -32.40, -2.94, -9.07, 1.50, -0.98, -0.72, -1.08, -11.98, -23.96, 0.60, 0.46, 2.05, -10.54, -3.85, 24.48, 1
17:58:28.618 -> 28, 1.18, 0.37, 0.46, -37.77, -0.50, -3.70, 0.30, -0.23, -1.92, -0.11, -10.03, -14.68, 1.35, 1.96, 1.30, -1.75, 12.75, 20.58, 1
17:58:28.618 -> 29, 1.63, 0.67, -0.74, -28.98, -5.87, -7.60, 0.75, -0.68, -1.47, -0.60, -16.87, -8.33, 1.05, 0.16, 1.00, -4.19, 12.75, 26.44, 1
17:58:28.618 -> 30, 1.78, -0.23, -0.89, -22.14, 3.89, -13.95, -0.15, -0.23, -0.72, -9.39, -16.38, -13.70, 0.45, 1.81, 0.85, -17.87, 7.38, 17.16, 1
17:58:28.618 -> 31, 1.93, 1.87, -0.74, -30.44, -3.43, -2.72, 0.75, 0.52, -0.72, -3.53, -6.61, -22.98, 2.25, 1.21, 1.75, -15.42, 8.84, 23.99, 1
17:58:28.667 -> 32, 0.88, -0.68, -0.59, -25.56, 9.75, -21.27, -0.30, -0.38, -1.32, -9.87, -12.96, -18.58, 0.75, 1.81, 2.35, -1.26, 8.84, 23.02, 1
17:58:28.667 -> 33, 1.18, 1.87, -0.74, -43.63, -7.34, -20.30, 0.30, 0.07, -0.72, -0.11, -24.19, -21.51, -0.00, 1.81, 1.15, -13.96, 4.45, 21.06, 1
17:58:28.667 -> 34, 1.63, 0.37, -0.29, -37.77, 3.89, -15.90, 1.05, -0.68, -0.72, -4.01, -13.94, -24.44, -0.00, 1.36, 2.35, 7.04, 0.05, 19.11, 1
17:58:28.667 -> 35, 2.68, 1.27, -1.34, -30.93, 6.82, -14.44, 0.30, -0.68, -1.02, -10.36, -9.54, -21.51, 1.20, 1.81, 0.85, -4.19, 2.01, 17.65, 1
17:58:28.716 -> 36, 2.23, 0.52, -1.34, -14.82, 4.87, -18.34, 0.75, 0.07, -1.92, -11.34, -11.98, -22.00, 0.15, 0.46, 1.30, -14.94, 6.89, 17.65, 1
17:58:28.716 -> 37, 0.13, 1.27, -0.59, -28.00, 11.70, -17.86, 0.75, 0.07, -1.47, -6.46, -1.73, -14.19, 0.75, 0.31, 1.60, -5.66, 2.01, 22.53, 1
17:58:28.716 -> 38, 0.13, 0.97, -0.14, -31.42, 2.92, -21.27, -0.15, -0.23, -1.47, -12.80, -6.61, -28.35, -0.15, 1.21, 0.25, -5.66, 15.19, 21.55, 1
17:58:28.716 -> 39, 1.33, 0.97, -0.14, -29.96, 4.87, -19.32, 0.45, 0.37, -1.32, -4.01, -17.84, -20.05, 0.75, 1.06, 1.15, -20.80, 1.03, 17.16, 1
17:58:28.716 -> 40, 1.63, -0.38, -1.49, -40.21, 4.87, -25.18, 0.15, -0.38, -0.57, -7.92, -22.24, -22.00, -0.90, 0.91, 0.70, -7.12, -2.88, 25.95, 1
17:58:28.763 -> 41, 0.88, 0.97, -0.89, -33.86, -7.34, -18.83, 0.15, -0.08, -0.12, 1.36, -11.49, -15.65, 0.45, 0.76, 1.60, 1.18, 13.24, 19.11, 1
17:58:28.763 -> 42, 0.58, 0.52, -0.59, -34.35, 3.40, -14.93, -0.15, -0.23, -0.27, -3.04, -24.68, -13.70, 1.80, 1.66, 1.30, -6.15, 11.28, 9.83, 1
17:58:28.763 -> 43, -0.17, 0.67, -1.94, -23.12, -0.01, -9.07, -0.15, -0.23, -1.47, 0.87, -9.54, -12.24, -0.00, 0.76, 1.15, -17.87, 7.87, 17.16, 1
17:58:28.763 -> 44, 0.88, 0.52, -1.34, -33.37, -3.92, -19.81, -0.15, -0.68, -1.02, -4.99, -10.52, -19.56, 0.60, 0.91, 0.70, -10.05, 2.98, 20.58, 1
17:58:28.810 -> 45, 0.88, 0.52, -0.14, -26.05, -8.80, -24.69, 0.45, -1.58, -0.87, -6.46, -16.87, -10.28, 1.20, 2.11, 0.10, -4.68, 17.63, 35.22, 1
17:58:28.810 -> 46, 1.33, 0.97, -2.09, -29.47, -9.29, -15.42, -0.75, 0.37, -1.62, -8.90, -7.59, -28.35, 1.20, 1.81, 1.00, -12.01, 4.94, 23.51, 1
17:58:28.810 -> 47, 1.63, 0.67, -1.49, -21.66, 9.75, -18.34, -0.90, 0.52, -1.02, -4.01, -16.87, -20.05, 0.15, 1.66, -0.05, -4.19, 3.47, 23.02, 1
17:58:28.810 -> 48, 1.63, -0.38, 0.46, -22.14, 5.84, -15.42, 0.90, -0.38, -0.57, -10.85, -11.01, -36.16, 1.20, 0.31, 1.60, -4.68, 14.70, 24.48, 1
17:58:28.857 -> 49, 1.78, -0.23, -0.59, -24.10, 3.40, -13.95, 1.05, -0.68, -0.27, -1.57, -14.91, -13.21, 0.60, -0.59, 1.30, -14.45, 14.70, 24.97, 1
17:58:28.857 -> 50, 1.93, -0.08, -0.74, -21.66, -10.27, -17.86, 1.50, -0.68, -1.02, -10.85, -14.42, -32.74, 1.80, 1.96, 2.05, -18.84, 17.14, 18.62, 1
17:58:28.857 -> 1, 2.38, -0.08, -2.69, -34.35, -2.94, -10.53, 2.25, -1.43, -1.92, -4.99, -11.01, -32.74, 0.15, 1.66, 2.50, 69.05, 30.82, 100.17, 1
17:58:28.857 -> 2, 2.83, 1.12, -1.49, -42.65, -5.87, -12.49, 1.65, -2.33, -1.62, -0.11, -30.54, -26.40, 0.15, 0.46, 1.00, -88.67, -31.68, -47.78, 1
17:58:28.904 -> 3, 2.83, 1.12, -1.49, -34.35, 0.47, -19.32, 0.45, -1.58, -1.32, -19.15, -11.98, -21.03, 0.60, 0.46, 2.05, -7.12, 22.03, 37.18, 1
17:58:28.904 -> 4, 2.23, 0.97, -2.09, -29.47, -3.92, -9.07, 0.90, -1.13, -0.12, -2.55, -28.58, -32.74, 0.60, -0.59, 1.30, 56.35, 22.51, 98.21, 1
17:58:28.904 -> 5, 2.23, 0.52, -1.64, -40.70, 2.92, -20.30, 0.45, -1.58, -0.87, -9.87, -4.66, -24.93, 0.60, 0.16, 1.30, -51.07, 1.52, -9.21, 1
17:58:28.904 -> 6, 1.63, 1.12, -3.14, -35.82, -6.85, -6.63, 0.45, -1.13, -1.32, 7.70, -8.56, -26.40, -0.30, -0.44, 1.15, -27.14, 5.91, 16.67, 1
17:58:28.952 -> 7, 0.28, 1.12, -3.14, -31.42, 16.10, -8.09, 1.05, -1.43, -1.02, -10.36, -8.08, -16.63, 0.15, 0.16, 1.75, 19.24, 17.63, 64.03, 1
17:58:28.952 -> 8, 1.63, 0.67, -1.49, -40.21, 16.59, -22.74, 0.75, -1.73, -2.22, -4.01, -9.05, -14.68, 0.45, 0.31, 0.40, -22.26, -6.78, 7.39, 1
17:58:28.952 -> 9, 0.13, 0.07, 0.31, -26.54, 9.26, -32.02, 0.45, 0.67, 0.18, 5.26, -14.91, -24.93, 0.60, -0.14, 0.70, -30.56, 11.28, -0.42, 1
17:58:28.952 -> 10, 0.28, -0.83, -1.49, 3.74, 39.54, -36.41, -0.75, 1.12, 0.63, -97.28, 0.22, 88.35, 0.75, -0.74, 0.85, 20.22, 41.56, 97.72, 1
17:58:28.952 -> 11, -0.32, 0.97, 1.51, -45.58, 5.84, -14.44, -0.75, 2.62, 0.63, -16.71, -15.40, -8.33, -0.75, 1.36, 2.65, 1.18, 18.12, 98.21, 1
17:58:29.001 -> 12, -1.52, 2.47, 0.61, -45.09, 0.47, -22.74, 0.75, 3.97, 1.23, 5.75, -17.35, -39.09, 0.15, 1.66, 2.50, 43.66, 38.14, 134.83, 1
17:58:29.001 -> 13, -0.92, 0.67, 0.46, -35.33, 1.45, -64.24, 0.75, 2.47, -1.02, -75.30, -22.72, -23.47, -0.00, 1.36, 1.90, -10.05, 40.09, 80.15, 1
17:58:29.001 -> 14, 0.28, 0.37, -0.29, -21.17, 1.94, 21.69, 1.65, 1.12, -0.87, 12.59, -15.40, -45.93, -0.30, 1.36, 1.60, -118.45, -29.73, -81.96, 1
17:58:29.001 -> 15, 2.23, 1.72, -1.34, -46.07, 2.92, -8.58, 0.30, -0.68, -1.92, -26.47, -10.52, -20.54, 1.35, 2.41, 2.80, 0.20, 23.00, 73.31, 1
17:58:29.049 -> 16, 2.38, 1.12, -0.74, -39.72, -8.32, -13.95, 1.65, -2.33, -2.07, -0.11, -14.91, -52.76, 0.60, 1.21, 1.75, -38.37, 10.80, 33.27, 1
17:58:29.049 -> 17, 1.78, 0.97, -0.89, -36.79, -2.94, -16.39, -0.30, -1.58, -3.12, -17.20, -41.77, -24.44, 0.75, 1.81, 1.90, -68.16, 3.47, 6.42, 1
17:58:29.049 -> 18, 2.68, 0.52, -0.89, -34.84, 4.38, -17.86, 0.75, -0.68, -2.22, 6.24, -18.33, -33.23, 1.20, 1.36, 2.95, 26.08, 16.66, 93.82, 1
17:58:29.049 -> 19, 2.83, -0.08, -1.04, -36.30, 5.84, -6.63, 1.50, -0.23, -2.67, -8.90, -12.47, -38.12, 1.05, 1.66, 1.30, -11.03, 19.10, 62.57, 1
17:58:29.096 -> 20, 2.68, 2.02, -0.59, -50.95, 5.84, -20.30, 0.45, -0.08, -1.32, -11.34, -22.72, -35.67, 0.45, 1.36, 1.60, -37.89, 5.42, 20.58, 1
17:58:29.096 -> 21, 1.78, 2.47, -0.59, -34.84, -8.80, -16.88, -0.30, -1.13, -0.87, -14.27, -18.82, -46.90, 1.05, 0.91, 1.00, 0.20, 12.75, 66.47, 1
17:58:29.096 -> 22, 1.33, 0.07, -1.34, -49.00, -5.39, -6.14, 0.30, 0.07, -1.92, 0.38, -23.21, -27.37, 1.05, 0.46, 1.30, -0.29, 12.26, 59.64, 1
17:58:29.096 -> 23, 2.23, 0.52, -0.59, -45.58, -0.50, -13.46, 0.90, -0.08, -0.87, -4.99, -18.82, -28.35, 1.65, 1.06, 1.60, -25.68, 11.77, 6.90, 1
17:58:29.096 -> 24, 2.38, -0.83, -1.04, -42.16, 3.40, -8.58, 0.15, -0.83, -1.62, -20.13, -17.35, -12.72, 1.35, 1.66, 1.75, -14.94, -8.25, 36.69, 1
17:58:29.144 -> 25, 0.88, 1.27, 0.31, -46.56, 5.36, -20.79, 0.45, 0.37, -1.32, -4.99, -21.26, -33.23, 1.05, 0.46, 1.30, 2.15, 12.75, 38.15, 1
17:58:29.144 -> 26, 0.88, 0.07, -1.64, -38.26, 12.19, -20.79, 1.65, -0.38, -2.07, 0.38, -37.86, -28.35, -0.00, 1.81, 1.15, -9.08, 7.38, 14.72, 1
17:58:29.144 -> 27, 1.78, 1.27, -0.89, -56.81, -0.50, -28.11, -0.30, -1.58, -1.62, -6.46, -28.10, -28.84, 0.75, 1.06, 1.90, -11.52, 10.31, 30.83, 1
17:58:29.144 -> 28, 3.88, 0.97, -0.14, -44.12, -0.99, -6.63, 1.05, 0.82, -1.92, -9.39, -17.84, -35.67, -0.00, 0.31, 1.90, 3.13, 18.61, 37.67, 1
17:58:29.192 -> 29, 1.93, 0.67, -0.74, -49.49, -9.78, -20.79, 0.90, -0.08, -0.87, -16.71, -25.65, -36.16, 0.60, 1.96, 1.30, 1.67, 14.70, 28.39, 1
17:58:29.192 -> 30, 2.38, 1.12, -0.29, -49.49, 6.82, -20.79, 0.15, -1.58, -1.62, -16.71, -19.31, -40.07, 0.15, 1.66, 1.30, -20.31, 13.24, 15.69, 1
17:58:29.192 -> 31, 3.43, 1.27, -1.34, -37.77, 2.92, -11.51, 0.45, -1.13, -1.32, 3.80, -10.52, -26.88, 2.25, 1.66, 2.05, -12.49, 18.61, 34.25, 1
17:58:29.192 -> 32, 2.23, -0.23, -0.59, -30.93, 4.38, -16.39, -0.30, -0.38, -1.32, -11.83, -22.72, -30.79, -0.30, 1.06, 0.40, 7.04, 21.05, 28.88, 1
17:58:29.239 -> 33, 2.83, 0.37, -1.04, -34.84, 8.77, -22.25, 0.15, -0.38, -1.62, -12.80, -13.45, -28.35, 1.35, 1.96, 1.30, -14.94, 13.73, 15.69, 1
17:58:29.239 -> 34, 1.93, 0.37, 0.46, -34.84, -3.43, -15.42, 0.30, -0.68, -1.02, -9.39, -22.24, -22.49, -0.60, 0.46, 1.00, -21.77, 16.66, 31.32, 1
17:58:29.239 -> 35, 1.78, -0.68, -1.34, -36.79, 2.92, -17.37, -0.30, -0.83, -1.62, -1.08, -13.94, -34.21, 0.60, 1.21, 1.00, -6.64, 11.77, 26.92, 1
17:58:29.239 -> 36, 1.78, 0.97, -1.64, -47.53, -0.50, -18.34, 0.75, 0.07, -1.02, 0.87, -18.82, -27.37, 0.45, 1.06, 1.90, 0.69, 13.24, 27.90, 1
17:58:29.286 -> 37, 0.58, 0.07, -0.14, -44.12, 4.38, -29.58, 1.65, -0.38, -1.32, -15.24, -22.72, -28.84, 1.80, 1.21, 2.05, -10.05, -0.43, 22.04, 1
17:58:29.286 -> 38, 2.68, 0.52, -1.34, -24.58, 3.89, -11.51, 0.30, -0.23, -1.92, -13.29, -20.28, -29.33, 1.20, 1.36, 1.15, -8.10, 12.75, 35.71, 1
17:58:29.286 -> 39, 3.43, 1.27, -0.59, -32.89, 0.96, -22.74, 1.05, -0.68, -0.72, -9.87, -17.35, -31.28, 1.80, 0.91, 2.50, -3.71, 21.05, 19.11, 1
17:58:29.286 -> 40, 1.63, 1.12, -1.04, -38.26, -5.39, -23.23, -1.20, -0.38, -2.82, -8.90, -26.14, -22.00, -0.15, 0.91, 1.75, 3.13, 5.91, 24.97, 1
17:58:29.286 -> 41, 1.18, 1.87, -1.94, -48.51, 14.63, -25.67, 0.30, -0.23, -1.47, -0.11, -21.75, -28.84, 0.45, 0.01, 1.90, -13.47, 16.66, 37.18, 1
17:58:29.332 -> 42, 2.23, 1.27, 0.31, -39.23, 1.94, -12.00, 1.65, -0.08, -0.87, -3.53, -22.72, -22.00, 0.60, 0.91, 1.00, -6.64, -0.43, 26.92, 1
17:58:29.332 -> 43, 1.18, 0.37, -1.04, -30.93, -6.85, -6.63, -0.15, -0.68, -1.02, -9.87, -13.45, -20.05, 0.60, 1.96, 1.30, -6.64, 11.77, 27.41, 1
17:58:29.332 -> 44, 2.38, 0.67, -0.74, -49.98, 11.22, -6.14, 1.05, -0.23, -0.72, -18.17, -20.77, -40.07, 1.05, 0.46, 2.05, -6.15, -3.36, 32.29, 1
17:58:29.332 -> 45, 1.93, 0.67, 0.01, -32.40, -8.32, -8.58, 0.15, 0.37, -0.87, -6.46, -17.84, -32.26, 0.45, 1.06, 1.90, -9.08, 19.10, 34.25, 1
17:58:29.380 -> 46, 1.78, 1.27, -0.14, -38.26, 1.45, -17.86, 0.75, -1.43, -1.02, -4.99, -24.19, -22.49, 0.45, 0.76, 1.75, -4.68, 18.12, 29.37, 1
17:58:29.380 -> 47, 2.83, -0.83, -0.29, -36.30, 4.38, -18.83, 1.35, -0.38, -0.57, -12.31, -12.47, -29.81, 1.35, 1.21, 1.00, -12.98, 4.45, 28.88, 1
17:58:29.380 -> 48, 1.78, 1.27, 0.61, -43.14, -6.36, -13.46, 0.30, -0.23, -1.47, -15.24, -9.54, -30.79, 1.20, 2.86, 0.40, -9.08, 20.07, 21.55, 1
17:58:29.380 -> 49, 1.33, 0.07, -2.54, -43.14, -0.01, -10.04, 0.30, -0.98, -1.47, -13.78, -11.01, -38.60, -0.30, 0.01, 1.60, -7.12, 13.24, 25.46, 1
17:58:29.428 -> 50, 2.68, 0.52, -0.89, -25.07, -0.50, -13.95, 0.30, 0.07, -0.72, -14.27, -25.17, -26.40, 1.05, 0.91, 2.50, -6.64, 11.77, 23.02, 1
17:58:29.428 -> 1, 3.43, 0.07, -0.14, -37.28, 7.80, -10.53, 1.05, -1.73, -1.47, -24.03, -20.77, -39.09, 3.75, -0.14, 3.25, -19.82, 14.21, 69.89, 1
17:58:29.428 -> 2, 2.38, 0.37, -1.49, -27.03, -2.94, -18.34, 2.55, -0.83, -2.37, 1.85, -18.33, -32.74, 0.75, 0.01, 2.65, -47.16, 7.87, 31.81, 1
17:58:29.428 -> 3, 1.63, 0.67, -0.74, -28.98, 3.89, -10.53, 1.05, -2.18, -0.27, -13.29, -20.77, -35.19, 1.20, 1.81, 2.35, -44.72, 8.84, 32.78, 1
17:58:29.475 -> 4, 1.63, 0.67, -2.24, -45.09, 6.82, -2.23, 1.50, 0.52, -0.72, -26.47, -15.89, -40.07, 1.05, 0.46, 2.50, -7.61, 15.68, 82.10, 1
17:58:29.475 -> 5, 2.23, 0.07, -1.34, -40.70, -0.01, -23.72, 0.75, -0.23, -1.02, -20.62, -24.19, -41.53, -0.90, 0.16, 1.00, -16.89, 5.91, 56.22, 1
17:58:29.475 -> 6, 0.88, -0.98, -2.09, -129.08, -42.01, 273.16, 2.55, -0.08, -0.57, 85.34, 0.71, -111.85, -0.75, 0.76, 1.60, -151.17, -29.73, 72.82, 1
17:58:29.475 -> 7, 2.23, 0.07, -1.34, -26.54, 7.80, -31.53, 4.35, -0.23, 0.48, -23.55, -15.89, 12.67, -0.00, 1.81, 4.15, -51.07, 27.40, 133.86, 1
17:58:29.522 -> 8, 0.28, 0.37, -2.24, -25.07, 12.68, -15.42, 5.40, 0.37, 0.18, -6.94, -7.59, -1.01, -0.60, 0.91, 2.80, -59.86, 9.33, 89.91, 1
17:58:29.522 -> 9, 2.68, 0.97, -2.54, -52.91, 11.22, -59.36, 4.80, -0.68, -0.27, -101.67, -11.98, 5.83, -0.60, 0.91, 2.80, -109.17, 95.27, 36.69, 1
17:58:29.522 -> 10, 2.38, 0.67, -3.14, -32.40, -1.97, -7.11, 3.30, -2.33, -1.62, -92.39, -14.42, 49.29, -0.00, 1.36, 3.40, 3.13, -5.32, -109.79, 1
17:58:29.522 -> 11, 2.68, 1.27, -2.84, -43.63, 2.43, -32.51, 2.55, -1.88, -2.07, 30.65, -24.68, -63.02, 2.25, 1.66, 2.50, 33.89, 13.24, -62.92, 1
17:58:29.569 -> 12, 2.98, 0.97, -1.34, -51.44, -2.46, -13.95, 1.95, -1.43, -1.92, -25.50, -9.05, -14.19, 2.25, 1.66, 2.50, 1.18, -5.32, -47.29, 1
17:58:29.569 -> 13, 3.28, 0.37, -1.04, -40.70, -5.39, -21.27, 0.75, -1.43, -2.67, 10.63, -20.28, -42.02, 0.60, 1.66, 2.05, -14.94, 1.03, -48.76, 1
17:58:29.569 -> 14, 3.88, 0.97, -1.64, -34.84, 8.77, -13.95, 0.45, -0.83, -1.62, -7.92, -20.28, -25.91, 1.95, 2.11, 2.35, 12.90, 28.37, -18.00, 1
17:58:29.569 -> 15, 1.93, 0.37, -1.49, -40.21, -11.73, -11.51, 0.75, -0.68, -1.92, -5.48, -20.77, -31.77, 0.60, 0.46, 2.80, 7.04, 9.82, -4.81, 1
17:58:29.569 -> 16, 2.68, 0.52, -1.34, -28.98, -2.94, -18.34, 1.35, -1.13, -0.87, -2.06, -11.98, -42.02, 0.15, 1.66, 1.75, 3.13, 4.94, 0.07, 1
17:58:29.616 -> 17, 2.23, 1.27, -0.59, -36.30, -6.85, -25.18, 1.50, -0.98, -1.92, -6.94, -14.91, -35.19, 0.75, 1.06, 1.60, 8.50, 19.10, 10.32, 1
17:58:29.616 -> 18, 1.93, 1.12, -1.04, -34.35, -1.48, -16.39, 0.30, 0.07, -2.22, 1.36, -21.75, -40.56, 0.60, 0.91, 2.80, 15.34, 12.75, 11.30, 1
17:58:29.616 -> 19, 1.18, 0.67, -1.04, -27.03, -5.39, -13.46, 0.45, -0.83, -2.82, -11.34, -17.35, -34.21, 1.20, 2.11, 0.85, 6.55, 14.21, 20.58, 1
17:58:29.616 -> 20, 1.93, 1.12, -0.29, -35.82, 0.47, -14.93, 1.05, -0.68, -1.92, -6.94, -32.98, -43.97, -0.00, 1.06, 1.15, 2.64, 2.50, 12.28, 1
17:58:29.664 -> 21, 1.63, 1.12, -0.29, -38.26, -7.34, -12.00, 0.75, -1.43, -1.92, -8.90, -24.68, -42.51, 0.75, 1.36, 0.85, 8.99, 26.42, 36.69, 1
17:58:29.664 -> 22, 2.23, 0.07, -1.34, -39.23, -7.83, -24.69, 1.05, -0.98, -1.92, -4.50, -25.65, -25.42, -0.30, 2.11, 1.90, -1.75, 21.05, 29.85, 1
17:58:29.664 -> 23, 1.33, 0.52, -0.14, -47.05, -2.94, -8.09, 0.15, -1.58, -0.87, 1.36, -24.68, -32.74, 1.20, 0.76, 1.90, 3.13, 14.21, 8.37, 1
17:58:29.664 -> 24, 2.38, 0.67, -1.49, -40.21, -5.39, -20.30, 1.50, -0.98, -1.47, -10.36, -16.87, -21.03, 1.05, 0.91, 1.00, 3.62, 20.56, 29.85, 1
17:58:29.710 -> 25, 3.28, 1.12, -2.24, -48.02, -6.85, -12.97, -0.30, -0.08, -0.12, -8.41, -13.94, -42.02, 1.80, 1.21, 2.05, -8.10, 15.19, 25.95, 1
17:58:29.710 -> 26, 2.83, 0.67, 0.01, -33.86, -6.36, -3.70, 1.35, -0.38, -0.57, -6.94, -22.72, -26.40, 1.35, 1.21, 2.05, -12.01, 3.96, 22.04, 1
17:58:29.710 -> 27, 1.78, 1.27, -0.14, -57.30, -3.43, -13.46, 0.30, -0.23, -1.92, -3.53, -17.84, -27.86, 0.75, 1.81, 1.60, -4.19, 17.63, 19.11, 1
17:58:29.710 -> 28, 2.98, 0.52, -2.09, -49.00, -0.50, -22.74, 1.50, -0.98, -1.47, -5.97, -18.82, -28.35, 1.65, 1.81, 0.40, -1.75, 12.75, 34.25, 1
17:58:29.759 -> 29, 1.93, 1.42, -0.74, -47.53, -0.50, -21.27, 0.75, 0.07, -0.72, -12.31, -20.77, -29.81, 1.20, 1.36, 1.15, -2.73, 24.96, 28.39, 1
17:58:29.759 -> 30, 1.33, 0.52, -0.14, -43.14, -0.01, -3.21, 0.75, -1.43, -0.72, -6.94, -13.45, -34.21, 1.80, 1.66, 1.00, -5.66, 11.28, 36.69, 1
17:58:29.759 -> 31, 1.78, 0.97, -0.59, -42.65, -1.48, -10.53, 1.35, -0.83, -1.62, -17.20, -12.96, -39.09, -0.15, 0.91, 2.05, -19.82, 11.28, 27.41, 1
17:58:29.759 -> 32, 1.78, 0.52, -1.34, -35.82, 1.45, -18.83, 0.75, -0.23, -1.92, -11.83, -13.94, -35.19, 1.05, 0.91, 2.50, -14.94, 16.17, 30.83, 1
17:58:29.759 -> 33, 2.98, 0.97, -1.34, -43.63, -1.48, -12.49, 1.50, -0.68, -1.92, -8.41, -29.07, -29.81, 0.60, -0.59, 0.25, -21.28, 23.98, 28.88, 1
17:58:29.805 -> 34, 2.38, 1.12, -1.04, -36.30, -3.92, -19.32, 0.15, -0.08, -2.07, -12.80, -29.07, -21.03, 1.35, 0.91, 1.00, -3.22, 9.33, 25.46, 1
17:58:29.805 -> 35, 1.78, 1.27, 0.31, -30.44, 6.33, -17.86, -0.60, -0.68, -2.97, -15.73, -36.40, -35.67, 1.20, 1.06, 0.40, -7.12, 6.89, 28.88, 1
17:58:29.805 -> 36, 0.88, 0.97, -0.59, -38.75, 8.29, -11.51, 1.50, -0.68, -1.92, -8.41, -9.05, -30.30, 1.80, 1.21, 1.00, -27.14, 14.70, 16.67, 1
17:58:29.805 -> 37, 2.23, 0.07, -0.89, -51.93, -7.34, -21.76, 0.15, -0.08, -2.37, 3.31, -21.26, -27.86, 0.15, 1.21, 2.05, -22.75, 17.14, 38.15, 1
17:58:29.852 -> 38, 1.93, 1.42, -0.74, -33.37, 1.45, -15.90, 0.30, -0.68, -1.92, -21.59, -24.68, -26.88, 1.20, 1.81, 1.60, -23.73, 5.42, 25.95, 1
17:58:29.852 -> 39, 2.23, 0.97, -0.89, -39.72, -3.43, -24.20, 0.15, -1.13, -1.62, -6.46, -31.51, -39.09, 0.75, 1.06, 1.15, -13.96, 16.17, 29.85, 1
17:58:29.852 -> 40, 2.68, 0.52, -0.14, -46.07, 1.45, -11.02, 1.05, -0.98, -1.02, -7.43, -25.17, -39.09, 1.80, 1.96, 0.70, -9.08, 4.45, 16.67, 1
17:58:29.852 -> 41, 1.33, 0.52, -0.89, -46.07, 12.19, -25.67, -0.30, -0.08, -1.32, -7.92, -10.03, -35.67, 1.80, 1.96, 1.30, -7.12, 6.89, 27.41, 1
17:58:29.899 -> 42, 2.68, 0.07, 0.61, -42.65, -1.48, -23.23, 1.50, 0.07, -1.47, -6.46, -34.44, -27.86, 0.60, 1.66, 1.30, -13.96, 11.77, 36.69, 1
17:58:29.899 -> 43, 2.83, 1.12, -0.74, -47.05, -6.36, -18.34, -0.15, -1.43, -2.22, -0.11, -21.26, -30.30, 2.25, 0.91, 1.30, -12.01, 16.17, 35.22, 1
17:58:29.899 -> 44, 0.58, 0.52, -0.14, -41.19, 1.94, -7.60, 1.05, 0.52, -1.92, -9.39, -13.45, -34.70, 1.65, 0.01, 1.15, -15.42, 17.63, 35.22, 1
17:58:29.899 -> 45, 1.93, 1.42, -1.49, -43.14, 8.29, -14.93, 1.05, 0.07, -1.92, -9.39, -15.89, -25.91, 1.95, 1.06, 1.60, -13.96, 11.77, 30.34, 1
17:58:29.947 -> 46, 1.78, 1.72, -0.14, -43.63, 9.26, -5.65, 0.45, -0.38, -1.32, -14.27, -18.33, -29.81, 0.15, 2.41, 1.60, -3.22, 15.68, 25.46, 1
17:58:29.947 -> 47, 0.73, 0.37, 0.01, -39.72, 7.31, -7.60, 0.15, -1.13, -0.57, -19.15, -18.82, -23.96, 1.65, 1.06, 1.90, -10.05, 18.61, 27.41, 1
17:58:29.947 -> 48, 1.33, 0.97, -0.89, -31.42, 0.47, -7.11, 1.05, -0.23, -1.02, -9.87, -22.24, -38.60, 1.05, 0.91, 1.00, -7.12, 8.84, 27.41, 1
17:58:29.947 -> 49, 0.73, 0.67, -1.49, -42.16, -12.22, -18.83, 0.45, 1.42, -1.62, -15.73, -15.89, -32.26, -0.00, 1.81, 1.60, -8.10, 13.24, 39.13, 1
17:58:29.994 -> 50, 1.93, 1.12, -1.04, -43.14, -2.46, -12.97, 0.75, -0.68, -1.47, -19.15, -21.75, -25.42, 1.95, 1.36, 1.90, -18.35, 13.73, 39.13, 1
17:58:29.994 -> 1, 1.18, -0.08, -0.29, -32.40, -7.83, -11.02, 0.45, 0.67, -0.57, 14.54, -11.49, -30.79, -0.90, 0.16, 1.00, -66.69, 7.38, 67.94, 1
17:58:29.994 -> 2, 1.93, 0.37, -1.94, -30.44, 7.31, -21.76, 1.05, 0.52, -1.47, -9.87, -33.47, -30.30, -1.20, 0.76, 1.90, -55.95, 0.05, 47.92, 1
17:58:29.994 -> 3, 2.83, -0.83, -0.74, -33.37, -9.29, -9.07, 1.35, -0.83, -2.07, -12.31, -11.98, -39.09, 0.45, 0.31, 1.90, -26.17, 22.03, 58.17, 1
17:58:30.042 -> 4, 2.23, 0.52, -1.64, -38.26, -6.85, -25.67, 1.50, -0.23, -2.22, 0.87, -24.19, -35.67, -0.30, 0.01, 1.15, -35.44, 19.10, 61.59, 1
17:58:30.042 -> 5, 2.98, -0.23, -1.34, -36.79, -9.29, -12.00, 2.55, -1.13, -2.82, -20.13, -30.54, -35.67, -0.15, -0.14, 1.30, -37.40, -4.34, 34.25, 1
17:58:30.042 -> 6, 2.83, -0.83, -1.49, -33.86, 4.87, -12.97, 3.45, -2.48, -1.92, -0.60, -30.05, -28.35, 1.20, 0.31, 1.60, -18.35, 3.96, 39.13, 1
17:58:30.042 -> 7, 2.83, -1.28, -2.69, -80.74, 16.10, -57.90, 6.75, -2.48, -3.42, -92.39, -45.19, -20.05, 0.60, -0.14, 2.05, -4.68, -11.18, 43.04, 1
17:58:30.042 -> 8, 1.63, -0.83, -3.89, 62.33, 26.35, -92.08, 7.80, -1.58, -2.82, -103.14, -19.31, 19.99, 1.05, -0.14, 2.80, 30.47, 27.40, 68.43, 1
17:58:30.089 -> 9, -0.17, -0.38, -3.14, 55.98, 24.40, -77.92, 5.70, -0.83, 1.38, -86.05, 13.41, 213.35, 0.60, -0.59, 3.55, 191.12, 284.72, 33.76, 1
17:58:30.089 -> 10, 0.13, 0.97, -2.54, -20.19, 7.80, -4.67, 1.95, 2.47, 1.98, 19.91, -25.65, -43.97, 0.15, -1.34, 1.00, 180.38, 30.82, -23.86, 1
17:58:30.089 -> 11, 0.88, 0.07, -2.09, -28.49, -6.85, -9.07, 0.90, 0.67, 1.08, -46.49, -21.75, -5.89, 0.45, 0.01, 0.85, 6.06, -13.13, -151.30, 1
17:58:30.089 -> 12, 0.28, -0.38, -1.49, -22.63, -0.50, -24.69, 0.75, 1.57, 0.03, 24.31, -20.77, -41.04, 0.75, 0.01, 1.15, 157.43, 40.58, 28.88, 1
17:58:30.136 -> 13, 1.18, 0.37, -0.29, -38.26, 0.47, -5.65, 0.45, -0.08, 0.63, -12.31, -16.38, 3.88, 0.75, 0.76, 1.15, 109.58, 51.81, 6.42, 1
17:58:30.136 -> 14, 0.13, 0.52, 0.31, -24.10, 2.43, -13.95, 0.75, -0.23, 0.03, 1.36, -23.21, -38.12, -0.75, 0.76, 1.60, -24.70, -8.25, -94.17, 1
17:58:30.136 -> 15, 1.18, 0.37, -0.29, -24.58, -3.43, -18.83, 0.15, -0.38, -0.87, -20.13, -17.35, -25.91, -0.00, 1.06, 0.85, 54.40, 22.03, 12.76, 1
17:58:30.136 -> 16, 1.78, 0.52, -0.59, -22.14, -9.78, -23.72, 1.05, -0.98, -0.27, -4.01, -20.77, -21.51, 1.35, 0.91, 1.30, 72.95, 7.38, 25.46, 1
17:58:30.184 -> 17, 0.88, 0.07, -0.59, -42.65, 1.45, -19.32, 1.50, -0.68, 0.03, -14.27, -0.75, -21.03, 0.75, 0.76, 1.15, -25.68, 0.54, -52.18, 1
17:58:30.184 -> 18, 1.78, 0.52, 0.61, -28.00, 16.59, -5.65, 0.90, -0.83, -0.57, -0.11, -24.68, -23.96, 0.75, 0.76, 0.85, 8.99, 8.84, -3.84, 1
17:58:30.184 -> 19, 2.98, 0.07, -0.14, -29.96, -1.97, -16.88, 0.15, -1.13, -0.87, -9.87, -19.31, -17.61, 1.20, 1.06, 0.85, 44.63, 14.70, 37.67, 1
17:58:30.184 -> 20, 1.93, 0.67, -1.94, -24.58, -0.99, -15.90, 1.50, 0.52, 0.03, -8.41, -21.75, -21.03, 0.45, 0.76, 1.60, -12.01, 10.80, -25.81, 1
17:58:30.233 -> 21, 1.18, -0.38, -0.74, -35.82, -2.46, -8.58, 0.30, 0.07, 0.48, 7.22, -22.72, -22.98, -0.15, 1.21, 1.00, 8.01, 10.80, -3.84, 1
17:58:30.233 -> 22, 1.33, 0.97, -0.59, -50.95, 3.89, -12.00, 0.15, -1.58, -1.32, -8.41, -22.24, -26.88, 1.20, 1.36, 1.15, 27.06, 16.66, 22.53, 1
17:58:30.233 -> 23, 1.33, 0.97, -0.59, -31.42, 8.77, -15.42, 1.50, -0.23, -1.92, -7.43, -23.70, -22.98, 2.55, 1.21, 1.00, 0.20, 2.98, 9.83, 1
17:58:30.233 -> 24, 0.88, 0.97, -0.89, -16.77, -0.01, -6.63, 0.45, -1.13, -1.32, -5.97, -16.87, -29.81, 0.60, 1.96, 1.75, -10.54, 7.87, 1.04, 1
17:58:30.233 -> 25, 0.58, 1.72, -0.14, -33.37, 6.33, -4.18, -0.15, -0.23, -2.22, -14.76, -23.21, -28.84, 0.45, 1.81, 0.40, 11.43, 5.91, 21.55, 1
17:58:30.279 -> 26, 2.38, 0.37, -1.04, -33.86, 9.75, -21.27, 1.05, 0.82, -0.27, 1.36, -13.45, -9.31, 1.20, 1.36, 1.60, 10.45, 3.47, 26.92, 1
17:58:30.279 -> 27, 1.33, 1.27, -1.64, -24.10, 2.43, -13.46, -0.75, 1.12, -2.37, -8.90, -12.96, -23.47, 1.05, 0.91, 0.70, -10.05, -4.34, 12.28, 1
17:58:30.279 -> 28, 0.58, 0.97, -1.34, -35.33, -2.46, -14.44, 1.05, 0.07, -0.72, -8.41, -13.45, -13.21, 1.05, 0.16, 0.70, -3.71, 13.24, 19.11, 1
17:58:30.279 -> 29, 1.93, 0.67, -1.04, -46.56, -19.06, -13.95, 0.45, -0.38, -0.57, -7.43, -8.08, -20.05, 1.95, 0.01, 1.15, 8.01, 11.77, 21.06, 1
17:58:30.327 -> 30, 1.93, 0.37, -0.74, -30.44, 10.24, -6.63, -0.15, -1.43, -1.02, 0.38, -16.87, -22.98, 0.45, 1.06, 0.85, -9.08, 4.94, 16.18, 1
17:58:30.327 -> 31, 2.38, -0.38, -0.29, -26.54, 1.94, -15.42, 0.45, -0.38, -0.87, -17.20, -16.38, -25.42, 0.75, 1.81, 1.15, -9.57, 17.14, 15.69, 1
17:58:30.327 -> 32, 0.58, 1.27, -0.14, -32.89, 6.33, -7.60, 0.30, 0.52, -1.02, -7.43, -14.91, -24.44, -0.60, 0.91, 0.25, -1.75, 2.50, 29.85, 1
17:58:30.327 -> 33, 2.23, 1.27, -1.34, -25.07, 5.36, -12.00, 1.35, 0.67, -1.32, -6.94, -27.12, -27.37, 0.15, 1.21, 2.80, -7.61, 15.19, 26.44, 1
17:58:30.375 -> 34, 1.78, 0.97, -0.59, -37.28, -7.83, -14.44, 0.45, 0.37, -2.07, -6.94, -15.89, -21.51, 0.75, 1.36, 1.15, -8.10, 9.33, 24.97, 1
17:58:30.375 -> 35, 0.28, 0.37, -0.74, -31.42, 4.38, -14.93, 0.75, 0.07, -0.72, -15.24, -28.10, -32.26, 1.20, 1.81, 1.90, -1.75, 1.03, 15.69, 1
17:58:30.375 -> 36, 2.23, 0.52, 0.31, -23.12, 4.38, -16.88, -0.15, 0.07, -1.92, 1.85, -13.45, -34.21, -0.00, -0.44, 1.90, -6.64, 14.70, 27.41, 1
17:58:30.375 -> 37, 2.38, 1.12, -1.04, -32.40, 5.36, -9.56, -0.60, 0.52, -1.47, -2.55, -15.89, -26.88, 0.15, 0.91, 1.30, -18.84, 3.47, 26.92, 1
17:58:30.375 -> 38, 1.78, 0.07, -0.89, -35.33, -4.90, -12.00, 0.15, 0.67, -1.62, -7.43, -20.28, -28.84, 1.05, 0.16, 0.70, -18.84, 14.21, 19.11, 1
17:58:30.422 -> 39, 1.78, 2.47, -1.34, -28.98, 3.40, -21.76, 0.75, 0.07, -1.02, -5.48, -19.31, -16.63, -1.20, 1.06, 0.85, -1.75, 12.26, 28.39, 1
17:58:30.422 -> 40, 1.33, -0.68, -0.14, -31.42, -8.32, -22.74, 0.30, -0.23, -1.02, -5.97, -25.65, -22.98, -0.30, 0.31, 1.15, -14.94, 22.51, 23.99, 1
17:58:30.422 -> 41, 1.18, 0.67, -0.74, -38.75, -1.48, -11.51, 1.05, 0.52, -0.27, 0.38, -17.35, -34.21, -0.30, 1.36, 1.15, -10.54, 8.35, 30.34, 1
17:58:30.422 -> 42, 1.63, 1.12, 0.01, -23.61, -10.27, -13.46, 0.15, -0.83, -0.57, 0.87, -12.96, -22.49, 1.20, 0.31, 0.40, -15.42, 6.89, 7.88, 1
17:58:30.470 -> 43, 0.58, 1.72, -1.34, -26.54, 3.40, -6.63, 0.90, -0.38, -1.32, -10.36, -13.45, -29.81, 1.05, 0.91, 1.30, -0.78, 8.84, 22.04, 1
17:58:30.470 -> 44, 1.93, 1.12, -0.74, -33.86, 9.75, -26.16, 1.50, -0.98, 0.03, -10.36, -16.38, -25.91, 0.15, 1.21, 1.75, -4.68, -2.39, 23.02, 1
17:58:30.470 -> 45, 1.93, 0.67, -1.04, -41.67, 2.92, -20.30, -0.15, -0.68, -1.47, -9.39, -24.68, -23.47, 1.20, 1.81, 1.90, -3.22, 3.47, 23.51, 1
17:58:30.470 -> 46, 1.63, 1.12, -1.04, -37.77, 5.84, -13.46, 0.30, -0.68, -1.47, 0.38, -14.91, -28.84, 0.15, 0.91, 2.05, -8.10, 10.31, 26.92, 1
17:58:30.519 -> 47, 2.23, 1.72, -0.89, -41.67, 5.84, -25.18, -0.15, -0.98, -2.22, -5.48, -27.12, -22.49, 0.75, 1.36, 0.85, -12.98, 1.52, 31.81, 1
17:58:30.519 -> 48, 0.88, 1.27, -0.14, -36.79, -0.01, -12.00, 0.30, -0.23, -1.92, -10.85, -19.31, -18.10, 0.60, 0.91, 1.00, -5.17, 10.80, 19.60, 1
17:58:30.519 -> 49, 0.88, 0.52, -1.34, -38.75, 11.22, -11.51, 0.45, 0.37, -1.32, 0.87, -14.42, -23.47, 1.80, 2.71, 1.75, -3.71, 5.91, 29.37, 1
17:58:30.519 -> 50, 1.63, 0.67, -0.29, -33.86, -13.20, -3.21, -0.15, -0.23, -1.02, -12.80, -19.79, -27.37, 0.45, 0.31, 1.60, -17.38, 7.87, 35.22, 1
17:58:30.566 -> 1, 3.28, 1.12, -2.24, -28.49, -4.41, -18.34, 2.10, -0.38, -1.62, -2.55, -17.35, -30.30, 1.20, 1.06, 1.90, -112.59, -12.64, 88.94, 1
17:58:30.566 -> 2, 1.18, 0.67, -0.74, -33.86, -0.99, -5.16, 0.45, -0.83, -2.07, -15.73, -28.10, -28.35, 1.20, -0.44, 1.60, -82.32, -0.92, 79.17, 1
17:58:30.566 -> 3, 2.38, -0.38, -1.94, -41.19, 3.89, -15.42, 0.90, -0.38, -0.87, -4.99, -8.56, -33.23, 1.05, -0.14, 2.50, -80.37, 0.05, 53.29, 1
17:58:30.566 -> 4, 2.38, 1.12, -2.24, -31.91, -7.34, -19.32, 1.35, -1.13, -1.32, -11.83, -17.84, -28.84, -0.00, -0.44, 1.15, -45.70, 12.75, 70.38, 1
17:58:30.566 -> 5, 0.88, 0.97, -1.34, -71.95, -32.73, 47.57, 1.65, 0.67, -0.12, 138.56, -16.87, -155.79, 0.45, 0.76, 1.15, -118.94, -48.77, 23.51, 1
17:58:30.614 -> 6, 4.33, 0.97, -2.84, -75.37, 12.19, -46.67, 2.10, -1.58, -2.07, -6.94, -21.26, -66.44, -0.00, 1.36, 2.65, -9.08, 48.39, 125.07, 1
17:58:30.614 -> 7, 4.93, 0.67, -3.44, -28.98, 18.05, -47.64, 1.50, -1.43, -0.72, -0.60, -21.26, -32.26, -0.15, 0.16, 1.00, -52.05, 14.70, 41.57, 1
17:58:30.614 -> 8, 5.08, 0.97, -4.04, -83.18, 26.84, -140.42, 1.50, -1.43, -1.02, -152.94, -48.12, -62.53, 0.15, 1.21, 3.25, -0.78, 10.31, 44.99, 1
17:58:30.614 -> 9, 2.98, 1.72, -3.74, -41.19, -4.90, -26.65, 2.70, -1.73, -1.47, 31.14, -32.00, -58.62, 0.15, 1.96, 3.25, 134.48, 47.91, 113.84, 1
17:58:30.662 -> 10, 4.48, 1.12, -3.14, -34.84, 3.89, -5.65, 1.95, -2.48, -1.92, -49.91, -15.89, -17.12, 1.35, 0.46, 3.55, 16.80, 2.98, 7.39, 1
17:58:30.662 -> 11, 3.73, 0.67, -0.74, -71.46, 2.92, -12.97, 2.25, -1.73, -1.92, 10.15, -22.24, -50.32, 1.05, 0.16, 1.75, 50.49, 31.30, 33.27, 1
17:58:30.662 -> 12, 2.98, 0.97, -2.09, -45.09, -0.50, -13.46, 0.45, -1.58, -1.62, -22.57, -27.12, -19.07, 1.35, 1.66, 2.50, 52.45, 33.75, 53.78, 1
17:58:30.662 -> 13, 2.38, 1.12, -1.04, -56.32, -7.83, -8.58, 1.05, -1.43, -2.67, -6.46, -21.26, -39.09, 0.60, 2.41, 1.30, 1.18, 14.21, -3.84, 1
17:58:30.709 -> 14, 1.63, -0.38, -0.29, -39.23, -6.85, -16.39, 0.75, -1.43, -0.27, -13.78, -22.24, -29.33, 1.20, 1.81, 2.65, 10.94, 11.77, 5.93, 1
17:58:30.709 -> 15, 1.93, 0.67, -0.74, -57.79, -0.50, -18.83, 1.35, -0.83, -1.62, -21.10, -32.00, -30.79, 0.60, 0.91, 1.00, 22.66, 7.38, 36.20, 1
17:58:30.709 -> 16, 2.23, -0.23, -0.59, -46.56, -4.41, -16.88, 2.10, -1.13, -1.62, -16.22, -16.87, -37.14, 0.75, 0.76, 1.90, -6.64, -7.76, 6.90, 1
17:58:30.709 -> 17, 2.38, 0.37, -0.29, -43.63, -0.01, -19.32, 0.45, 0.37, -2.07, -13.29, -21.26, -43.00, 1.35, 1.21, 2.80, -21.28, 12.26, 12.76, 1
17:58:30.758 -> 18, 1.93, -0.38, 0.01, -41.67, 6.33, -15.90, 1.05, -0.68, -1.92, -7.43, -20.28, -38.12, 2.40, 1.36, 2.35, -5.17, 6.89, 25.95, 1
17:58:30.758 -> 19, 2.23, 0.97, -0.59, -38.75, 2.92, -9.56, 0.90, -0.08, -3.12, -7.43, -24.19, -36.65, 0.45, 2.11, 1.60, -8.10, 16.17, 37.18, 1
17:58:30.758 -> 20, 2.68, -0.23, -0.14, -40.70, 2.92, -19.81, 0.45, -0.83, -2.37, 10.15, -20.77, -27.86, 0.45, 0.01, 2.35, -26.17, 5.42, 12.28, 1
17:58:30.758 -> 21, 2.38, 0.67, -1.49, -38.75, 2.43, -9.56, 0.75, -0.98, -2.67, -5.97, -23.21, -34.21, 1.20, 2.11, 2.35, -16.40, 4.94, 29.85, 1
17:58:30.758 -> 22, 1.33, 0.52, -0.14, -38.26, 7.80, -21.76, 1.05, 0.07, -2.22, 0.38, -20.77, -40.07, 1.65, 0.01, 1.90, -11.52, 14.70, 38.15, 1
17:58:30.805 -> 23, 1.63, 1.12, -0.29, -42.65, 3.40, -20.79, 0.15, -0.08, -2.07, 0.38, -15.40, -37.14, 2.25, 1.96, 2.05, -20.31, 8.84, 25.46, 1
17:58:30.805 -> 24, 1.63, -0.08, -1.04, -44.60, -0.99, 2.65, 0.15, -1.58, -1.62, -13.78, -17.35, -35.19, 1.95, 2.11, 2.35, -26.17, 2.50, 29.85, 1
17:58:30.805 -> 25, 1.78, 0.97, -0.59, -42.16, 8.77, -12.00, 1.50, -1.43, -0.72, -10.85, -26.14, -45.44, 1.65, 1.06, 0.85, -10.54, 15.19, 34.25, 1
17:58:30.805 -> 26, 2.83, -0.08, -0.74, -47.05, 16.59, -8.58, 0.45, -0.08, -3.12, 6.24, -14.91, -22.98, 1.35, 1.66, 1.30, -6.15, 17.14, 30.34, 1
17:58:30.852 -> 27, 2.83, 1.12, -1.04, -43.14, -1.48, -17.37, 1.50, -0.23, -1.02, -11.83, -11.98, -29.81, 1.05, 2.41, 1.30, -25.19, 5.42, 32.29, 1
17:58:30.852 -> 28, 2.83, 1.87, -1.49, -50.46, -0.01, -5.16, -0.75, -2.33, -0.87, -12.80, -18.82, -32.74, 1.80, 0.46, 1.00, -3.22, 5.42, 31.81, 1
17:58:30.852 -> 29, 1.78, 1.27, -1.34, -50.46, -0.50, -28.11, 1.50, -0.98, -1.47, -4.99, -20.28, -28.35, 1.35, 1.96, 2.80, -7.61, 23.98, 31.81, 1
17:58:30.852 -> 30, 1.33, 0.97, -1.34, -48.51, 5.84, -9.56, 1.50, -0.68, -1.02, -13.29, -27.61, -45.93, 1.05, 0.91, 2.05, -16.89, 3.96, 33.27, 1
17:58:30.901 -> 31, 1.93, 1.12, -1.49, -49.00, 2.43, -13.95, 1.50, -0.68, -2.22, -21.10, -30.05, -35.19, 1.20, 1.81, 1.60, -23.24, 9.33, 36.69, 1
17:58:30.901 -> 32, 2.38, 0.37, 1.21, -38.75, -4.90, -11.02, 0.75, -0.68, -2.67, -13.78, -24.19, -42.02, 2.25, 1.21, 1.00, 10.94, 13.24, 44.99, 1
17:58:30.901 -> 33, 3.28, 1.42, -1.04, -44.12, -3.43, -8.58, 0.45, -0.08, -1.62, -12.80, -18.33, -36.65, 2.25, 1.96, 2.05, -11.52, 27.89, 32.29, 1
17:58:30.901 -> 34, 3.43, 0.07, -0.89, -47.05, -11.73, -11.02, 1.05, -0.68, -1.47, -6.46, -29.07, -41.04, -0.00, 1.06, 1.90, -12.01, 10.80, 32.29, 1
17:58:30.948 -> 35, 2.68, 2.02, -0.59, -38.26, -3.43, -15.42, 0.90, 0.67, -0.12, -15.73, -34.93, -43.97, 3.00, 1.96, 1.00, -23.73, 24.47, 36.69, 1
17:58:30.948 -> 36, 0.88, 1.27, 0.31, -37.28, 5.84, -7.60, 2.10, -0.83, -2.07, -16.71, -32.00, -40.56, 0.45, 2.11, 1.60, -13.96, 11.77, 30.34, 1
17:58:30.948 -> 37, 2.23, -0.23, -0.89, -42.16, 10.73, -6.14, 0.45, 0.37, -2.07, -5.97, -18.33, -38.12, 1.05, 0.46, 1.00, -13.47, 11.28, 35.22, 1
17:58:30.948 -> 38, 2.38, 0.67, 0.46, -45.09, -5.87, -9.07, -0.30, -0.38, -1.32, -10.85, -20.77, -21.03, 0.15, 1.66, 1.00, -9.57, 6.40, 17.16, 1
17:58:30.994 -> 39, 1.93, -0.38, -0.74, -42.16, -6.85, -4.18, -0.30, -1.58, -2.37, -7.92, -21.75, -42.02, 0.75, 1.06, 2.35, -13.96, 9.33, 39.62, 1
17:58:30.994 -> 40, 2.23, 0.97, 0.31, -48.51, -3.43, -10.53, 1.05, 0.82, -2.67, -17.69, -35.91, -36.16, 1.65, 1.36, 1.90, -3.71, 0.05, 35.71, 1
17:58:30.994 -> 41, 1.18, -0.08, -0.29, -49.00, 7.31, -12.49, 0.75, -0.23, -2.67, -4.99, -29.56, -43.00, 0.60, 1.21, 1.00, -16.40, 10.31, 42.06, 1
17:58:30.994 -> 42, 2.83, 1.42, -0.74, -34.84, 3.40, -13.95, -0.30, -0.38, -1.32, -18.66, -24.19, -28.84, 0.60, 1.66, 1.30, -9.08, 10.31, 30.34, 1
17:58:30.994 -> 43, 1.63, 1.42, -0.29, -49.98, -1.48, -24.69, 1.05, -0.98, -1.92, 4.78, -25.65, -42.51, 0.15, 1.66, 2.05, -20.31, 17.14, 35.22, 1
17:58:31.042 -> 44, 1.63, -1.28, -0.74, -45.58, -11.73, -12.97, 0.15, -1.58, -2.37, -8.41, -17.35, -30.30, 1.80, 1.21, 1.75, -19.82, 9.33, 27.90, 1
17:58:31.042 -> 45, 1.93, -0.08, 0.46, -47.53, 3.40, -4.18, 1.35, -0.83, -2.07, -4.01, -12.47, -34.21, 0.60, 2.41, 1.75, -25.68, 16.17, 29.37, 1
17:58:31.042 -> 46, 2.98, 1.27, -0.89, -46.56, -2.94, -16.88, 0.75, -0.98, -2.22, -9.39, -23.21, -30.30, 0.60, 2.41, 1.00, 2.15, 18.61, 21.55, 1
17:58:31.042 -> 47, 2.83, 0.67, 0.01, -45.09, 3.89, -16.88, 0.75, 0.07, -1.02, -16.71, -27.12, -37.14, -0.00, 1.36, 3.40, -11.52, 12.75, 31.81, 1
17:58:31.090 -> 48, -0.17, 0.37, 0.01, -45.09, 7.80, -15.42, 0.45, -0.83, -1.32, -3.04, -31.03, -32.26, -0.00, 0.31, 1.90, -5.66, 22.03, 34.74, 1
17:58:31.090 -> 49, 1.78, 1.72, -0.14, -47.05, 6.82, -23.23, -0.15, -0.23, -1.02, -8.41, -26.63, -34.21, 1.20, 1.81, 1.60, -20.31, 20.07, 32.78, 1
17:58:31.090 -> 50, 2.98, 0.97, -0.89, -36.79, -2.46, -12.00, 1.05, 0.52, -2.22, -13.29, -39.33, -44.95, -0.00, 0.76, 1.90, -4.19, 8.84, 36.69, 1
17:58:31.090 -> 1, 2.98, 0.97, -2.09, -42.65, 6.33, -32.51, 1.35, 0.67, -1.62, -5.97, -15.40, -35.19, -0.30, 2.56, 1.90, 99.81, 37.16, 47.43, 1
17:58:31.137 -> 2, 2.83, -0.08, 0.01, -52.42, -6.85, -14.44, 1.95, -0.23, -1.47, 4.29, -31.03, -33.23, 0.15, 0.46, 2.05, -28.61, 2.98, -77.57, 1
17:58:31.137 -> 3, 2.83, -0.38, -1.04, -48.51, 8.29, -4.67, 1.05, -0.23, -1.92, -5.48, -15.89, -36.16, -0.75, 1.06, 2.95, 17.78, 8.84, -25.32, 1
17:58:31.137 -> 4, 3.43, 0.07, -0.59, -36.79, -7.83, -17.37, 1.50, 0.07, -2.97, -17.20, -22.24, -26.40, 0.60, 1.21, 3.25, 60.26, 25.44, 18.62, 1
17:58:31.137 -> 5, 2.38, 0.37, -1.04, -45.58, 0.96, -15.42, 3.90, -0.68, -2.97, -10.36, -19.31, -38.60, 0.75, 0.31, 3.40, -18.35, 10.31, -32.16, 1
17:58:31.186 -> 6, 1.93, -0.08, -1.04, -56.81, -8.32, 4.12, 4.20, 0.37, -4.02, 8.68, -15.89, -19.07, -0.15, -0.14, 5.05, -22.75, -1.90, -15.56, 1
17:58:31.186 -> 7, 2.83, -1.28, -2.24, -65.11, 23.42, -12.49, 3.75, 0.37, -3.12, -57.72, -23.70, 11.69, -0.15, -0.59, 5.05, 131.55, 38.14, 129.95, 1
17:58:31.186 -> 8, 1.63, -1.28, -2.24, -29.47, 1.94, -39.34, 3.15, 0.52, -2.97, -46.49, -3.19, -8.82, -0.90, -1.64, 5.80, 12.90, 23.98, -7.74, 1
17:58:31.186 -> 9, 1.78, 0.07, -0.89, -46.07, 17.56, -73.52, 5.10, 1.57, -2.67, 42.86, -36.40, -89.87, -3.30, -1.34, 5.80, 30.96, 31.30, 22.53, 1
17:58:31.186 -> 10, 2.68, -0.23, -1.64, -38.75, -12.71, 31.95, 3.90, 1.27, -1.02, -19.15, -12.96, -26.88, -2.85, -1.64, 2.50, -213.18, -4.34, 102.61, 1
17:58:31.233 -> 11, 0.88, -0.68, -1.34, -48.51, 10.24, -3.70, 3.15, 1.57, -1.47, 23.82, -34.44, -57.16, -0.90, 0.46, 1.00, -36.42, 30.33, 254.46, 1
17:58:31.233 -> 12, 1.63, 1.12, -0.74, -55.35, 2.43, -1.26, 1.65, 1.42, -0.12, -23.06, -11.01, -14.19, -0.60, -0.14, 0.25, -80.37, 7.87, 137.28, 1
17:58:31.233 -> 13, 1.63, 0.37, -1.94, -44.12, -1.97, -20.79, 1.35, -0.08, -1.32, -5.48, -20.28, -41.04, 0.45, 0.31, 2.35, -140.42, -16.06, 37.18, 1
17:58:31.233 -> 14, 0.73, -0.38, -1.04, -38.26, 3.89, -17.37, 0.90, 0.37, -0.87, -1.57, -30.54, -32.26, -0.60, 1.21, 1.75, -30.56, 10.80, 122.14, 1
17:58:31.280 -> 15, 0.58, 0.97, -0.59, -36.30, 2.43, -19.81, -0.60, 0.07, -0.72, -8.90, -18.33, -33.72, 0.60, 0.46, 0.25, -47.16, 12.75, 82.59, 1
17:58:31.280 -> 16, 2.23, 0.07, -2.54, -39.23, -1.48, -11.02, 0.90, -0.38, -2.37, -8.90, -23.21, -38.60, 1.20, 1.36, 0.85, -95.99, -1.90, 15.21, 1
17:58:31.280 -> 17, 2.68, 0.97, -0.59, -25.07, 7.80, -6.14, 0.75, 0.07, -2.97, -10.85, -21.26, -37.14, 1.65, 2.11, 1.60, -33.98, 17.63, 67.45, 1
17:58:31.280 -> 18, 1.33, 1.27, 0.31, -36.79, 6.82, -8.09, 1.05, -1.43, -0.72, -2.06, -16.87, -27.86, -0.15, 0.46, 2.05, -21.77, 9.82, 66.47, 1
17:58:31.327 -> 19, 0.88, 2.02, -2.54, -46.07, -9.78, -3.70, -0.30, -0.08, -2.07, -1.08, -22.72, -38.60, -0.60, 1.21, 1.75, -59.86, 8.84, 16.18, 1
17:58:31.327 -> 20, 1.33, -0.68, -1.64, -38.75, -3.92, -20.79, 0.15, -0.08, -1.32, -12.31, -10.52, -30.79, 1.05, 1.21, 1.75, -35.93, 13.24, 48.41, 1
17:58:31.327 -> 21, 0.88, 1.27, -0.89, -33.86, -5.87, -17.86, 0.15, -0.08, -2.82, -3.04, -31.51, -21.51, 1.20, 0.31, 1.60, -7.61, 16.66, 57.69, 1
17:58:31.327 -> 22, 2.23, -0.23, -0.59, -43.63, -9.78, -11.51, 0.90, -1.13, -1.62, -6.46, -19.31, -29.81, 1.80, 1.21, 1.30, -32.03, 7.87, 35.22, 1
17:58:31.374 -> 23, 2.23, 0.52, -0.89, -23.61, -0.50, -14.93, -0.60, -0.23, -1.47, -6.46, -19.31, -25.91, 1.05, 0.16, 1.75, -38.86, 12.75, 25.46, 1
17:58:31.374 -> 24, 1.33, 0.52, 0.31, -51.44, 9.75, -18.83, 1.05, -0.98, -2.22, -3.04, -23.21, -30.79, 1.35, 2.71, 2.50, -5.17, 21.54, 40.11, 1
17:58:31.374 -> 25, 0.73, 1.12, -2.24, -37.28, -1.48, -7.11, 0.15, -0.83, -0.57, -3.53, -20.77, -36.16, 1.95, 1.06, 2.65, -8.10, 14.21, 36.20, 1
17:58:31.374 -> 26, 1.18, -0.08, -1.94, -43.63, 13.17, -10.04, 0.15, -0.38, -2.37, -4.01, -24.19, -32.26, -0.15, 1.21, 0.70, -18.84, 4.94, 8.37, 1
17:58:31.421 -> 27, 1.63, 0.67, -1.04, -40.21, -1.97, -22.74, 0.45, -0.08, -2.07, 3.80, -16.87, -28.35, 1.35, 0.46, 1.30, -20.80, 11.28, 23.02, 1
17:58:31.421 -> 28, 1.63, 0.37, 0.46, -28.00, 1.94, -19.81, -0.30, -0.83, -0.87, -9.39, -12.96, -26.40, 0.45, 1.06, 0.85, -14.94, 6.40, 44.01, 1
17:58:31.421 -> 29, 2.83, -0.08, -1.94, -33.86, 8.77, -23.72, 0.75, -0.68, -1.02, -0.11, -30.54, -31.77, 0.15, 1.66, 0.70, -20.31, 9.33, 25.95, 1
17:58:31.421 -> 30, 2.83, -0.08, -1.04, -44.12, -2.46, -12.49, 1.35, -1.58, -1.62, -3.53, -29.07, -39.09, 0.75, 1.81, 0.10, -16.40, 28.37, 22.04, 1
17:58:31.468 -> 31, 2.68, 0.97, -0.14, -50.46, -1.48, -18.83, 0.75, -0.23, -1.47, -10.85, -25.17, -36.65, -0.00, 1.81, 0.40, -2.24, 10.31, 35.22, 1
17:58:31.468 -> 32, 1.93, 1.42, 0.01, -34.35, 0.47, -15.42, 0.75, -0.98, -1.47, -12.31, -23.21, -27.37, 1.05, 0.91, 1.75, -21.28, 10.80, 18.13, 1
17:58:31.468 -> 33, 2.68, 0.97, -0.59, -39.23, 4.38, -21.76, 1.50, -0.23, -1.02, 0.38, -11.98, -24.93, 1.95, 0.76, 2.35, -14.94, 2.50, 17.65, 1
17:58:31.468 -> 34, 1.63, 0.67, 0.46, -38.26, -2.46, -16.88, 0.75, -0.98, -1.47, -3.53, -19.31, -30.30, 0.45, 0.76, 1.60, -9.57, 17.63, 38.15, 1
17:58:31.468 -> 35, 2.68, 2.02, -0.89, -37.77, 2.43, -12.97, 0.30, -0.98, -1.92, -1.57, -25.17, -31.28, -0.00, 1.36, 1.60, -14.94, 20.56, 33.76, 1
17:58:31.517 -> 36, 2.38, 0.67, 0.01, -45.58, 1.94, -17.86, 1.50, -0.23, -1.47, -15.73, -15.89, -33.23, 0.75, 0.76, 0.40, -8.59, 16.66, 19.60, 1
17:58:31.517 -> 37, 1.18, 0.67, 0.46, -41.19, 15.12, -5.16, 0.45, -0.08, -2.37, 1.36, -27.61, -30.30, 0.60, 1.66, 1.30, -0.29, -3.36, 30.83, 1
17:58:31.517 -> 38, 2.23, 0.52, 0.31, -44.12, -12.22, -8.58, 1.65, -0.08, -3.12, -20.62, -22.72, -25.91, 0.60, 0.91, 1.00, -19.33, 16.66, 38.15, 1
17:58:31.517 -> 39, 0.88, 0.97, -0.89, -29.96, -2.46, -8.09, -0.75, -1.88, -1.32, -20.13, -21.75, -42.51, 1.35, 0.91, 1.75, -6.15, 16.66, 24.97, 1
17:58:31.564 -> 40, 1.78, 1.27, -0.14, -33.86, -5.87, -25.18, 0.90, 0.67, -1.62, -9.39, -30.54, -28.84, -0.00, 2.11, 0.40, -10.05, 4.94, 17.16, 1
17:58:31.564 -> 41, 1.78, 1.72, -0.59, -38.26, 1.94, -16.39, 0.45, -0.83, -0.57, -24.03, -21.26, -27.86, -0.00, 2.56, 1.15, -18.35, 17.63, 32.29, 1
17:58:31.564 -> 42, 2.23, 1.72, -0.89, -40.21, -6.36, -14.93, 0.75, -1.43, -0.27, -10.85, -23.70, -32.74, 0.75, 0.31, 0.85, -12.01, 1.52, 22.04, 1
17:58:31.564 -> 43, 1.93, 1.87, 0.01, -33.86, 25.38, -5.16, 0.30, -0.23, -1.92, -12.80, -17.84, -39.58, 0.60, 2.41, 1.75, -12.49, 7.38, 27.41, 1
17:58:31.611 -> 44, 2.23, 1.27, -1.34, -48.51, 6.33, -10.53, 0.45, -0.83, -2.07, -11.34, -24.68, -41.04, 0.75, 1.06, 1.60, -17.38, 6.89, 23.02, 1
17:58:31.611 -> 45, 1.63, 1.42, -1.49, -37.28, 0.96, -11.51, 0.75, -0.98, -0.27, -1.57, -11.01, -39.09, 0.45, 0.31, 1.60, -5.17, 6.40, 13.25, 1
17:58:31.611 -> 46, 0.58, 1.72, -0.59, -40.70, -9.78, -17.37, 1.05, -0.23, -1.92, -5.97, -19.79, -28.35, -0.60, 1.96, 1.30, -14.45, 14.21, 12.76, 1
17:58:31.611 -> 47, 2.68, 0.97, -2.09, -32.89, 8.29, -26.16, 0.90, 0.37, -1.62, -10.85, -15.89, -33.72, 0.15, 0.91, 1.00, -10.54, 5.42, 23.51, 1
17:58:31.658 -> 48, 1.93, 0.67, -0.29, -38.75, 8.29, -12.00, -0.30, -1.58, -2.07, -17.20, -13.94, -26.40, -0.30, 1.81, 0.10, -17.87, 21.54, 29.85, 1
17:58:31.658 -> 49, 0.88, 1.27, -1.64, -31.42, 6.82, -21.76, 0.30, -0.98, -1.92, -3.04, -10.52, -31.77, 0.75, 1.36, 2.65, -4.19, 27.40, 26.92, 1
17:58:31.658 -> 50, 2.38, -0.38, -0.29, -44.12, -8.80, -12.97, 1.05, -1.73, -0.72, -6.94, -27.12, -28.35, -0.15, 1.66, 2.05, -12.98, 14.70, 32.78, 1
17:58:31.658 -> 1, 2.23, 0.07, -0.14, -45.58, -2.46, -8.09, 0.90, -1.88, -1.32, -2.55, -22.24, -31.77, 1.35, 0.16, 1.75, -124.31, 19.58, 97.24, 1
17:58:31.706 -> 2, 1.63, -0.08, -2.24, -41.67, -5.87, -25.67, 1.50, -2.48, -2.22, -16.71, -25.65, -24.44, 0.45, 0.76, 0.40, -92.57, -4.83, 89.91, 1
17:58:31.706 -> 3, 1.63, 1.42, -3.14, -49.98, -7.83, -7.11, 1.35, -1.88, -0.57, -4.50, -18.82, -32.26, 0.45, 1.06, 1.60, -83.78, 9.82, 67.45, 1
17:58:31.706 -> 4, 2.23, 0.07, -3.74, -39.72, -6.36, -11.51, 1.65, -0.38, -2.37, -21.59, -14.91, -35.67, -1.20, -1.49, 2.35, -63.28, -1.90, 75.26, 1
17:58:31.706 -> 5, 2.83, -0.08, -1.94, -42.16, 5.84, -23.72, 4.95, -1.13, -2.07, 54.58, -42.74, -163.12, -0.00, -0.74, 1.15, -142.87, 20.56, 23.51, 1
17:58:31.706 -> 6, 3.73, -0.38, -1.94, -19.70, 1.94, -54.48, 9.00, -6.08, -5.07, 38.47, -20.28, -37.63, -0.90, 0.91, 2.80, 67.09, 70.85, 215.40, 1
17:58:31.754 -> 7, 3.73, -0.83, -3.89, -44.60, 17.08, -102.33, 9.15, -4.43, -6.12, -55.28, -16.87, 26.83, -0.00, 0.01, 2.65, -23.24, -15.57, 58.66, 1
17:58:31.754 -> 8, 3.43, -0.98, -3.74, -22.63, -19.55, 42.20, 6.60, -6.83, -6.27, 7.70, -55.44, 3.88, 0.15, 0.16, 4.00, -175.58, -37.54, 107.98, 1
17:58:31.754 -> 9, 4.63, -0.68, -2.54, -48.51, 4.38, -12.00, 4.95, -3.38, -2.82, 9.66, -32.00, -47.88, 1.05, 1.66, 2.80, 67.58, 65.97, 298.90, 1
17:58:31.754 -> 10, 3.43, -0.68, -2.54, -56.81, 14.63, -17.86, 2.55, -1.88, -2.07, -2.06, -30.05, -5.40, -0.00, 1.06, 2.35, -91.60, -7.27, 69.40, 1
17:58:31.802 -> 11, 2.38, 1.42, -1.04, -40.70, -11.73, -14.44, 0.90, -2.33, -2.37, -26.47, -25.65, -30.30, 0.60, -0.14, 2.50, -132.61, -15.57, 7.88, 1
17:58:31.802 -> 12, 3.88, 0.52, -2.54, -41.67, -1.97, -9.07, 0.30, -0.98, -2.97, 4.78, -27.61, -26.88, 0.60, 1.21, 2.05, 22.66, 21.54, 135.32, 1
17:58:31.802 -> 13, 2.23, 0.52, -0.59, -44.12, -4.90, -15.90, 0.45, -0.38, -1.62, -12.31, -31.03, -29.33, 1.20, 1.36, 0.85, -46.19, 16.66, 51.34, 1
17:58:31.802 -> 14, 2.23, 0.97, 0.31, -37.28, 3.89, -4.67, 2.25, -0.98, -1.92, -8.90, -16.38, -35.19, -0.00, 0.76, 2.35, -97.46, -5.81, -6.77, 1
17:58:31.849 -> 15, 3.28, 1.12, -0.29, -50.46, 3.40, -19.32, 0.90, -0.38, -3.12, 4.78, -14.42, -36.65, -0.15, 2.41, 1.30, -5.66, 23.49, 75.75, 1
17:58:31.849 -> 16, 2.68, 1.27, -0.14, -47.05, -7.34, -27.62, 1.05, -0.23, -2.22, -11.34, -25.65, -32.74, -0.75, 1.81, 1.90, -11.03, 24.47, 51.83, 1
17:58:31.849 -> 17, 2.68, 0.97, -0.89, -39.72, -7.34, -15.42, 1.05, 0.07, -2.97, -12.80, -16.87, -40.56, 1.05, 0.91, 0.70, -66.69, 5.91, -3.84, 1
17:58:31.849 -> 18, 2.83, -0.08, -0.29, -40.70, 13.66, -0.77, -0.75, -0.08, -2.82, -5.48, -32.00, -36.16, 1.20, 1.36, 1.15, -8.10, 17.63, 60.13, 1
17:58:31.895 -> 19, 2.38, 1.42, -1.04, -50.46, -6.85, -9.07, 1.50, -0.68, -2.67, -13.78, -24.68, -29.81, 0.45, 1.06, 1.60, 2.15, 29.84, 62.57, 1
17:58:31.895 -> 20, 2.38, 1.12, -0.74, -46.56, 10.24, -21.76, -0.75, -1.88, -1.32, -4.99, -31.03, -32.26, 2.25, 1.96, 1.30, -29.10, 3.96, 5.93, 1
17:58:31.895 -> 21, 1.78, 0.07, -0.14, -52.42, -0.50, -10.53, 1.05, -0.23, -2.22, -0.11, -31.51, -43.00, 1.65, 0.31, 1.60, -31.05, 14.21, 37.18, 1
17:58:31.895 -> 22, 1.18, 0.37, -1.49, -33.37, 6.33, -17.37, 1.05, -0.23, -1.47, 1.85, -25.17, -37.63, 1.05, 2.41, 0.70, 4.11, 27.40, 59.15, 1
17:58:31.942 -> 23, 1.78, 0.07, -0.89, -63.65, -1.48, -15.90, 0.75, -0.68, -2.22, -5.97, -14.91, -30.79, 1.05, 0.91, 2.50, -20.31, 11.77, 26.92, 1
17:58:31.942 -> 24, 2.98, 0.52, -0.89, -36.30, 1.45, -22.25, 1.50, -0.68, -0.72, -15.24, -27.12, -21.03, 1.20, -0.44, 1.15, -22.75, 15.68, 25.46, 1
17:58:31.942 -> 25, 0.88, 0.52, -0.14, -42.65, -4.41, -14.93, 1.50, -0.23, -1.02, -10.85, -12.96, -37.14, 0.15, 1.21, 1.00, 1.18, 24.96, 40.60, 1
17:58:31.942 -> 26, 2.68, 0.97, -1.64, -50.46, -0.01, -8.09, 0.75, -0.23, -2.22, -12.31, -29.56, -29.81, 1.05, 1.96, 2.05, -12.98, 2.98, 27.41, 1
17:58:31.942 -> 27, 2.68, 0.52, -0.89, -37.77, -0.99, -19.81, 0.30, 0.07, -1.47, -11.83, -19.79, -31.28, 1.05, 1.21, 0.25, -24.70, 11.77, 24.48, 1
17:58:31.990 -> 28, 3.28, 0.67, -1.04, -48.51, 8.77, -11.51, 0.90, -0.08, -1.32, 4.29, -18.33, -31.77, 0.45, 0.31, 1.60, -3.22, 21.54, 25.46, 1
17:58:31.990 -> 29, 2.23, 1.72, -0.59, -44.12, 2.92, -14.93, -0.30, -0.83, -2.07, -5.48, -21.26, -36.16, 1.65, 0.76, 0.10, 1.18, 10.31, 23.99, 1
17:58:31.990 -> 30, 2.83, 1.12, -0.29, -44.60, -5.39, -17.86, 1.65, -1.13, -0.57, -6.94, -11.01, -20.05, -0.30, 0.31, 1.15, -13.47, 23.49, 29.37, 1
17:58:31.990 -> 31, 1.63, 0.37, -0.74, -44.60, 4.38, -14.44, 1.05, 0.52, -2.22, -15.24, -24.19, -30.79, -0.15, 0.91, 2.50, -17.87, 23.00, 39.62, 1
17:58:32.038 -> 32, 0.88, 0.52, -2.09, -44.12, -0.01, -12.49, 1.05, -0.23, -1.92, -9.87, -13.94, -34.70, 1.35, 2.41, 1.75, -5.17, 16.66, 39.13, 1
17:58:32.038 -> 33, 2.68, 0.97, -1.64, -55.83, 0.96, -15.42, -0.15, -0.23, -1.47, -14.76, -21.75, -28.35, 0.75, 1.36, 0.85, -25.68, 3.47, 24.97, 1
17:58:32.038 -> 34, 0.58, -0.23, -0.89, -56.81, -2.46, -13.95, 1.35, -0.83, -2.07, -15.73, -26.63, -27.37, 1.20, 2.11, 1.15, -16.40, 15.19, 29.85, 1
17:58:32.038 -> 35, 1.18, 0.37, -1.04, -43.63, -0.50, -5.16, 0.75, -1.73, -1.47, -8.90, -26.14, -18.10, 0.15, 0.91, 1.75, -18.35, 18.12, 38.64, 1
17:58:32.086 -> 36, 1.93, -0.38, -1.04, -30.93, -2.94, -23.72, 1.95, -0.68, -2.22, -12.80, -23.70, -35.19, -0.15, 0.46, 2.05, -22.26, 23.49, 28.88, 1
17:58:32.086 -> 37, 2.38, 0.67, -1.94, -52.91, -8.32, -19.32, 0.45, -0.38, -2.07, -11.34, -22.24, -33.23, 0.60, 1.21, 1.75, -22.75, 6.40, 29.85, 1
17:58:32.086 -> 38, 2.38, 2.62, -1.94, -54.37, 4.87, -8.58, 0.30, -0.98, -0.72, -10.85, -25.17, -22.00, 1.20, 1.36, 2.35, -16.89, 8.84, 25.95, 1
17:58:32.086 -> 39, 1.93, 0.67, -0.29, -33.37, 8.29, -18.83, 0.30, 0.07, -2.67, -19.64, -25.17, -34.21, 0.45, 1.06, 1.60, -5.66, 8.35, 36.69, 1
17:58:32.133 -> 40, 2.98, 0.52, -0.14, -39.23, -4.41, -10.53, 0.30, 0.07, -2.22, -9.87, -18.82, -32.74, 1.65, 1.81, 1.90, -7.12, 25.93, 45.48, 1
17:58:32.133 -> 41, 1.18, 0.37, -0.74, -46.56, 2.43, -16.88, 1.50, 0.07, -1.92, -14.27, -31.51, -43.49, 0.60, -0.14, 1.75, -12.01, 4.94, 29.37, 1
17:58:32.133 -> 42, 3.28, 1.42, 0.01, -49.00, 1.94, -12.49, 0.75, 0.82, -1.47, -1.57, -15.40, -37.63, -0.15, 1.66, 2.05, -12.49, 10.80, 23.02, 1
17:58:32.133 -> 43, 2.38, 1.42, 0.46, -45.58, -0.50, -17.37, -0.15, -0.98, -1.47, -21.10, -20.77, -30.30, 1.05, 1.96, 1.75, -12.49, 21.05, 33.27, 1
17:58:32.180 -> 44, 2.68, 0.97, -0.59, -39.72, 2.92, -15.90, 0.30, 0.07, -2.97, 1.36, -14.91, -34.70, 1.05, 1.21, 2.50, -14.94, 6.40, 25.95, 1
17:58:32.180 -> 45, 1.18, 1.12, -1.04, -39.23, -10.27, -9.56, -0.60, -0.68, -1.47, -14.76, -18.33, -38.60, 0.60, 2.41, 1.00, -12.98, 13.24, 31.81, 1
17:58:32.180 -> 46, 1.78, 0.97, -0.59, -32.89, -5.39, -10.04, 1.95, -0.23, -1.02, -21.10, -10.52, -24.44, -0.15, 0.91, 2.05, -17.38, 4.94, 23.51, 1
17:58:32.180 -> 47, 1.78, 1.27, -0.89, -46.56, -3.92, -16.88, 1.05, -0.98, -1.47, -5.48, -27.12, -32.26, -0.00, 1.06, 0.10, -10.54, 11.28, 24.97, 1
17:58:32.228 -> 48, 3.28, 0.67, 1.21, -33.37, -1.97, -18.83, 1.35, -0.08, -2.07, -17.69, -23.70, -24.93, 2.25, 0.91, 2.05, -9.57, 18.61, 23.02, 1
17:58:32.228 -> 49, 0.88, 1.27, -1.34, -38.75, -1.97, -17.86, 0.15, -0.38, -0.57, -8.41, -27.61, -41.04, 1.05, 1.66, 1.30, -7.12, 3.47, 27.41, 1
17:58:32.228 -> 50, 1.63, 0.37, -0.74, -47.05, -4.90, -21.76, 1.65, 0.37, -1.32, -4.50, -29.07, -35.67, -0.30, 0.31, 2.65, -16.40, 24.47, 40.60, 1
17:58:32.228 -> 1, 1.93, -0.83, 0.46, -55.35, 12.68, -24.69, -0.30, 1.12, -1.32, 1.36, -8.56, -30.79, -0.60, 1.21, 1.00, -47.16, 24.96, 199.78, 1
17:58:32.228 -> 2, 1.93, 0.37, -0.74, -32.40, 3.40, -14.93, 0.75, 0.82, -2.22, -11.34, -25.65, -43.49, -1.80, 1.21, 0.70, -207.32, -21.92, -3.84, 1
17:58:32.275 -> 3, 1.63, -0.08, -1.04, -32.89, -4.41, -8.58, 0.75, -0.23, -2.22, -9.39, -19.79, -34.21, -0.00, 2.56, 1.15, -56.44, 14.70, 125.07, 1
17:58:32.275 -> 4, 1.93, -0.08, 0.01, -37.28, 1.45, -18.83, 2.10, -0.08, -2.82, -13.29, -22.72, -36.65, 0.45, 1.81, 1.60, -25.19, 23.98, 129.46, 1
17:58:32.275 -> 5, 3.88, -0.68, -0.89, -38.26, -4.41, -23.72, 0.30, 0.82, -2.67, -2.06, -17.84, -33.72, 0.45, 1.06, 1.60, -117.48, -6.78, 7.39, 1
17:58:32.275 -> 6, 2.98, 0.52, -1.34, -50.95, 7.80, -8.58, 1.35, -0.08, -2.82, -4.01, -9.54, -29.33, -1.20, 0.76, 1.90, -42.77, 8.35, 66.96, 1
17:58:32.323 -> 7, 2.38, -0.08, -1.94, -44.60, -2.46, -10.04, 1.95, -0.23, -2.67, -4.50, -27.61, -25.91, -0.75, 1.36, 2.65, 4.59, 23.49, 98.21, 1
17:58:32.323 -> 8, 3.43, 0.07, -0.14, -40.70, 0.47, -5.16, 2.25, 0.52, -2.67, -3.04, -21.26, -30.30, -0.15, 2.41, 2.05, -63.28, -9.71, 12.76, 1
17:58:32.323 -> 9, 1.18, 0.37, -1.04, -85.13, 12.68, -88.17, 1.50, 0.52, -1.47, -20.62, -20.77, -85.97, -2.40, 1.06, 0.10, 133.01, 53.28, -81.96, 1
17:58:32.323 -> 10, 1.63, -1.28, -1.94, -17.75, 5.36, -36.41, 3.75, 1.42, 0.18, -88.00, -45.67, 8.27, -2.55, -0.89, 1.30, 72.47, -19.48, -112.24, 1
17:58:32.370 -> 11, 1.18, -0.83, -1.94, 15.94, 20.00, -163.85, 2.10, 0.67, 0.63, -121.69, -3.68, 82.00, -2.10, -0.59, 0.70, 362.02, -127.88, 128.00, 1
17:58:32.370 -> 12, 0.73, -1.28, -0.74, -28.49, 9.26, -11.02, 1.50, 2.47, 0.78, 38.95, -39.81, -6.87, -0.30, -1.49, -1.40, 248.25, 89.41, -155.21, 1
17:58:32.370 -> 13, -0.17, -0.38, -1.94, -37.28, 3.89, -8.58, 1.05, 0.82, -0.27, -24.03, -18.82, 30.73, -0.90, -0.14, -0.80, 71.00, -19.48, -263.60, 1
17:58:32.370 -> 14, -0.17, 0.37, -0.29, -31.91, -6.85, -15.90, 0.75, 0.07, -0.72, 35.54, -15.40, -63.02, 1.05, -0.14, 1.00, 240.43, 39.60, 44.01, 1
17:58:32.418 -> 15, 1.33, 0.52, -0.59, -31.91, 4.87, -14.44, 0.75, 0.07, 0.48, -40.15, -11.49, -12.72, -0.75, 0.31, 1.60, 119.34, 23.00, -42.90, 1
17:58:32.418 -> 16, 1.33, 0.52, -0.59, -38.26, 8.77, -14.93, 0.30, 0.52, -1.02, -7.43, -12.96, -38.60, -0.75, 0.76, 1.15, -23.73, -1.90, -120.05, 1
17:58:32.418 -> 17, 0.88, -0.23, -0.59, -44.60, -12.71, -12.00, -0.15, 0.07, -1.47, -5.97, -13.94, -20.54, 0.15, 0.46, 0.70, 97.86, 38.14, 35.71, 1
17:58:32.418 -> 18, 1.78, 0.52, -0.59, -38.26, -14.17, -18.83, 0.30, 0.07, -1.02, -1.57, -12.47, -22.98, 1.05, 0.91, 0.25, 50.98, 20.56, 1.53, 1
17:58:32.465 -> 19, 2.23, 0.07, -0.59, -30.93, -2.46, -19.32, 0.15, -0.38, 0.18, -5.48, -11.01, -19.07, 0.75, 1.36, 0.85, -39.84, -1.41, -78.06, 1
17:58:32.465 -> 20, 0.88, -0.68, -1.34, -25.56, 2.43, -11.51, 1.65, -1.13, -2.07, -8.90, -23.21, -31.28, -0.30, 0.76, 1.90, 50.49, 27.40, 26.44, 1
17:58:32.465 -> 21, 2.23, -0.23, 0.31, -36.30, -7.83, -13.46, 0.45, -0.38, -1.32, -1.57, 3.15, -22.98, -0.30, 1.06, 0.10, 41.22, 19.58, 25.95, 1
17:58:32.465 -> 22, 1.93, 0.37, -1.04, -36.30, 2.43, -17.86, 0.75, 0.07, -1.02, -9.39, -19.31, -33.72, -0.00, 0.31, 1.15, -25.19, -13.62, -14.58, 1
17:58:32.465 -> 23, 2.83, 0.67, -0.29, -32.89, 1.94, -18.83, 0.15, -1.13, -0.87, -1.08, -17.35, -24.93, 1.05, 0.91, 1.00, 15.83, 7.87, 7.88, 1
17:58:32.513 -> 24, 1.18, 1.12, -1.04, -39.72, 1.45, -17.86, -0.15, -0.68, -1.02, 1.85, -21.26, -24.93, -0.30, 0.76, 0.40, 16.31, 23.00, 24.48, 1
17:58:32.513 -> 25, 1.18, 0.67, -0.74, -30.44, -7.34, -16.39, -0.15, -0.23, -0.27, 2.33, -15.89, -8.33, -0.60, 1.21, 0.70, -14.45, 5.42, -9.70, 1
17:58:32.513 -> 26, 2.23, 1.27, -0.59, -34.84, 8.77, -5.65, -0.30, -0.08, -0.87, -10.36, -9.05, -27.37, -0.15, 0.16, 1.00, -4.68, 7.38, -3.35, 1
17:58:32.513 -> 27, 2.23, 1.27, -1.64, -42.65, 6.33, -10.04, 0.75, 0.52, -0.72, -5.97, -18.82, -23.96, 1.05, 0.46, 0.70, 11.43, 9.33, 25.46, 1
17:58:32.561 -> 28, 1.93, 1.12, -1.94, -36.30, 4.38, -14.44, -0.75, -0.83, -2.07, -5.97, -16.38, -14.68, 0.60, 1.21, 1.75, 1.18, 8.35, 10.32, 1
17:58:32.561 -> 29, 1.78, -0.98, -1.34, -41.19, -5.87, -9.07, 0.30, -1.43, -1.02, -5.97, -21.26, -26.88, 0.75, 0.31, 0.85, -24.70, 10.80, 0.56, 1
17:58:32.561 -> 30, 1.18, 2.62, -1.04, -20.68, 4.38, -18.83, 1.95, -0.68, -2.22, -4.01, -11.01, -22.49, 1.20, 1.81, 0.85, 16.80, 15.68, 29.37, 1
17:58:32.561 -> 31, 1.78, 1.27, -0.14, -34.35, 9.26, -15.90, 1.05, -0.23, -0.72, 1.85, -16.38, -32.26, -0.30, 0.31, 0.85, 1.67, 6.40, 15.21, 1
17:58:32.609 -> 32, 1.18, 0.37, -1.49, -44.12, -9.78, -14.93, 1.05, -0.98, -0.72, -5.97, -7.59, -16.14, 0.75, 0.76, 0.10, -12.98, 5.42, 9.83, 1
17:58:32.609 -> 33, 1.33, -0.68, -0.89, -34.84, -3.43, -16.88, 1.05, 0.82, -1.92, -8.90, -22.72, -15.17, 1.20, -0.44, 1.60, -10.05, 7.38, 29.37, 1
17:58:32.609 -> 34, 2.38, 1.12, -0.74, -25.56, -11.73, -9.07, 0.45, 1.42, -0.87, -15.24, -14.42, -14.68, 1.65, 1.06, 1.90, 5.08, 7.38, 26.92, 1
17:58:32.609 -> 35, 1.33, 0.97, -0.14, -35.33, -0.99, -14.93, 0.30, 0.07, -1.02, -5.97, -19.31, -26.88, 1.05, 0.91, 0.70, -12.01, 6.40, 13.25, 1
17:58:32.609 -> 36, 1.78, -0.23, -1.64, -29.47, 0.96, -27.62, 0.45, 0.37, -1.62, -8.90, -18.82, -33.23, 0.45, 0.31, 1.15, -5.66, 20.07, 10.81, 1
17:58:32.657 -> 37, 1.93, 0.67, -1.04, -18.24, -6.85, -13.46, 0.15, -0.83, -1.32, -2.06, -21.26, -22.00, 0.60, 0.16, 1.30, -3.71, 6.40, 17.16, 1
17:58:32.657 -> 38, 1.78, 0.07, -0.14, -35.82, -0.01, -18.83, 0.30, 0.52, -1.92, -13.78, -21.75, -25.91, 1.05, 0.91, 0.25, -10.54, 20.07, 13.25, 1
17:58:32.657 -> 39, 1.78, 0.52, -0.14, -34.35, 1.94, -5.16, 1.35, -0.38, -0.57, -7.43, -20.28, -14.19, 0.60, 1.96, 1.75, -16.40, 10.31, 8.86, 1
17:58:32.657 -> 40, 0.58, 0.52, -0.14, -42.16, -4.41, -14.93, 1.35, -0.38, -1.32, -0.11, -17.35, -32.74, 0.75, 1.06, -0.35, -5.66, 10.80, 24.48, 1
17:58:32.705 -> 41, 0.88, 1.27, 0.31, -32.89, 0.96, -9.07, 1.65, -0.38, -0.87, -12.31, -18.82, -17.12, 0.60, 1.21, 0.70, -9.57, 13.73, 11.79, 1
17:58:32.705 -> 42, 1.93, 0.37, 0.01, -28.00, 0.96, -15.90, 0.90, 0.67, -1.32, -10.36, -19.31, -30.79, -0.30, 0.76, -0.35, 1.18, 7.87, 14.72, 1
17:58:32.705 -> 43, 1.78, 0.52, -0.59, -21.17, 2.43, -4.18, -0.15, -0.68, -1.92, -11.34, -20.28, -26.40, 1.05, 0.16, 1.75, -0.78, 10.31, 26.44, 1
17:58:32.705 -> 44, 1.63, 1.12, -0.29, -45.58, -5.39, -13.46, 0.15, -0.83, -2.37, -13.78, -9.54, -21.03, 1.20, 1.36, 1.90, -10.05, 5.42, 32.29, 1
17:58:32.753 -> 45, 1.33, 0.52, -0.89, -36.30, -2.94, -11.51, 0.30, 0.52, -1.47, 5.75, -16.87, -27.37, 0.45, 1.81, 0.40, -10.54, 11.28, 25.46, 1
17:58:32.753 -> 46, 0.88, 1.27, -1.34, -38.26, -3.43, -6.63, 1.05, 0.07, -1.47, -1.57, -12.96, -14.19, 0.45, 1.06, 1.15, -13.47, 2.50, 20.58, 1
17:58:32.753 -> 47, 1.18, -0.08, -1.04, -27.03, -10.27, -15.90, 0.15, -0.08, -2.07, -2.06, -21.26, -22.98, -0.30, 0.76, 1.60, 8.50, 7.87, 20.58, 1
17:58:32.753 -> 48, 0.88, 0.52, -0.14, -28.98, 1.45, -10.53, 0.75, 0.07, -1.47, -4.99, -11.49, -25.42, 1.35, 0.91, 1.75, -18.35, 1.03, 15.21, 1
17:58:32.802 -> 49, 1.18, 0.67, -1.49, -28.49, -2.46, -18.34, -0.75, -1.13, -2.07, -3.04, -6.12, -22.00, 1.05, 0.46, 1.30, -4.19, 16.66, 17.16, 1
17:58:32.802 -> 50, 2.83, 0.67, -1.04, -35.33, 7.80, -8.09, 1.05, -0.68, -1.02, 8.19, -19.79, -25.91, -0.00, 1.06, 1.15, -3.22, 17.63, 33.27, 1
17:58:32.802 -> 1, 2.23, 1.72, -1.64, -36.30, -0.50, -23.72, -0.30, -1.13, -2.07, -14.76, -12.47, -18.58, 1.65, 0.31, 1.15, -2.24, 4.94, 96.26, 1
17:58:32.802 -> 2, 1.93, 0.67, -0.74, -39.72, -9.29, -12.97, -0.75, -1.88, -0.87, 9.66, -14.42, -30.79, -0.00, 0.01, 1.60, -52.53, 8.84, 52.80, 1
17:58:32.802 -> 3, 1.78, 1.27, -1.64, -29.96, -6.85, -21.76, 1.35, -1.13, -1.32, -19.15, -12.47, -26.88, 0.75, 1.36, 0.40, -41.30, 5.42, 18.62, 1
17:58:32.847 -> 4, 1.78, 1.27, -1.34, -49.00, 0.47, -23.23, 0.30, -0.68, -1.47, -1.08, -27.61, -21.51, 0.45, 0.31, 1.60, -11.52, 20.56, 57.20, 1
17:58:32.847 -> 5, 3.28, 0.67, -0.74, -36.79, -9.29, -22.74, 0.30, -1.73, -0.72, -11.83, -15.89, -23.47, -0.00, 0.31, 0.40, -19.33, 15.68, 49.38, 1
17:58:32.847 -> 6, 2.38, 0.67, -2.24, -27.03, 1.94, -14.93, 3.15, -0.98, 0.03, -5.48, -27.12, -29.33, -0.90, 0.46, 2.05, -43.74, 9.33, 24.97, 1
17:58:32.847 -> 7, 1.78, -0.98, -3.29, -46.56, -8.80, 72.48, 5.55, -3.23, 1.98, 112.69, 32.45, 28.78, 1.65, 1.06, 1.60, -96.48, -17.04, 34.74, 1
17:58:32.895 -> 8, 3.28, -2.33, -3.89, -49.49, -4.41, -35.43, 6.90, -4.58, 2.88, 10.63, -7.10, -30.30, -0.30, 0.31, 1.90, -48.63, 16.66, 68.43, 1
17:58:32.895 -> 9, 2.23, -1.43, -6.89, 21.31, 22.45, -51.06, 9.60, -6.68, 3.48, -28.92, -26.63, -13.21, -0.15, -0.89, 1.75, -56.93, 21.54, 38.15, 1
17:58:32.895 -> 10, 2.98, -1.88, -7.19, -51.44, -2.46, -63.27, 8.85, -8.18, 1.23, -55.28, -17.84, -22.98, -0.60, 0.16, 3.55, -77.44, -15.08, 3.49, 1
17:58:32.895 -> 11, 4.03, -1.28, -6.29, -33.37, -5.39, 4.12, 8.40, -5.18, 1.23, -6.46, -17.35, -46.90, 0.15, 1.21, 4.00, -89.16, 0.54, 47.92, 1
17:58:32.943 -> 12, 4.48, -0.38, -5.09, -44.12, -6.36, -7.11, 4.95, -3.08, -2.37, -32.33, -20.77, -29.81, 1.20, 0.76, 2.65, 35.84, 38.63, 170.48, 1
17:58:32.943 -> 13, 2.38, 0.37, -3.14, -65.11, 9.75, -12.49, 3.30, -1.88, -2.07, 5.75, -21.26, -40.56, -0.60, -0.14, 1.00, -57.42, 13.73, 88.45, 1
17:58:32.943 -> 14, 1.78, 0.07, -1.34, -54.86, 4.38, -12.49, 1.95, -0.98, -2.97, 0.38, -32.00, -16.14, 0.75, 1.36, 2.35, -51.07, 5.42, 72.82, 1
17:58:32.943 -> 15, 2.68, 0.97, -1.64, -49.00, 5.84, -18.34, 0.90, -0.83, -2.37, 3.80, -21.26, -36.16, 0.45, 1.81, 1.90, 11.43, 35.70, 118.23, 1
17:58:32.989 -> 16, 3.28, 0.37, -1.94, -48.51, -0.50, -18.34, 0.75, -1.43, -1.47, -14.27, -7.59, -36.16, 1.65, 0.76, 2.35, -28.12, 10.80, 64.03, 1
17:58:32.989 -> 17, 2.23, 0.52, -0.59, -44.60, 6.33, -19.32, 1.35, -0.08, -3.12, -7.92, -32.98, -36.16, 2.40, 2.56, 1.15, -44.23, 5.91, 45.97, 1
17:58:32.989 -> 18, 1.78, 1.72, -0.59, -44.60, 2.92, -10.04, -0.30, -0.38, -1.62, -11.83, -34.93, -29.81, 0.15, 0.46, 1.75, -5.17, 30.33, 79.17, 1
17:58:32.989 -> 19, 2.98, 0.07, -0.59, -33.37, 1.45, -13.95, 0.15, -0.38, -2.07, -16.71, -10.52, -26.40, 1.20, 1.06, 1.15, -16.89, 14.21, 48.90, 1
17:58:32.989 -> 20, 2.68, -0.23, -1.34, -30.44, 9.26, -14.93, 0.75, -0.98, -1.92, -1.57, -22.72, -30.30, 1.95, 1.06, 1.60, -43.26, 15.68, 12.28, 1
17:58:33.037 -> 21, 2.38, -0.08, -2.24, -32.89, 4.87, -4.67, 1.50, -1.43, -1.47, -4.99, -26.63, -38.60, 0.75, 0.76, 1.60, -13.47, 23.49, 34.74, 1
17:58:33.037 -> 22, 2.23, 0.52, -0.89, -48.02, 6.33, -14.44, 1.50, -1.43, -1.47, -11.83, -17.84, -34.21, 0.75, 1.36, 2.35, -9.57, 21.05, 45.48, 1
17:58:33.037 -> 23, 1.93, 0.37, 0.01, -40.21, 9.75, -0.77, -0.90, -0.68, -1.92, -0.60, -15.89, -31.28, 0.15, 0.16, 2.05, -23.24, 7.38, 26.92, 1
17:58:33.037 -> 24, 2.83, 1.12, -1.49, -39.72, -6.36, 0.70, 0.15, -0.83, -0.57, -7.43, -26.14, -43.97, 1.20, 1.36, 1.90, -12.01, 8.35, 25.95, 1
17:58:33.091 -> 25, 1.33, 1.72, -0.14, -43.14, 0.96, -17.86, 1.05, 0.07, -1.02, -3.04, -12.47, -29.81, 1.20, 2.11, 1.15, 7.52, 12.75, 41.57, 1
17:58:33.091 -> 26, 0.73, 0.67, -2.69, -45.58, 7.31, -12.00, -0.15, -0.68, -2.67, 7.22, -20.28, -36.65, 0.60, 0.46, 1.75, -22.26, 8.84, 25.46, 1
17:58:33.091 -> 27, 1.93, 0.37, -0.74, -36.30, -1.48, -12.00, 0.15, -0.08, -1.62, -6.94, -14.91, -28.84, 0.45, 1.06, -0.35, -12.01, 6.40, 32.78, 1
17:58:33.091 -> 28, 1.63, 0.37, -1.49, -52.91, 7.31, -20.30, -0.15, -1.43, -1.47, -8.41, -12.96, -34.70, -0.75, 0.31, 0.40, 0.69, 7.87, 35.71, 1
17:58:33.133 -> 29, 3.28, 0.37, -1.04, -43.63, -0.01, -9.56, 1.05, -1.43, -2.22, 3.31, -15.89, -26.88, 0.60, 0.91, 0.70, -26.17, 15.68, 32.29, 1
17:58:33.133 -> 30, 2.68, 0.97, -1.64, -41.67, -10.27, -17.86, 0.90, -0.38, -1.32, -12.80, -14.91, -31.28, 0.60, 1.66, 1.75, -5.66, 11.77, 17.16, 1
17:58:33.133 -> 31, 1.93, 1.12, -0.29, -27.51, 5.84, -14.44, 1.05, -0.68, -2.22, -9.87, -25.17, -24.44, 0.75, 1.06, 1.15, -5.17, 18.61, 32.29, 1
17:58:33.133 -> 32, 2.38, 1.87, 0.46, -41.67, -10.27, -7.11, -1.20, 0.67, -1.32, -13.29, -30.54, -35.67, 1.80, 1.66, 1.00, -5.17, 13.24, 31.81, 1
17:58:33.180 -> 33, 1.93, 1.12, -0.29, -43.63, -0.01, -14.93, 1.50, 0.82, -1.02, -7.92, -11.49, -38.12, 1.65, 0.76, 1.90, -15.42, 14.21, 18.62, 1
17:58:33.180 -> 34, 2.38, 1.12, -1.49, -54.37, -2.94, -15.42, 1.35, -0.83, -0.57, -10.85, -32.49, -38.60, 0.60, 1.21, 1.75, -9.08, 12.75, 27.90, 1
17:58:33.180 -> 35, 1.78, -0.23, -0.59, -41.67, -2.94, -16.88, 1.65, -0.08, -1.62, -12.80, -25.65, -23.47, 0.15, 0.91, 1.75, -2.24, 10.80, 43.04, 1
17:58:33.180 -> 36, 0.73, 0.67, -0.29, -39.72, -2.46, -17.86, 1.50, -1.43, -0.27, 4.78, -16.87, -32.26, 1.65, 1.36, 1.15, -9.08, 18.12, 36.20, 1
17:58:33.228 -> 37, 1.63, -0.38, -0.29, -34.84, 4.87, -12.97, 0.30, -0.23, -1.02, 1.85, -37.37, -28.35, -0.00, 1.36, 2.95, -30.07, 7.38, 42.06, 1
17:58:33.228 -> 38, 3.43, 0.52, -1.64, -42.16, -6.36, -21.27, 0.45, -0.38, -0.57, -17.69, -20.28, -28.84, 1.05, 0.91, 1.30, -1.26, 20.56, 30.83, 1
17:58:33.228 -> 39, 1.78, 2.02, -0.89, -38.26, 2.43, -12.00, 0.75, -0.98, -0.72, -13.29, -27.12, -29.33, 0.45, 1.06, 0.40, -2.24, 21.05, 26.92, 1
17:58:33.228 -> 40, 1.93, 0.37, -0.74, -41.19, -1.48, -13.46, 0.90, -0.38, -1.62, -14.76, -18.82, -29.33, 1.05, 1.96, 2.05, -3.22, 2.98, 38.64, 1
17:58:33.228 -> 41, 1.93, 1.87, 0.91, -36.79, -0.50, -16.88, 0.45, -0.08, -0.87, -1.08, -16.87, -40.07, 0.45, 1.36, 1.90, 0.20, 5.42, 23.51, 1
17:58:33.275 -> 42, 1.93, -0.08, -0.29, -47.05, -4.41, -17.86, 0.90, -0.08, -3.12, -15.73, -15.89, -34.70, 0.75, 0.31, 1.60, -2.24, 5.91, 35.71, 1
17:58:33.275 -> 43, 0.73, 0.67, -0.29, -46.56, 6.33, -7.60, 0.90, -0.38, -2.07, -20.13, -27.12, -29.81, 1.20, 2.11, 1.60, -8.59, 17.63, 40.11, 1
17:58:33.275 -> 44, 1.18, 0.67, -0.74, -36.79, 0.96, -12.97, 0.90, -0.08, -2.37, -12.31, -16.87, -30.79, 0.60, 0.91, 2.50, -7.12, 17.14, 25.46, 1
17:58:33.275 -> 45, 2.83, -0.38, -1.49, -47.05, -3.92, -16.39, -0.30, -0.08, -2.07, -5.48, -16.87, -44.95, 0.15, 1.66, 0.70, -11.52, 14.21, 28.39, 1
17:58:33.322 -> 46, 1.63, 1.87, -0.29, -40.70, 14.63, -20.30, 1.35, -1.58, -2.07, -9.87, -13.94, -26.88, 0.75, 1.81, 1.00, -26.17, 10.31, 34.25, 1
17:58:33.322 -> 47, 0.13, 0.07, -0.59, -47.05, -4.90, -7.11, 1.05, 0.07, -1.02, -13.78, -29.07, -34.70, 0.45, 0.76, 1.60, -8.10, 14.70, 25.46, 1
17:58:33.322 -> 48, 2.68, 0.07, -0.59, -38.75, -1.48, -24.20, -0.15, -0.68, -1.92, -8.90, -17.84, -20.54, 0.60, 1.96, 1.75, -7.61, 7.38, 23.02, 1
17:58:33.322 -> 49, 1.93, 1.12, 0.01, -45.09, -0.01, -5.65, -0.30, -0.83, -2.37, -3.53, -27.61, -29.81, 1.05, 1.96, 1.30, -15.91, 12.75, 31.32, 1
17:58:33.370 -> 50, 2.38, 0.67, -0.29, -51.44, -4.90, -19.32, 1.65, -1.58, -2.37, -3.04, -18.82, -41.04, 0.60, 1.21, 1.30, -0.78, 3.96, 33.27, 1
17:58:33.370 -> 1, 1.33, -0.98, -0.89, -41.19, -3.92, -10.53, 1.05, 0.07, -1.47, -10.85, -35.91, -37.63, -1.80, 1.21, 0.70, -120.41, 8.84, 96.26, 1
17:58:33.370 -> 2, 2.38, -0.38, 0.01, -41.19, 0.96, -8.58, 0.90, -0.38, -2.07, -4.50, -23.70, -33.72, -0.15, 1.21, 0.70, -98.92, -0.92, 47.43, 1
17:58:33.370 -> 3, 1.78, -0.68, 0.31, -27.03, -2.94, -8.09, 1.05, 0.07, -1.02, -13.29, -13.94, -24.93, -0.00, 1.81, 1.15, -54.49, 12.75, 80.63, 1
17:58:33.370 -> 4, 1.63, 1.12, 0.46, -29.96, -0.50, -20.30, 0.30, 0.82, -0.72, -10.36, -19.31, -43.49, -0.30, 0.76, 1.60, -60.83, -0.92, 54.76, 1
17:58:33.419 -> 5, 1.33, 0.07, -1.34, -38.75, 2.43, -9.56, -0.90, -0.23, 0.03, -5.48, -11.49, -39.09, -1.20, 1.81, -0.35, -57.91, -13.62, 27.41, 1
17:58:33.419 -> 6, 1.18, -0.38, -0.74, -11.40, -7.34, 81.26, -0.75, -1.88, 1.38, 137.10, -33.96, -110.87, 1.80, 0.16, -0.05, -175.09, 0.54, 20.09, 1
17:58:33.419 -> 7, 1.63, -0.38, -0.74, -27.03, 0.47, -39.34, -1.50, -0.08, 4.08, -38.19, -4.17, -14.19, 0.60, 0.46, 0.25, -71.58, 12.75, 99.68, 1
17:58:33.419 -> 8, 1.63, -0.38, -1.04, -17.26, 26.84, -37.39, -0.90, 0.52, 0.78, -25.50, -24.19, -16.14, 0.60, 0.16, 2.50, -47.65, 16.66, 100.17, 1
17:58:33.467 -> 9, 0.73, -0.38, -0.74, -134.45, -46.89, 465.54, -0.90, 1.57, 1.53, 148.82, -38.84, -148.96, -0.60, -0.89, 1.75, -207.32, -18.50, -25.32, 1
17:58:33.467 -> 10, 0.13, 0.07, -1.34, -45.09, -6.85, -8.09, -0.15, 1.27, 0.03, -38.19, -12.96, 18.04, -0.60, 0.91, 1.30, -17.38, 25.93, 82.59, 1
17:58:33.467 -> 11, 0.28, -0.08, -1.49, -31.42, 4.38, -16.39, 1.50, 0.52, 0.03, -3.04, -32.49, -55.69, -1.80, -0.14, 2.05, -124.31, -20.94, -84.89, 1
17:58:33.467 -> 12, 0.13, 0.52, -0.89, -36.30, -3.43, -3.70, 2.25, -0.23, -1.02, -6.94, -26.14, -36.16, -0.60, 0.46, 2.05, -79.88, 14.70, -38.02, 1
17:58:33.514 -> 13, 1.63, 0.37, -1.04, -34.84, 4.38, -21.76, 0.90, -0.08, -2.07, -6.94, -17.35, -22.49, -0.90, 0.16, 1.30, 39.26, 21.54, 93.33, 1
17:58:33.514 -> 14, 2.38, 2.32, -1.04, -39.72, 10.24, -28.60, 1.65, -0.08, -0.87, -2.55, -12.96, -24.93, 1.05, -0.59, 0.70, -33.00, -5.32, 10.32, 1
17:58:33.514 -> 15, 1.78, -0.23, -1.34, -28.49, 4.87, -7.60, 1.35, 0.67, 0.18, -6.46, -18.33, -23.96, 0.45, 0.31, 1.60, -58.88, 13.24, 6.42, 1
17:58:33.514 -> 16, 1.78, 0.97, -2.09, -37.28, -5.39, -7.11, 0.30, -0.68, -1.47, 0.87, -21.26, -30.30, 0.75, 1.06, 1.15, 31.45, 31.30, 90.40, 1
17:58:33.561 -> 17, 2.38, 1.42, -0.74, -26.05, 1.94, -21.76, 1.05, -0.68, -1.02, -7.92, -22.72, -27.37, 1.80, 1.66, 1.30, -20.80, 9.82, 33.27, 1
17:58:33.561 -> 18, 1.93, -0.08, -0.29, -28.49, 12.68, -13.95, 0.75, -0.23, -1.02, 0.87, -25.65, -29.33, 1.05, 1.21, 1.00, -48.63, -2.88, 1.04, 1
17:58:33.561 -> 19, 2.23, 0.52, -0.14, -31.42, -2.94, -17.86, -0.15, -0.23, -1.02, -8.41, -21.26, -22.98, 0.60, 1.96, 2.05, 1.67, 28.86, 64.03, 1
17:58:33.561 -> 20, 1.78, 0.97, -0.59, -23.61, 12.19, -19.81, 2.10, 0.37, -1.32, -1.08, -21.75, -29.33, -0.00, 1.06, 1.15, -0.29, 14.21, 39.62, 1
17:58:33.609 -> 21, 0.73, 0.37, -0.29, -36.79, 6.82, -12.49, 1.95, -0.68, -1.92, 0.87, -20.28, -33.72, 1.20, 0.76, 1.15, -29.58, 11.28, 2.51, 1
17:58:33.609 -> 22, 2.23, -0.23, -0.14, -35.33, -2.46, -14.93, 0.30, 0.52, -0.72, -5.48, -12.47, -29.81, 1.20, 1.81, 1.60, -8.10, 13.73, 35.71, 1
17:58:33.609 -> 23, 2.38, 0.67, -0.29, -38.26, -3.43, -27.13, 0.75, -0.23, -1.47, -7.43, -23.21, -24.93, -0.90, 0.16, 1.30, -3.71, 12.75, 38.64, 1
17:58:33.609 -> 24, 0.73, 0.67, -0.74, -45.58, 1.45, -11.02, -0.75, -1.13, -1.32, -1.57, -20.28, -26.88, 0.45, 1.81, 1.15, -22.26, 22.51, 6.90, 1
17:58:33.657 -> 25, 2.23, 0.07, -1.34, -43.63, 11.22, -6.63, -0.30, -0.38, -2.37, -5.48, -13.45, -28.35, 0.45, 1.06, -0.35, -8.59, 3.96, 23.02, 1
17:58:33.657 -> 26, 1.78, 0.52, -1.34, -34.84, 1.94, -7.11, 0.45, -0.08, -1.32, 2.82, -20.77, -27.86, 1.05, 0.91, 1.75, 7.04, 12.26, 30.34, 1
17:58:33.657 -> 27, 1.33, 0.52, -0.89, -39.23, 3.89, -12.49, -0.60, -0.23, -2.22, -8.90, -15.89, -28.84, 1.05, 2.41, 0.70, -19.82, -8.25, 34.25, 1
17:58:33.657 -> 28, 0.58, 0.52, -1.34, -45.58, -4.90, -12.00, 0.90, -0.38, -1.62, -9.39, -17.35, -23.96, 0.75, 0.76, 1.90, -22.26, 16.17, 13.25, 1
17:58:33.657 -> 29, 2.83, 1.12, -1.49, -34.35, -4.90, -11.02, -0.15, -0.68, -2.22, -5.48, -15.89, -29.81, 1.65, 1.06, 2.35, -12.01, 20.56, 34.25, 1
17:58:33.704 -> 30, 2.83, 0.67, -1.94, -28.98, -0.99, -7.60, 0.75, -1.73, -0.72, -5.48, -5.15, -25.42, -0.30, 1.06, 1.90, -17.87, 7.38, 31.81, 1
17:58:33.704 -> 31, 2.23, 0.52, 0.31, -35.82, 4.38, -18.34, -0.15, -0.23, -1.02, -17.20, -14.42, -20.54, 0.45, 0.76, 1.15, -20.80, 1.52, 28.88, 1
17:58:33.704 -> 32, 1.78, 0.97, -0.89, -35.82, -9.29, -18.34, 0.90, -1.13, -1.62, 0.87, -20.28, -20.05, 0.15, 0.16, 1.00, -4.19, 14.70, 30.34, 1
17:58:33.704 -> 33, 2.23, 1.72, -0.89, -28.98, 0.96, -18.83, 0.90, -0.83, -1.32, -11.83, -22.24, -19.56, 1.05, 1.66, 1.00, -2.73, -1.90, 24.48, 1
17:58:33.752 -> 34, 1.18, 1.42, -0.74, -32.89, -3.92, -6.63, -0.75, 0.37, -1.32, -7.43, -15.89, -20.05, 1.05, 1.66, 2.50, -26.17, 17.14, 26.44, 1
17:58:33.752 -> 35, 1.93, 1.42, -1.04, -37.28, -4.90, -9.56, 0.75, -0.23, -1.47, -6.94, -23.70, -28.84, 1.95, 0.76, 2.35, -17.87, -1.41, 24.48, 1
17:58:33.752 -> 36, 1.78, 2.02, 0.31, -37.28, 8.29, -12.49, 0.30, -0.98, -1.02, -5.48, -6.12, -28.84, -0.15, 0.46, 0.70, -0.29, 13.24, 25.95, 1
17:58:33.752 -> 37, 0.73, 0.37, -1.04, -46.56, 6.33, -17.86, 0.45, 0.37, -0.87, -13.29, -17.35, -35.19, 0.60, 0.91, 1.30, -20.80, 4.94, 23.02, 1
17:58:33.800 -> 38, 1.18, 0.67, -0.74, -39.23, -2.94, -24.69, -0.15, -0.98, -1.92, -0.60, -33.96, -29.81, 1.20, -0.44, 1.15, -26.66, 5.42, 30.83, 1
17:58:33.800 -> 39, 1.63, 1.12, -1.49, -38.26, -7.83, -5.65, 2.55, -0.83, -0.87, -6.94, -18.33, -27.86, 0.15, 1.21, 2.05, -18.35, 15.68, 39.13, 1
17:58:33.800 -> 40, 0.73, 1.12, -0.74, -36.30, -1.48, -10.53, 1.50, -0.98, -0.72, -11.83, -16.87, -29.33, 1.35, 0.91, 2.05, -8.10, 18.12, 17.65, 1
17:58:33.800 -> 41, 0.88, -0.23, 0.31, -35.82, -2.94, -6.63, 0.90, -0.08, -0.57, -8.90, -13.45, -32.26, 1.65, 1.36, 1.60, -7.12, 8.84, 23.51, 1
17:58:33.849 -> 42, 1.18, 0.67, -1.04, -36.30, -10.27, -13.95, 0.45, -0.38, -1.62, -13.78, -28.58, -28.35, 0.45, 0.01, 0.85, -9.57, 5.91, 23.99, 1
17:58:33.849 -> 43, 1.63, -0.08, -0.74, -51.44, -10.27, -19.81, 0.45, 0.67, -0.87, -4.99, -17.84, -24.44, 0.45, 2.11, 0.85, -18.84, 6.40, 32.78, 1
17:58:33.849 -> 44, 2.38, 0.67, 0.01, -30.93, -5.87, -13.95, 0.15, -0.38, -2.07, -9.87, -19.31, -25.91, -0.15, 1.96, 1.30, -12.01, 18.61, 34.25, 1
17:58:33.849 -> 45, 2.83, -0.08, -0.74, -40.21, -3.43, -13.95, 0.90, 0.37, -1.62, -1.57, -12.96, -36.16, 0.75, 0.31, 0.40, -14.94, 22.51, 31.81, 1
17:58:33.849 -> 46, 2.38, 1.12, -1.49, -36.30, 1.45, -15.42, 0.90, -0.08, -1.62, 1.36, -24.19, -39.58, 0.60, 0.46, 1.00, -15.42, 2.01, 30.34, 1
17:58:33.896 -> 47, 2.23, 0.97, -0.14, -32.40, -1.48, -2.23, 0.75, -0.68, -1.92, -1.57, -7.10, -27.86, 1.35, 1.21, 1.75, -14.45, 11.77, 24.97, 1
17:58:33.896 -> 48, 0.58, 0.07, -0.59, -44.60, -1.48, -7.60, 0.90, -0.38, -2.07, -2.55, -20.28, -27.37, -0.15, 0.91, 1.30, -1.75, 13.24, 21.06, 1
17:58:33.896 -> 49, 1.18, 1.87, -0.74, -31.42, 3.89, -25.67, 0.30, 0.07, -1.92, -8.90, -14.42, -31.77, -0.75, 0.31, -0.35, -15.42, 11.28, 32.78, 1
17:58:33.896 -> 50, 1.93, -0.08, -1.04, -30.93, -3.92, -0.28, 1.95, -0.23, -1.47, -15.24, -10.03, -14.68, 1.05, 0.91, 1.30, -10.05, 2.98, 24.97, 1
17:58:33.943 -> 1, 1.33, 0.97, -2.54, -49.49, 13.17, -20.79, 1.50, -0.68, -0.27, 3.80, -31.51, -43.49, 0.45, -1.49, 2.35, 45.12, 14.70, 34.25, 1
17:58:33.943 -> 2, 2.38, -0.08, -2.24, -31.42, -2.94, -19.81, 1.35, 0.37, -2.07, -11.34, -13.45, -26.88, -0.75, -0.44, 0.40, -13.96, 1.03, -1.88, 1
17:58:33.943 -> 3, 2.23, -0.68, -0.89, -45.58, -3.92, -16.88, 2.10, 0.37, -2.37, -15.24, -17.84, -33.23, -0.75, 0.01, 1.60, 1.18, 5.42, 19.11, 1
17:58:33.943 -> 4, 1.78, 0.07, -1.64, -46.07, -0.01, -14.93, 6.15, 0.67, -2.37, 0.87, -14.91, -39.09, -0.60, -0.59, 2.80, -52.05, 104.06, 55.73, 1
17:58:33.990 -> 5, 1.63, -0.38, -1.94, -48.02, -6.85, -60.83, 9.15, 1.57, -2.67, 48.23, -51.53, -77.18, -2.70, -1.19, 4.15, 58.79, 27.40, 27.90, 1
17:58:33.990 -> 6, 3.43, -1.88, -2.09, -40.21, 11.70, -67.66, 13.20, 2.47, -5.67, -83.12, -17.35, -27.86, -0.90, 0.91, 3.25, -17.38, 12.75, -39.97, 1
17:58:33.990 -> 7, 1.63, -1.58, -0.74, -6.03, -21.01, 112.51, 11.40, 1.87, -5.52, 58.97, 7.06, -48.37, 0.60, 0.16, 5.05, -125.29, -14.11, 161.69, 1
17:58:33.990 -> 8, 3.28, -0.83, -1.49, -41.19, -2.46, 5.58, 5.55, -0.23, -4.92, -17.20, -14.91, -28.35, 0.60, 1.66, 4.75, -39.84, 17.14, 147.04, 1
17:58:34.038 -> 9, 3.88, -0.23, -1.64, -42.65, 2.92, -3.70, 3.75, 0.37, -1.62, 0.87, -19.31, -22.49, 1.65, 0.76, 2.95, -187.30, -22.90, -71.22, 1
17:58:34.038 -> 10, 3.88, 0.07, -1.64, -40.21, 6.33, -16.39, 1.50, -2.18, -2.22, -2.55, -21.26, -45.44, 0.45, 1.36, 3.40, -80.85, 12.75, 51.83, 1
17:58:34.038 -> 11, 2.83, 1.42, -1.04, -39.72, -2.94, -8.58, 0.90, -0.83, -2.37, -17.20, -8.56, -18.58, 0.45, 2.11, 2.35, 15.34, 30.82, 119.21, 1
17:58:34.038 -> 12, 0.73, 1.12, -0.74, -47.05, -1.97, -22.25, 0.90, 0.37, -1.62, -0.11, -26.14, -34.21, 0.60, 1.66, 2.05, -99.90, -16.55, -5.30, 1
17:58:34.086 -> 13, 2.98, 0.97, -2.09, -37.77, -5.87, -12.49, 1.50, -0.98, -2.22, -22.57, -18.82, -26.40, 0.15, 1.21, 1.30, -53.02, 10.31, 37.67, 1
17:58:34.086 -> 14, 1.33, 0.97, -0.59, -41.67, -5.87, -26.16, 0.75, 0.82, -2.22, 4.29, -28.10, -40.56, -0.00, 2.56, 1.60, 23.64, 23.00, 96.75, 1
17:58:34.086 -> 15, 2.23, 0.07, -0.59, -47.53, -0.50, -16.39, -0.60, -1.73, -1.92, -6.94, -21.26, -36.16, 0.15, 1.21, 0.70, -35.44, 10.31, 27.90, 1
17:58:34.086 -> 16, 3.73, 0.67, -1.94, -33.86, 12.68, -27.62, -0.90, -0.98, -1.92, -9.39, -17.35, -35.67, -0.00, 1.06, 1.90, -46.67, 0.05, 21.06, 1
17:58:34.086 -> 17, 1.63, -0.08, -0.74, -53.88, 0.47, -16.88, 0.45, -1.13, -2.07, -12.31, -26.14, -15.65, 1.35, 1.96, 2.05, 1.18, 25.93, 75.26, 1
17:58:34.134 -> 18, 3.28, -0.08, -1.49, -40.21, 8.77, -12.00, 1.50, -1.43, -1.47, -18.17, -14.42, -32.26, 2.55, 0.46, 1.75, -15.91, 16.17, 35.22, 1
17:58:34.134 -> 19, 2.38, 1.12, -0.29, -40.70, 2.43, -16.39, 1.05, -0.98, -1.47, -3.04, -25.17, -35.19, 0.60, 0.46, 2.50, -41.30, 0.54, 13.25, 1
17:58:34.134 -> 20, 1.63, 1.12, 0.01, -40.70, -1.48, -13.46, 1.65, -1.58, -2.37, -4.99, -19.79, -27.86, 1.80, 1.21, 0.70, -0.78, 12.75, 51.83, 1
17:58:34.134 -> 21, 1.93, 0.67, -0.29, -41.19, 15.61, -7.11, -0.30, -0.38, -2.82, -4.01, -20.28, -25.42, 1.65, 0.76, 2.95, -5.66, 9.82, 50.36, 1
17:58:34.183 -> 22, 3.73, 1.12, 0.01, -39.23, 5.84, -28.11, 0.45, -0.08, -2.07, -17.69, -25.65, -30.30, -0.00, 1.06, 1.90, -36.42, -0.43, 31.81, 1
17:58:34.183 -> 23, 1.18, 0.67, -0.29, -46.07, 6.82, -16.39, -0.30, -0.08, -2.07, 2.33, -19.31, -24.93, 0.60, 1.21, 1.30, 2.15, 5.91, 33.76, 1
17:58:34.183 -> 24, 2.68, -0.23, 0.31, -38.75, 2.43, -22.25, 0.15, -1.58, -1.62, -4.01, -12.47, -34.70, 1.05, 1.21, 1.75, -22.26, 6.89, 40.11, 1
17:58:34.183 -> 25, 1.78, 1.27, -1.34, -40.21, -6.36, -14.44, -0.30, -0.83, -1.62, -6.94, -20.28, -30.79, 0.75, 1.06, 2.65, -30.56, 5.91, 31.81, 1
17:58:34.229 -> 26, 0.88, 0.52, -0.14, -32.40, -1.97, -18.34, 0.45, -0.83, -2.07, -24.52, -8.08, -29.81, 1.65, 1.36, 0.85, -28.12, 14.70, 27.90, 1
17:58:34.229 -> 27, 2.23, 0.07, -0.89, -44.60, -0.99, -10.04, -0.60, -0.98, -1.02, -13.78, -23.21, -30.79, 1.20, 1.06, 1.60, -1.26, 17.14, 33.27, 1
17:58:34.229 -> 28, 1.78, 2.02, 0.31, -30.93, -0.50, -11.51, 0.45, 0.67, -1.32, -11.83, -16.38, -24.44, 0.75, 1.36, 1.90, -22.26, 17.63, 41.08, 1
17:58:34.229 -> 29, 1.78, 0.52, -1.34, -44.12, 3.89, -6.63, 0.45, -1.13, -1.62, -14.76, -22.72, -32.26, -0.00, 1.36, 1.90, -16.89, 1.52, 22.53, 1
17:58:34.276 -> 30, 3.28, 1.12, 0.01, -24.10, 0.47, -16.88, 0.90, -0.38, -1.32, -11.34, -23.21, -27.86, 0.45, 1.06, 1.15, -10.05, 5.42, 28.88, 1
17:58:34.276 -> 31, 1.93, 0.67, -0.29, -37.77, 5.36, -12.49, -0.30, -0.83, -0.87, -9.39, -8.08, -29.33, 0.45, 1.36, 1.15, -1.26, 15.19, 31.32, 1
17:58:34.276 -> 32, 1.78, 0.97, -0.89, -46.56, -2.94, -12.00, 1.95, -0.23, -1.47, 3.31, -13.94, -23.47, 1.35, 1.21, 1.30, -19.33, 13.73, 21.06, 1
17:58:34.276 -> 33, 1.93, 0.37, -0.74, -47.05, -1.48, -16.88, 0.45, 0.37, -1.32, -2.55, -16.38, -33.23, 1.35, 2.71, 1.00, -17.38, 2.01, 26.92, 1
17:58:34.276 -> 34, 2.23, 1.27, -1.34, -46.56, 0.96, -12.97, 0.45, -0.38, -2.07, -17.20, -16.87, -31.77, 0.15, 1.66, 0.70, -0.29, -1.41, 41.57, 1
17:58:34.323 -> 35, 2.68, 0.97, -0.14, -40.21, 5.36, -23.23, 0.30, -0.23, -1.92, -21.59, -8.08, -25.91, 0.60, 0.91, 1.30, -3.22, 23.98, 31.81, 1
17:58:34.323 -> 36, 1.93, 1.12, -0.74, -26.54, -4.90, -16.88, 1.35, -0.38, -2.07, -13.78, -14.91, -36.16, 0.15, 0.91, 1.75, -16.89, 6.89, 28.88, 1
17:58:34.323 -> 37, 1.93, 1.87, -0.29, -37.28, 9.26, -16.39, 0.75, -0.68, -1.47, -14.27, -12.47, -35.67, 1.05, 1.96, 1.00, -29.10, 7.87, 23.02, 1
17:58:34.323 -> 38, 2.38, 1.12, -1.04, -37.28, -15.64, -7.11, 0.75, -0.23, -0.72, -8.90, -25.65, -36.16, 1.65, 0.76, 1.15, -5.66, 7.87, 25.46, 1
17:58:34.371 -> 39, 1.63, 1.87, -0.74, -40.70, -7.83, -16.39, 0.45, -0.83, -1.32, -10.85, -26.14, -31.28, 0.75, 1.06, 1.15, -6.64, 13.24, 26.44, 1
17:58:34.371 -> 40, 1.63, 0.37, 0.01, -43.63, 6.33, -10.53, 0.30, -0.23, -1.02, -3.53, -20.28, -30.30, 1.05, 0.91, 1.75, -14.45, 20.56, 28.88, 1
17:58:34.371 -> 41, 2.23, 1.27, -1.34, -49.49, -8.80, -20.30, 0.90, -0.38, -1.32, -13.78, -14.42, -24.93, 1.05, 1.21, 1.75, -12.01, 5.42, 36.20, 1
17:58:34.371 -> 42, 2.68, 1.27, -1.34, -49.98, 2.92, -25.18, -0.15, -1.43, -0.72, -16.71, -13.45, -28.35, -0.90, 0.16, 0.70, -2.24, 15.68, 29.37, 1
17:58:34.417 -> 43, 2.23, 0.97, -0.89, -48.51, 9.75, -14.44, 0.15, -0.83, -1.32, -10.85, -13.45, -44.46, 0.45, 1.81, 1.90, -13.47, 5.91, 34.25, 1
17:58:34.417 -> 44, 2.23, 2.02, -1.34, -39.23, -4.41, -12.00, -0.30, -0.38, -1.62, -7.92, -16.38, -30.30, -0.60, 1.21, 1.30, -22.75, 15.68, 29.37, 1
17:58:34.417 -> 45, 1.93, 1.42, -0.29, -36.79, 5.36, -9.07, 0.45, -0.38, -1.32, -4.99, -28.58, -31.28, 1.65, 1.06, 1.60, -8.10, 20.56, 25.95, 1
17:58:34.417 -> 46, 2.68, 1.72, 0.31, -45.09, 3.89, -17.86, 1.95, -0.68, -1.02, -6.46, -20.77, -26.88, 2.40, 0.01, 1.60, -10.05, 9.33, 17.16, 1
17:58:34.464 -> 47, 1.33, 0.52, -1.64, -31.91, -2.46, -4.18, 0.45, -1.13, -0.87, -1.57, -22.24, -23.47, -0.30, 0.76, 1.60, -4.68, 28.37, 41.57, 1
17:58:34.464 -> 48, 1.33, 2.02, -0.89, -32.40, 9.75, -23.23, 0.45, 0.67, -2.37, -4.99, -10.03, -31.28, 0.75, 1.06, 1.90, -5.17, 4.94, 35.22, 1
17:58:34.464 -> 49, 1.33, 2.02, -2.54, -38.75, 9.75, -16.88, 0.90, 0.67, -0.87, -12.80, -28.10, -29.33, 1.20, 0.01, 1.90, -14.94, 6.89, 34.25, 1
17:58:34.464 -> 50, 1.63, 1.42, -0.74, -54.37, -5.87, -20.30, -0.15, -1.43, -1.02, -7.92, -20.28, -22.49, 0.45, 0.76, 1.90, -6.15, 10.80, 36.69, 1
17:58:34.513 -> 1, 1.93, 1.42, -1.04, -35.82, 2.43, -17.86, 1.35, -0.08, -0.87, -3.53, -24.68, -26.88, -0.60, 1.96, 1.00, -160.93, -15.57, 28.39, 1
17:58:34.513 -> 2, 2.68, -0.68, -0.14, -25.07, 8.77, -13.95, -0.15, -0.68, -2.22, -1.57, -27.61, -34.21, -0.60, 2.41, 1.30, -63.76, 1.52, 94.79, 1
17:58:34.513 -> 3, 2.68, 0.07, -0.59, -45.58, 3.40, -14.93, 2.10, -0.08, -2.37, -20.13, -18.82, -29.33, -0.75, 1.36, 2.95, -14.45, 26.42, 120.67, 1
17:58:34.513 -> 4, 1.18, -0.83, -1.49, -32.89, 7.80, -16.39, 3.15, -0.68, -2.67, -2.55, -15.89, -39.58, 0.15, -0.14, 1.75, -84.76, 0.54, 20.58, 1
17:58:34.513 -> 5, 2.83, 1.12, -2.24, -33.86, 9.75, -13.95, 1.35, 0.37, -2.37, -6.94, -11.01, -25.91, 0.15, 0.46, 2.80, -52.05, 10.31, 29.85, 1
17:58:34.559 -> 6, 3.28, -1.28, -2.69, -35.82, -15.15, -18.83, 4.35, 0.52, -2.97, 2.82, -24.68, -35.19, 0.15, -0.14, 4.30, -14.94, 5.42, 88.45, 1
17:58:34.559 -> 7, 2.38, -0.08, -1.04, -62.18, -15.15, -62.29, 3.45, 0.07, -2.67, -105.58, -22.24, -4.42, -0.30, -0.74, 2.95, 91.51, 25.44, 61.10, 1
17:58:34.559 -> 8, 1.78, -0.23, -1.34, -29.96, -4.90, -26.65, 2.70, 1.27, -1.47, -42.59, -18.33, 21.46, -0.75, 0.76, 5.20, 28.03, 0.05, -26.79, 1
17:58:34.559 -> 9, 1.93, -0.83, 0.01, -57.30, 4.87, -22.74, 2.70, 0.82, -1.02, -38.68, -33.47, -31.28, -1.20, 1.06, 5.65, 127.64, 105.03, 115.79, 1
17:58:34.607 -> 10, 1.63, 0.37, -1.04, -49.49, -5.39, 0.21, 3.30, -0.08, -0.57, -61.14, -8.08, 35.62, -2.70, -0.74, 1.90, -166.79, -27.29, -167.41, 1
17:58:34.607 -> 11, 1.63, -0.38, -1.04, -21.66, 9.75, -15.42, 2.55, 0.37, -0.57, 40.91, -36.88, -59.60, -0.15, 1.21, 1.75, -21.28, 11.77, -11.65, 1
17:58:34.607 -> 12, 1.33, 0.52, -1.34, -38.26, 2.43, -18.83, 1.95, 0.82, -0.72, -28.92, -27.12, -7.84, 0.45, 1.36, 0.40, 91.51, 45.95, 146.55, 1
17:58:34.607 -> 13, 0.28, 0.37, -0.74, -43.63, 12.19, -16.39, 0.45, -0.08, -1.32, 6.73, -33.96, -32.26, -0.15, -0.14, 0.70, -115.52, -15.08, -86.36, 1
17:58:34.654 -> 14, 1.63, -0.38, -1.04, -42.65, -5.87, -22.74, 0.75, 0.07, -0.27, -9.39, -17.84, -18.58, 0.75, 0.31, 0.40, -59.37, 7.87, -18.00, 1
17:58:34.654 -> 15, 1.78, 0.52, -0.59, -51.93, -1.48, -16.88, 1.35, -0.83, -0.12, -7.92, -14.91, -25.42, 2.25, -0.14, 1.75, 39.75, 39.60, 107.49, 1
17:58:34.654 -> 16, 1.18, 0.67, -0.29, -32.89, -1.97, -3.70, 1.05, 0.07, -0.72, -18.17, -15.89, -17.61, 1.35, 0.46, 2.50, -82.32, -0.92, -20.44, 1
17:58:34.654 -> 17, 1.33, 1.72, -1.64, -37.28, -0.01, -15.42, 0.90, 0.67, -2.07, -13.78, -11.01, -30.30, -0.15, -0.14, 1.75, -67.67, -3.36, 0.07, 1
17:58:34.702 -> 18, 1.63, 0.67, -0.29, -46.07, -8.32, -18.34, 0.15, -0.83, -0.57, -4.50, -19.79, -20.54, 1.35, 0.46, 0.70, 41.70, 44.98, 84.54, 1
17:58:34.702 -> 19, 2.38, -0.08, -0.29, -28.98, -0.50, -17.86, 1.05, -0.23, -1.47, -10.85, -17.84, -22.49, 1.20, 1.81, 1.15, -40.82, 6.89, 24.97, 1
17:58:34.702 -> 20, 2.68, 0.07, -0.59, -36.30, -6.85, -17.86, 0.90, -0.08, -0.87, 0.87, -24.68, -26.88, -0.00, 0.76, 0.85, -47.65, 6.40, 1.04, 1
17:58:34.702 -> 21, 1.63, -0.08, -0.29, -39.72, 3.89, -9.07, 0.30, 0.07, -1.02, -20.13, -12.47, -26.40, 0.75, 1.36, 1.15, 13.87, 7.38, 55.24, 1
17:58:34.750 -> 22, 2.38, 0.67, -1.04, -32.40, 15.12, -17.37, 0.45, -1.13, -1.32, -4.99, -35.91, -31.77, 1.05, 1.66, 0.70, -0.29, 18.61, 42.06, 1
17:58:34.750 -> 23, 1.78, 0.52, 0.31, -46.07, -9.29, -17.86, 0.30, 0.52, -0.72, -27.94, -26.63, -24.93, 1.35, 1.21, 1.00, -45.21, -4.34, -2.37, 1
17:58:34.750 -> 24, 1.93, -0.08, -0.74, -44.12, -0.01, -15.42, 1.05, -0.98, -1.02, -5.97, -22.24, -15.17, 1.20, 1.81, 1.15, 3.13, 15.19, 45.97, 1
17:58:34.750 -> 25, 2.23, 1.72, -0.59, -32.40, 4.38, -20.79, 0.15, -0.08, -0.57, -2.06, -24.19, -26.88, 1.05, 0.91, 0.70, -2.73, 14.21, 31.81, 1
17:58:34.750 -> 26, 1.63, 0.37, -1.94, -49.49, 4.38, -17.37, 0.90, -0.08, -2.07, -13.78, -10.52, -27.37, 1.65, 0.01, 2.35, -23.24, 2.50, 3.49, 1
17:58:34.799 -> 27, 1.33, 0.52, -0.14, -39.23, 17.08, -22.25, 0.75, -0.23, -1.02, -11.83, -16.38, -26.88, 0.60, -0.59, 1.30, -7.61, 9.33, 24.48, 1
17:58:34.799 -> 28, 2.83, 2.32, -0.29, -33.86, 5.36, -14.93, 0.75, -0.23, -0.72, -10.36, -21.75, -30.79, 0.60, 0.46, 1.00, -9.08, 15.68, 40.11, 1
17:58:34.799 -> 29, 1.18, 1.12, 0.01, -30.44, -2.94, -12.49, 0.75, -0.68, -1.02, -8.41, -11.98, -28.35, -0.60, 0.91, 1.75, -5.17, 15.19, 26.92, 1
17:58:34.799 -> 30, 0.73, 1.42, -0.29, -23.12, -3.43, -0.28, -0.30, -0.38, -0.12, -16.71, -18.33, -33.23, 0.60, 1.21, 1.30, -16.40, 5.91, 28.88, 1
17:58:34.846 -> 31, 1.63, 1.87, -1.04, -39.23, 2.43, -9.07, 0.15, -0.83, -2.07, -12.80, -7.59, -25.91, 0.60, 0.91, 0.70, 3.13, 17.14, 31.32, 1
17:58:34.846 -> 32, 2.68, 0.52, -0.89, -50.95, -0.99, -12.00, 0.45, -0.83, 0.18, -9.87, -21.75, -26.40, 1.20, 1.81, 1.60, -1.26, 6.89, 17.16, 1
17:58:34.846 -> 33, 1.63, -0.83, -0.29, -37.77, 0.47, -11.51, 0.30, -0.68, -1.02, -16.71, -20.77, -25.91, 0.45, 1.81, 1.60, -21.77, 6.89, 23.51, 1
17:58:34.846 -> 34, 1.78, 0.07, -1.64, -39.23, -10.76, -15.42, 1.05, 0.07, -1.92, -1.57, -23.70, -31.28, 0.15, 2.41, 0.25, -9.57, 11.77, 31.32, 1
17:58:34.894 -> 35, 2.23, 1.27, -0.89, -41.67, 2.43, -10.53, -0.30, -0.38, -2.07, -7.43, -16.38, -28.35, 1.05, 0.16, 1.30, -13.47, 2.98, 35.71, 1
17:58:34.894 -> 36, 2.83, 1.12, -1.49, -38.75, 6.33, -30.06, 1.35, 0.37, -0.57, -6.46, -18.82, -36.16, 0.75, 1.06, 1.90, -21.77, 14.21, 15.69, 1
17:58:34.894 -> 37, 1.93, 0.67, 0.01, -49.00, 9.26, -21.76, -0.30, -1.13, -1.32, 6.73, -18.33, -18.58, 0.60, 0.91, 1.00, -17.87, 23.00, 19.60, 1
17:58:34.894 -> 38, 2.83, 0.67, -0.74, -42.65, -3.43, -4.67, 1.35, -0.38, -1.62, -3.53, -25.65, -30.30, -0.15, 0.91, 1.30, -4.68, 8.35, 36.69, 1
17:58:34.941 -> 39, 1.63, 0.67, -0.29, -43.14, 13.66, -10.53, 0.30, -0.68, -1.02, -9.39, -28.58, -32.26, 1.20, 1.36, 1.15, -16.89, 12.75, 30.83, 1
17:58:34.941 -> 40, 0.88, 0.07, -0.14, -30.44, 2.92, -6.14, 0.15, -1.13, -2.07, -25.01, -21.26, -27.37, 0.60, 0.46, 2.05, -12.98, 8.35, 21.55, 1
17:58:34.941 -> 41, 0.88, 0.97, -1.34, -26.05, -6.36, -17.86, -0.15, -0.68, -1.02, -9.87, -22.72, -36.16, 1.05, 1.96, 1.75, 1.18, 10.31, 18.62, 1
17:58:34.941 -> 42, 3.28, 0.37, -0.29, -35.33, 3.40, -11.51, 0.90, -0.83, -1.62, -6.94, -16.38, -14.19, 0.45, 1.81, 1.60, -5.17, -1.90, 31.81, 1
17:58:34.941 -> 43, 1.33, 0.52, -0.14, -35.82, -15.64, -12.97, 1.35, -0.83, -2.37, -14.27, -19.79, -22.49, 0.60, 0.16, 1.00, -11.03, 19.58, 32.29, 1
17:58:34.990 -> 44, 1.18, 1.42, -1.04, -32.89, 0.96, -4.67, 1.35, -1.58, -2.07, 5.26, -20.77, -41.04, 1.20, 0.76, 0.40, -10.05, 12.26, 22.04, 1
17:58:34.990 -> 45, 1.63, 0.67, -0.29, -41.67, 9.75, -11.02, -0.15, 0.82, -1.02, 6.24, -22.72, -21.51, 0.45, 0.76, 1.15, -4.68, 14.70, 27.90, 1
17:58:34.990 -> 46, 1.33, 0.97, -0.59, -42.65, 2.92, -14.44, 0.75, -0.23, -2.67, -7.92, -29.07, -38.60, 1.65, 0.76, 1.00, -5.17, 5.91, 22.53, 1
17:58:34.990 -> 47, 1.93, 1.12, -0.29, -36.79, -3.43, -13.95, -0.30, -0.08, -2.37, -20.62, -23.70, -30.79, 0.15, 1.96, -0.05, -22.75, 15.19, 15.21, 1
17:58:35.036 -> 48, 0.88, 0.52, -0.89, -44.60, 12.68, -3.70, -0.30, 0.37, -1.62, -9.87, -15.40, -25.91, -0.75, 0.31, 1.60, -8.59, 12.26, 27.41, 1
17:58:35.036 -> 49, 0.73, 1.12, -1.04, -38.26, 2.43, -10.53, -0.15, -0.98, -0.72, -10.85, -20.28, -31.28, 1.35, 1.66, 1.75, -8.59, 11.77, 30.34, 1
17:58:35.036 -> 50, 1.33, -0.68, -1.64, -38.75, -5.87, -22.25, 0.30, -0.23, -1.47, -7.43, -19.79, -31.28, 1.35, 0.46, 1.30, -15.91, 10.80, 24.97, 1
17:58:35.036 -> 1, 2.98, 2.02, -1.64, -45.58, 4.87, -17.37, 1.50, -0.68, -1.47, 12.10, -21.75, -44.46, -0.00, -1.19, 1.15, -31.54, 0.05, 34.25, 1
17:58:35.083 -> 2, 1.33, 1.72, -0.89, -33.86, -0.50, -12.49, -0.15, -1.43, -1.92, -22.08, -34.44, -17.12, 2.40, 0.31, 2.35, -20.31, 7.87, 45.48, 1
17:58:35.083 -> 3, 2.23, 1.27, -2.09, -49.49, 10.73, -23.23, -0.15, -1.73, -1.47, -21.59, -27.12, -42.02, 0.60, -0.14, 2.05, -5.17, 11.28, 44.01, 1
17:58:35.083 -> 4, 2.23, 1.27, -0.59, -36.30, 0.47, -17.37, -0.15, -0.68, -0.72, -4.99, -15.40, -51.30, -0.00, -0.44, 0.10, -10.05, 6.40, 31.32, 1
17:58:35.083 -> 5, 1.33, 2.02, -0.59, -51.93, -2.46, -2.72, 2.10, -1.88, -0.12, -12.31, -22.72, -15.17, -0.30, 0.76, 2.35, -25.68, 13.24, 42.55, 1
17:58:35.131 -> 6, 3.43, 1.72, -2.54, -134.45, -32.24, 171.60, 0.90, -0.83, -0.57, 192.76, -40.30, -96.71, -0.00, -0.74, 1.90, -88.18, 6.40, 26.44, 1
17:58:35.131 -> 7, 1.63, 2.32, -3.14, -40.21, 7.80, 17.30, 1.05, -0.98, -0.27, -38.19, -15.89, 11.69, 0.45, 0.76, 1.60, -11.03, 33.26, 61.10, 1
17:58:35.131 -> 8, 2.23, 2.47, -2.54, -16.28, 16.59, -43.74, 1.65, -0.38, -0.12, -48.45, -31.51, -14.19, 0.15, 0.16, 2.05, -4.19, 0.54, 31.32, 1
17:58:35.131 -> 9, 2.98, 2.92, -2.54, -28.00, -2.46, 117.40, 2.85, -1.58, -2.07, -15.24, -16.38, -25.91, -0.00, 0.76, 3.70, -93.55, 13.24, 89.42, 1
17:58:35.131 -> 10, 1.78, 0.97, -1.34, -42.65, -11.73, -6.63, 0.90, -0.83, -0.57, 23.82, -31.51, -49.83, -0.15, 1.96, 2.05, -42.77, 17.14, 94.31, 1
17:58:35.179 -> 11, 1.63, 1.87, -1.04, -44.60, -4.41, -11.51, 0.75, -1.43, -1.92, -9.87, -16.87, -24.93, 0.75, 0.76, 2.65, -28.12, 5.91, 94.31, 1
17:58:35.179 -> 12, 1.93, 0.67, -1.04, -49.00, 2.43, -23.72, 0.75, -0.23, -2.22, -19.64, -29.07, -30.30, 1.20, 1.36, 2.65, -48.14, 14.21, 68.92, 1
17:58:35.179 -> 13, 2.98, 1.27, -0.89, -50.95, -0.50, -8.09, 0.45, -1.13, -0.87, -11.83, -14.42, -40.07, 1.20, 2.11, 2.65, -43.26, 10.80, 73.80, 1
17:58:35.179 -> 14, 2.68, 0.52, -1.34, -43.14, 16.10, -16.39, 1.65, -1.58, -1.32, -17.69, -7.10, -31.77, 0.60, 1.21, 2.05, -11.52, 19.10, 66.47, 1
17:58:35.227 -> 15, 2.38, 0.67, -0.74, -49.00, -0.50, -17.37, 0.90, -0.38, -2.37, -7.43, -24.19, -28.35, 1.35, 0.91, 1.00, -43.26, 7.38, 51.34, 1
17:58:35.227 -> 16, 1.33, 0.52, -1.34, -38.75, 13.66, -4.18, 0.90, -1.13, -1.62, -12.80, -16.87, -29.33, -0.00, 1.06, 1.15, -31.05, 14.21, 44.99, 1
17:58:35.227 -> 17, 2.83, 1.12, -1.04, -44.12, -15.15, -18.34, 0.30, -0.23, -1.92, -5.48, -23.70, -47.88, -0.00, 0.76, 2.35, -18.35, 12.75, 53.29, 1
17:58:35.227 -> 18, 1.63, 1.12, -1.04, -33.37, 6.82, -13.95, -0.15, -0.23, -2.22, -8.41, -16.38, -27.86, 0.15, 1.21, 2.05, -18.84, 19.10, 59.15, 1
17:58:35.276 -> 19, 2.83, 0.37, -0.29, -45.09, 11.22, -13.46, 1.65, -1.13, -2.07, -6.94, -25.65, -37.14, 1.35, 1.96, 1.75, -32.03, 10.80, 27.90, 1
17:58:35.276 -> 20, 2.23, -0.68, -0.14, -31.91, -6.36, -16.39, 1.05, -0.23, -2.22, -1.08, -25.17, -35.19, 0.15, 1.21, 1.30, -29.10, 15.68, 30.83, 1
17:58:35.276 -> 21, 3.28, 1.12, -0.29, -44.12, -3.43, -13.95, 0.15, -0.83, -1.32, -0.11, -12.96, -39.09, 0.15, 1.66, 1.75, -23.73, 19.58, 39.62, 1
17:58:35.276 -> 22, 2.38, 1.12, -0.74, -42.16, -15.64, -9.07, -0.15, -0.68, -2.22, -0.60, -25.17, -32.26, 0.15, 1.21, 0.70, -14.45, 13.24, 35.71, 1
17:58:35.323 -> 23, 1.93, 0.37, -0.29, -37.28, -0.01, -9.07, -0.15, 0.07, -1.92, -14.27, -21.75, -34.70, -0.60, 1.21, 1.00, -24.21, 2.50, 35.71, 1
17:58:35.323 -> 24, 1.63, 1.12, -1.49, -44.60, -2.46, -9.07, 0.90, -0.83, -1.62, -8.90, -24.19, -27.86, -0.15, 2.41, 2.05, -21.28, 9.33, 37.67, 1
17:58:35.323 -> 25, 2.38, -0.08, -0.29, -44.12, -6.36, -7.11, 0.75, -0.68, -1.92, -11.34, -30.05, -36.16, 1.20, 1.81, 2.35, -13.47, 16.17, 42.06, 1
17:58:35.323 -> 26, 3.88, 1.72, -0.14, -48.02, 11.22, -18.34, 0.15, -0.38, -2.82, -6.94, -35.91, -35.67, -0.60, 0.91, 2.50, -10.54, 18.12, 33.76, 1
17:58:35.370 -> 27, 2.68, 1.27, -0.59, -45.58, 2.92, -10.53, 1.35, 0.37, -2.07, -15.73, -24.68, -31.28, -0.00, 0.76, 1.60, -9.57, 11.77, 37.18, 1
17:58:35.370 -> 28, 1.78, 0.07, -0.89, -49.49, -4.41, -13.95, 0.45, -1.13, -1.32, -2.55, -23.70, -27.86, -0.30, 1.06, 1.15, -13.96, 20.07, 26.44, 1
17:58:35.370 -> 29, 2.98, 0.97, -2.09, -45.09, 5.36, -12.97, 0.45, -0.08, -1.62, -11.83, -21.26, -37.14, 1.05, 0.16, 1.75, -17.38, 11.28, 34.74, 1
17:58:35.370 -> 30, 1.93, -0.83, -1.04, -49.00, 14.15, -1.26, -0.60, -0.68, -2.67, -9.87, -30.05, -38.12, 0.60, 0.91, 1.30, -11.52, 6.40, 29.85, 1
17:58:35.418 -> 31, 0.28, 0.37, -0.74, -31.91, 6.33, -10.53, 1.65, -0.38, -2.37, -11.34, -8.08, -41.04, 1.80, 1.21, 0.70, -12.49, 15.19, 44.99, 1
17:58:35.418 -> 32, 1.63, 0.37, -1.04, -39.72, 9.75, -12.49, 1.05, -0.23, -2.22, -4.01, -29.07, -38.60, 0.75, 1.36, 1.60, -20.31, 20.56, 36.20, 1
17:58:35.418 -> 33, 2.23, 1.27, -0.89, -42.65, 3.40, -16.39, 1.65, -0.83, -2.82, -11.34, -25.65, -39.58, 0.75, 0.76, 1.90, -0.78, 2.50, 38.64, 1
17:58:35.418 -> 34, 1.78, 0.97, -1.34, -49.49, -12.22, -14.93, 1.50, -0.23, -1.02, -11.34, -34.44, -32.74, 1.05, 0.91, 1.75, 1.67, 16.17, 23.51, 1
17:58:35.418 -> 35, 2.38, 2.32, -0.74, -46.56, -1.97, -22.74, 0.45, -1.13, -2.82, 2.33, -25.17, -47.39, 1.80, 1.21, 2.05, -28.12, 17.14, 31.81, 1
17:58:35.466 -> 36, 1.33, 0.97, -1.64, -36.30, 0.96, -13.95, -0.15, -0.68, -2.22, -9.39, -22.72, -43.97, -0.00, 1.06, 0.85, -10.54, 6.89, 25.95, 1
17:58:35.466 -> 37, 0.28, 0.67, -0.29, -47.53, -6.85, -7.60, 0.75, -0.68, -2.97, -15.73, -22.72, -35.19, -0.00, 1.36, 2.35, -4.68, 5.91, 33.76, 1
17:58:35.466 -> 38, 2.23, 0.97, 0.31, -48.02, 1.45, -14.93, 1.50, -0.23, -1.92, -8.90, -18.33, -43.97, 1.35, 1.21, 2.50, -12.01, 25.93, 45.97, 1
17:58:35.466 -> 39, 1.18, 1.12, -0.74, -35.82, 4.38, -20.30, -0.15, -1.73, -1.47, -16.22, -29.07, -40.07, 1.35, 0.91, 1.00, -7.12, 17.14, 21.55, 1
17:58:35.514 -> 40, 1.33, 0.97, -0.89, -42.16, 8.77, -15.42, -0.60, -0.98, -0.72, -4.99, -24.68, -34.70, 0.15, 2.71, 2.05, -11.52, 16.17, 35.71, 1
17:58:35.514 -> 41, 1.33, 0.52, -0.89, -46.56, 5.36, -22.25, 0.45, -0.38, -2.37, -33.31, -23.70, -36.16, 0.60, 0.46, 2.50, -9.08, -1.90, 32.78, 1
17:58:35.514 -> 42, 1.63, 1.42, -1.49, -40.21, -5.87, -17.37, 1.35, -1.13, -2.37, -7.43, -24.19, -30.30, -0.15, 0.46, 2.80, -4.19, 16.17, 36.20, 1
17:58:35.514 -> 43, 1.63, 0.37, -0.74, -52.91, 1.45, -12.00, 1.05, 0.07, -1.47, -12.31, -30.05, -32.74, 1.65, 1.81, 1.60, -5.66, 12.75, 38.15, 1
17:58:35.562 -> 44, 1.18, 1.12, -0.29, -52.91, 6.33, -18.83, 0.90, -0.83, -1.62, -12.31, -28.10, -31.77, 2.25, 1.66, 1.75, -15.42, 8.84, 35.22, 1
17:58:35.562 -> 45, 2.68, 1.72, -0.14, -44.12, -0.99, -11.02, 1.35, -0.38, -2.37, -10.36, -30.54, -31.28, 0.60, 1.21, 2.50, 0.20, 2.01, 37.18, 1
17:58:35.562 -> 46, 1.93, 1.12, -0.29, -50.95, 12.68, -12.00, 1.05, 0.07, -2.22, 3.31, -17.35, -44.46, 1.05, 0.91, 1.30, -9.08, 17.63, 24.48, 1
17:58:35.562 -> 47, 3.28, 1.42, -0.29, -42.65, 15.12, -12.49, 1.65, -0.08, -0.87, -13.78, -24.68, -34.70, 0.15, 0.91, 2.05, -7.12, 19.10, 44.50, 1
17:58:35.610 -> 48, 1.93, 0.67, 0.01, -39.23, 16.10, -0.77, 0.45, -0.83, -0.87, -7.92, -23.21, -21.51, 1.20, 1.06, 2.35, -20.80, 8.84, 38.64, 1
17:58:35.610 -> 49, 1.93, 1.12, -2.24, -36.30, 9.26, -18.34, 0.15, -0.83, -2.82, -2.55, -18.33, -36.65, 0.60, 0.91, 2.80, -10.05, 14.21, 26.92, 1
17:58:35.610 -> 50, 2.23, 1.27, -0.14, -44.60, 2.92, -30.55, 0.75, -1.43, -2.22, 2.82, -10.52, -26.88, -0.30, 1.81, 1.90, -4.19, 23.98, 26.92, 1
17:58:35.610 -> 1, 3.73, -0.38, -0.74, -55.83, -3.43, -21.76, 0.75, -0.23, -2.97, -24.03, -11.01, -24.44, -0.00, 1.36, 0.85, -132.12, -7.27, 79.17, 1
17:58:35.610 -> 2, 2.68, 0.07, 0.31, -41.67, 6.82, -16.39, 0.90, -0.08, -2.82, 5.26, -28.10, -58.62, -1.50, 1.36, 3.40, -81.83, 5.42, 78.68, 1
17:58:35.657 -> 3, 2.98, 0.07, -0.59, -37.28, -0.01, -12.49, 1.95, 0.52, -1.92, -14.27, -18.33, -25.91, -1.50, 2.11, 2.95, -33.98, 8.84, 99.19, 1
17:58:35.657 -> 4, 4.33, -0.23, -2.09, -58.28, -0.50, -17.86, 1.50, -2.18, -3.72, -2.55, -15.40, -36.65, 0.60, 1.21, 2.05, -72.07, -4.34, 50.85, 1
17:58:35.657 -> 5, 3.73, 0.37, -2.24, -45.09, -0.99, -13.95, 3.45, -0.98, -2.22, -17.69, -29.07, -35.67, -0.15, 1.21, 4.00, -76.95, -2.88, 41.57, 1
17:58:35.657 -> 6, 3.88, -0.68, -2.09, -43.14, -3.92, -12.49, 3.30, -0.08, -3.12, -11.83, -19.31, -39.09, -0.15, -0.14, 3.55, -32.51, 2.50, 66.96, 1
17:58:35.706 -> 7, 2.38, 1.12, -3.14, -42.65, 5.36, -12.00, 3.75, 1.12, -2.82, -67.98, -37.86, -58.13, -0.75, -1.19, 2.65, -55.46, -4.34, -75.13, 1
17:58:35.706 -> 8, 2.68, -0.68, -1.34, -42.65, 18.54, -38.36, 3.15, 2.47, -1.02, -22.08, -20.77, -14.68, 0.45, -1.19, 2.95, -68.16, -14.11, -42.90, 1
17:58:35.706 -> 9, 1.93, -0.08, -3.44, -40.70, 17.56, -114.54, 3.45, 1.57, -0.72, -33.31, -66.67, -44.46, -0.60, -1.34, 4.75, 46.10, 23.98, 80.63, 1
17:58:35.706 -> 10, 2.68, -0.68, -2.09, -62.18, -7.34, 8.02, 2.70, 1.57, -0.72, 42.86, -24.68, -88.41, -2.40, -0.74, 0.85, -263.96, -49.75, -98.08, 1
17:58:35.755 -> 11, 0.58, -0.98, -2.09, -31.42, 6.33, -29.09, 3.45, 0.52, 0.03, -29.89, -4.17, -12.24, -1.35, 0.46, 2.80, -87.69, -3.85, 80.15, 1
17:58:35.755 -> 12, -0.32, -0.98, -1.34, -55.83, -0.01, -18.83, 1.65, 1.12, -0.87, 12.59, -20.28, -38.60, -0.15, -0.89, 1.00, 32.43, 44.49, 178.78, 1
17:58:35.755 -> 13, 1.63, -0.08, -1.94, -41.19, -3.92, -21.27, 1.50, 0.07, -1.92, -7.43, -24.68, -20.05, -0.15, 0.91, -0.50, -169.72, -20.94, -40.95, 1
17:58:35.755 -> 14, 1.78, 1.27, -1.34, -47.05, -3.92, -12.49, 0.45, -0.38, -0.57, -8.41, -12.47, -22.49, -0.60, 1.21, 1.75, -71.09, 6.89, 47.43, 1
17:58:35.801 -> 15, 0.58, 0.07, -0.89, -39.23, 4.38, -11.51, 0.30, -0.23, -1.47, -14.27, -15.89, -37.63, -0.30, 0.01, 0.40, 38.77, 31.30, 144.11, 1
17:58:35.801 -> 16, 1.33, 0.07, -0.59, -37.28, 4.87, -14.44, 0.75, -0.68, -0.27, -8.41, -14.91, -22.49, 0.60, -0.59, -0.05, -88.18, 0.05, -1.40, 1
17:58:35.801 -> 17, 0.73, 0.67, -1.49, -36.30, 15.12, -9.07, 0.15, -0.08, -1.62, -13.29, -17.84, -36.65, 1.05, 1.66, 1.00, -60.83, 1.03, 28.39, 1
17:58:35.801 -> 18, 1.93, 1.42, -1.04, -32.89, -5.39, -22.74, 0.90, -0.38, -1.32, -4.99, -24.68, -40.56, 0.15, 0.46, 2.50, 25.10, 24.47, 100.65, 1
17:58:35.801 -> 19, 1.78, 0.97, -0.59, -49.49, -4.90, -15.90, 0.75, -0.23, -0.72, -6.46, -18.82, -25.91, -0.30, 1.36, 1.15, -42.77, -2.88, 25.95, 1
17:58:35.848 -> 20, 2.68, 0.52, -0.59, -38.26, 6.82, -22.25, 1.05, 0.07, -1.47, -12.80, -13.94, -28.35, 1.35, 0.16, 1.30, -54.98, 7.38, 8.37, 1
17:58:35.848 -> 21, 1.18, 0.37, -0.29, -34.84, -10.27, -6.63, 1.05, -0.68, -0.72, -3.53, -20.77, -42.02, 0.15, 0.46, 1.30, 2.64, 14.21, 68.43, 1
17:58:35.848 -> 22, 0.88, 0.97, -1.64, -36.30, 22.45, -14.44, -0.15, -0.23, -1.92, -2.55, -33.47, -30.30, 1.65, 0.31, 0.40, -28.12, 9.33, 41.57, 1
17:58:35.848 -> 23, 2.38, 0.67, 0.01, -31.91, 0.96, -15.42, 1.65, 0.37, -1.32, -7.92, -16.87, -36.16, -0.00, 0.76, 2.35, -37.40, 11.28, 12.28, 1
17:58:35.895 -> 24, 2.23, 0.97, 0.31, -44.60, -1.97, -9.07, 1.35, -0.83, -0.87, -0.60, -20.77, -38.12, 1.35, 1.96, 2.50, -9.57, 18.12, 45.97, 1
17:58:35.895 -> 25, 1.33, -0.68, -0.89, -36.79, 1.45, -15.90, 0.75, -1.43, -0.27, -10.85, -32.98, -36.65, -0.30, 1.36, 0.85, -1.75, 11.28, 45.97, 1
17:58:35.895 -> 26, 1.63, 0.37, 0.01, -45.58, 17.08, -3.21, 0.45, -0.38, -2.07, -9.39, -22.72, -26.40, 1.35, 1.96, 1.30, -33.00, 13.24, 17.65, 1
17:58:35.895 -> 27, 2.38, -0.08, -0.29, -36.30, 1.45, -13.95, 1.35, -0.08, -0.87, -2.06, -25.17, -35.19, 1.95, 1.36, 1.60, -8.10, 10.31, 35.71, 1
17:58:35.942 -> 28, 2.23, 1.27, -0.59, -49.98, 0.96, -16.88, 0.90, -0.38, -1.32, -1.57, -34.93, -19.07, 1.05, 0.91, 2.80, -1.75, 9.33, 40.11, 1
17:58:35.942 -> 29, 2.23, 2.02, -0.59, -40.21, 10.73, -16.39, 0.30, -0.68, -1.02, -5.48, -15.89, -41.53, -0.00, 1.06, 1.90, -19.33, 23.49, 25.46, 1
17:58:35.942 -> 30, 1.93, 1.42, -1.49, -53.88, -3.43, -8.58, 0.30, 0.52, -2.67, -7.92, -25.65, -50.81, 0.60, 1.96, -0.05, -21.28, 4.45, 28.88, 1
17:58:35.942 -> 31, 1.63, 1.42, -0.29, -36.30, 5.36, -11.02, 1.05, -0.68, -2.22, -10.85, -26.63, -28.35, 0.75, 1.81, 1.90, 2.64, 25.44, 37.67, 1
17:58:35.991 -> 32, 2.83, 0.67, -0.74, -49.49, 1.45, -14.44, -0.15, -0.68, -0.72, -5.48, -23.21, -41.53, 0.45, 1.36, 1.60, -17.38, 24.47, 28.39, 1
17:58:35.991 -> 33, 0.28, 1.12, -1.49, -36.30, 18.54, -13.95, -0.15, 0.82, -1.47, -10.85, -20.77, -27.86, -0.30, 0.31, 1.90, -27.63, 8.35, 20.09, 1
17:58:35.991 -> 34, 1.93, 1.12, -1.49, -29.47, 5.84, -3.70, 0.15, -0.38, -1.32, -13.78, -26.63, -26.40, 0.15, 0.46, 1.75, -0.78, 22.51, 28.88, 1
17:58:35.991 -> 35, 2.38, 1.87, -0.74, -30.93, 0.96, -22.74, 0.75, 0.52, -1.92, -5.48, -25.65, -38.60, 0.75, 1.81, 1.15, -18.35, 7.87, 35.71, 1
17:58:36.036 -> 36, 1.78, 0.07, -1.34, -30.93, 4.38, -9.56, 0.75, -0.23, -1.02, -7.43, -30.54, -34.21, -0.00, 1.06, 1.15, -19.33, 18.12, 15.21, 1
17:58:36.036 -> 37, 1.18, 1.42, -1.49, -45.58, -8.32, -19.32, 0.75, 0.07, -1.92, 1.85, -20.77, -31.77, -0.60, 0.46, 1.30, -14.94, 12.75, 29.85, 1
17:58:36.036 -> 38, 1.78, 0.97, 0.61, -38.26, -3.43, -15.90, 0.45, -0.38, -1.32, 0.87, -19.31, -36.16, 1.95, 1.06, 1.15, -15.42, 7.87, 24.48, 1
17:58:36.036 -> 39, 2.38, 0.67, -0.74, -28.49, 10.73, -14.93, -0.15, -0.23, -0.72, 2.33, -24.68, -45.93, 0.45, 2.11, 1.90, -5.17, 7.38, 25.95, 1
17:58:36.084 -> 40, 2.98, 0.97, -1.64, -37.28, 2.43, -19.81, 0.30, -0.68, -1.47, -9.39, -20.77, -27.37, -0.75, 0.76, 1.15, -7.61, 5.91, 21.55, 1
17:58:36.084 -> 41, 0.73, -0.08, -0.74, -41.19, 0.96, -10.04, 1.65, -1.58, -1.62, -4.01, -18.82, -26.40, 0.60, 0.46, 1.30, -18.84, 22.03, 29.37, 1
17:58:36.084 -> 42, 2.23, 0.52, -1.34, -36.79, -8.32, -11.02, 0.90, -0.83, -2.07, -9.39, -16.87, -32.26, -0.00, 1.36, 0.10, -2.73, 15.19, 30.34, 1
17:58:36.084 -> 43, 3.28, -0.08, -0.74, -42.16, 2.43, -19.32, 1.05, -0.68, -0.27, -2.55, -12.96, -30.79, 0.45, 1.06, 0.40, -8.59, 12.75, 28.88, 1
17:58:36.084 -> 44, 1.33, 0.52, -0.89, -38.26, 3.89, -18.34, 0.75, -0.68, -0.72, -19.64, -16.38, -28.84, 1.20, 1.81, -0.35, -17.38, 13.73, 26.44, 1
17:58:36.133 -> 45, 2.38, 1.12, 0.01, -38.26, -0.99, -10.53, 0.45, -0.08, -1.32, -3.04, -14.42, -30.79, 0.75, 2.56, 2.35, -3.71, 13.24, 35.22, 1
17:58:36.133 -> 46, 2.23, 0.97, -0.89, -46.07, 12.19, -11.02, 0.90, -0.83, -0.87, -19.15, -20.28, -23.96, -0.30, 1.36, 2.35, -14.94, 19.58, 14.72, 1
17:58:36.133 -> 47, 1.63, 0.67, 0.01, -45.09, 2.92, -14.44, 0.45, -1.13, -0.57, -10.36, -24.19, -26.40, 1.65, 1.36, 1.90, -5.66, 12.75, 17.65, 1
17:58:36.133 -> 48, 1.18, -0.08, -1.04, -34.84, 10.73, -11.02, 1.05, -0.68, -1.92, -22.08, -23.21, -38.60, 1.20, 1.06, 1.60, -16.89, 20.56, 14.23, 1
17:58:36.180 -> 49, 1.33, 0.97, -1.34, -48.02, 1.45, -10.53, 0.30, -0.68, -2.22, -3.04, -27.61, -32.74, 0.75, 0.76, 1.60, -9.08, 26.42, 27.41, 1
17:58:36.180 -> 50, 1.93, 0.37, -0.74, -39.72, 6.82, -18.34, 1.05, -0.98, -1.92, -1.57, -32.49, -38.12, 0.60, 1.66, 2.05, -28.61, 12.75, 22.53, 1
17:58:36.180 -> 1, 2.83, -0.08, -1.94, -46.56, 7.31, -12.00, 1.65, -1.13, -1.32, -6.94, -20.28, -39.09, 1.20, 1.06, 0.85, 42.68, 26.42, 74.29, 1
17:58:36.180 -> 2, 1.93, -0.38, -1.94, -34.35, 4.38, -23.23, 1.95, -0.68, -1.92, -1.08, -24.19, -37.14, -0.75, -0.74, 1.60, -106.73, -15.57, -75.13, 1
17:58:36.228 -> 3, 0.58, 0.52, -1.34, -39.72, -4.41, -18.83, 2.10, -0.83, -1.32, -6.46, -19.31, -40.07, 0.45, -0.44, 1.60, 34.38, 17.14, 77.22, 1
17:58:36.228 -> 4, 0.73, -1.58, -2.24, -49.98, -2.46, -12.97, 2.10, -1.58, -0.57, -2.06, -25.17, -35.19, -1.35, -0.14, 2.05, 36.33, 20.56, 83.08, 1
17:58:36.228 -> 5, 2.38, 0.37, -1.49, -36.79, -11.73, -9.07, 1.65, -0.08, -0.87, -9.39, -11.01, -22.49, -0.75, 0.01, 1.60, -64.74, 4.94, -18.00, 1
17:58:36.228 -> 6, 1.18, 0.67, -2.24, -57.79, 2.43, -8.09, 2.25, 0.82, -0.27, 5.75, -18.33, -36.16, 2.25, 0.16, 1.00, -4.68, 21.05, 48.41, 1
17:58:36.275 -> 7, 1.78, -0.98, -1.34, -65.60, -3.43, 2.65, 4.50, 1.87, -0.12, 35.05, -24.68, -67.90, -0.75, -1.49, 2.35, 2.64, 44.98, 65.50, 1
17:58:36.275 -> 8, 1.78, -0.98, -1.34, 0.32, 3.89, -47.64, 10.20, 2.17, -0.12, 16.98, -58.37, -58.62, 0.60, -0.14, 2.80, 130.08, 65.00, 154.37, 1
17:58:36.275 -> 9, 1.33, 0.07, -2.09, -45.58, 27.33, -61.80, 12.60, 1.87, -1.62, -81.65, -29.56, -6.87, -0.60, 0.91, 2.80, -18.84, 25.93, -11.16, 1
17:58:36.275 -> 10, 2.83, -2.03, -1.94, -58.76, -83.02, 428.43, 9.45, 0.37, -3.12, 140.52, -34.93, -114.78, -0.00, 0.31, 4.15, -97.46, 80.13, 157.78, 1
17:58:36.322 -> 11, 1.78, -0.98, -2.84, -39.23, 5.36, -0.77, 6.75, -0.98, -3.72, -17.20, -14.91, -43.00, -0.00, 0.31, 4.45, -31.54, 26.42, 136.30, 1
17:58:36.322 -> 12, 4.33, -0.23, -2.09, -50.95, -5.39, -11.02, 3.90, -1.43, -2.22, -10.85, -5.63, -27.37, -1.20, 0.31, 1.60, -171.67, -16.06, -73.66, 1
17:58:36.322 -> 13, 2.98, 0.07, -2.09, -34.84, 3.40, -0.28, 1.50, -1.73, -2.22, 9.17, -31.03, -43.97, 0.60, 1.66, 2.50, -33.00, 1.52, 40.60, 1
17:58:36.322 -> 14, 1.78, 0.07, -1.34, -55.35, 12.68, -15.90, 0.90, -1.13, -2.37, -26.47, -23.70, -27.86, 1.65, 0.31, 3.40, 30.47, 40.58, 101.14, 1
17:58:36.322 -> 15, 2.68, -0.23, -0.59, -40.21, -3.92, -14.44, 0.15, -0.08, -2.37, -18.66, -27.61, -37.63, -0.15, 0.16, 1.00, -67.67, 1.03, -3.84, 1
17:58:36.369 -> 16, 1.93, 0.67, -1.49, -45.09, 5.36, -11.02, 1.50, -0.68, -2.67, -20.62, -17.84, -26.88, 1.35, 1.21, 2.05, -47.16, 18.12, 16.18, 1
17:58:36.369 -> 17, 2.83, 1.42, -0.74, -38.75, -3.43, -16.39, 2.25, -0.68, -2.22, -13.78, -23.70, -40.56, 0.75, 1.36, 1.60, 19.24, 28.86, 75.75, 1
17:58:36.369 -> 18, 2.83, 0.37, -0.29, -34.84, -2.46, -18.34, 1.05, -0.98, -2.22, -11.83, -27.61, -40.56, 0.75, 0.76, 1.60, -30.56, -0.92, 27.41, 1
17:58:36.369 -> 19, 2.23, 0.97, -1.34, -59.74, -9.78, -20.30, 0.45, -0.38, -2.82, -28.92, -32.00, -28.35, 1.65, 1.36, 0.40, -39.84, 1.03, 21.55, 1
17:58:36.417 -> 20, 2.68, 0.07, -0.14, -47.53, -3.43, -19.32, 0.30, -0.98, -1.02, -2.55, -24.68, -29.81, 1.65, 1.36, 2.65, 7.52, 36.19, 64.03, 1
17:58:36.417 -> 21, 1.93, 0.67, -1.04, -49.00, 8.29, -13.95, 0.75, -0.23, -1.92, -9.87, -13.45, -41.04, 0.75, 0.76, 2.65, -5.17, 19.58, 44.99, 1
17:58:36.417 -> 22, 2.83, 0.37, -0.74, -46.07, -2.94, -19.81, 1.35, -0.38, -1.62, -14.76, -24.68, -29.81, 0.75, 0.76, 1.60, -36.91, -5.32, 33.76, 1
17:58:36.417 -> 23, 1.78, 1.27, -0.59, -27.51, -2.94, -16.39, 0.75, 0.07, -1.02, -11.34, -13.45, -33.23, 1.65, 2.11, 1.60, -7.61, 18.61, 41.08, 1
17:58:36.464 -> 24, 1.18, 0.67, -1.49, -43.14, -3.43, -10.53, 1.05, -0.98, -1.47, -20.62, -21.75, -23.47, -0.30, 2.11, 2.35, -8.59, 25.93, 44.01, 1
17:58:36.464 -> 25, 1.78, 1.72, -0.89, -32.40, -3.43, -20.30, 0.75, -0.68, -1.92, -12.31, -32.49, -35.19, 0.75, 2.11, 0.85, -31.05, 19.10, 27.90, 1
17:58:36.464 -> 26, 1.78, 0.52, 0.31, -51.93, -0.50, -19.32, 1.05, -1.43, -1.47, -6.46, -26.14, -39.58, -0.60, 0.46, 1.00, -10.05, 14.70, 23.51, 1
17:58:36.464 -> 27, 1.33, 0.52, -0.74, -33.37, -7.83, -10.53, 1.35, -1.88, -1.62, -11.83, -20.77, -38.12, 0.15, 0.91, 1.75, -8.59, 12.26, 57.69, 1
17:58:36.511 -> 28, 1.78, 0.07, -0.59, -59.25, -5.39, -18.83, 1.05, -1.43, -1.47, -9.87, -28.58, -32.26, 1.65, 1.06, 1.15, -16.89, 17.14, 35.22, 1
17:58:36.511 -> 29, 1.78, 1.72, -0.89, -46.56, 4.38, -14.44, 0.75, -0.23, -2.22, -10.85, -20.28, -32.74, -0.00, 1.36, 2.35, -31.54, 16.66, 25.46, 1
17:58:36.511 -> 30, 2.23, 1.27, -2.09, -32.40, 2.92, -13.46, -0.15, -0.68, -1.02, -7.92, -16.87, -36.16, 1.65, 1.36, 1.15, -16.89, 17.14, 42.06, 1
17:58:36.511 -> 31, 2.23, 0.07, -1.34, -52.42, -0.99, -15.90, 0.45, -0.83, -1.32, -18.17, -24.19, -31.77, 0.75, 0.76, 0.85, -3.22, 10.80, 44.50, 1
17:58:36.558 -> 32, 2.68, 0.52, -0.14, -49.49, -4.41, -9.07, 0.75, -0.68, -1.47, -6.46, -29.07, -32.26, 1.65, 2.11, 2.35, -14.94, 6.89, 22.53, 1
17:58:36.558 -> 33, 2.83, 0.67, 0.01, -40.70, -6.36, -22.25, -0.75, -0.38, -1.32, -2.55, -37.86, -35.19, 0.75, 1.06, 2.65, -22.75, 28.37, 26.92, 1
17:58:36.558 -> 34, 3.28, -0.38, 0.01, -39.23, -5.87, -8.09, 1.35, -0.83, -0.87, -18.17, -19.79, -38.60, 0.60, 1.96, 2.50, -8.10, 16.17, 36.69, 1
17:58:36.558 -> 35, 2.38, 1.87, -0.29, -41.19, 6.82, -20.30, 1.05, -0.98, -2.97, -7.92, -34.44, -30.79, 0.45, 1.36, 1.60, -25.19, 10.31, 37.67, 1
17:58:36.558 -> 36, 1.93, 0.37, -1.04, -44.12, 0.47, -13.46, 0.45, -0.08, -2.07, -8.90, -22.72, -28.35, 1.20, 0.01, 0.85, -23.24, 13.73, 32.78, 1
17:58:36.606 -> 37, 1.33, 0.07, -0.59, -32.40, -9.78, -14.93, 0.75, -1.73, -1.47, -3.04, -18.33, -36.65, 1.35, 1.21, 1.30, -14.94, 12.75, 41.57, 1
17:58:36.606 -> 38, 0.73, 0.67, -1.49, -49.00, -1.48, -16.88, 0.90, -1.13, -2.07, -10.85, -25.65, -34.21, 1.20, 1.81, 0.85, -25.19, 17.63, 33.76, 1
17:58:36.606 -> 39, 1.63, 1.12, -1.49, -53.39, -4.41, -4.67, 1.05, 0.07, -2.97, -19.64, -24.68, -38.60, -0.00, 0.76, 1.60, -12.98, 15.68, 33.27, 1
17:58:36.606 -> 40, 1.93, 0.37, -0.74, -52.91, 6.82, -16.39, -0.60, 0.52, -1.02, -13.78, -28.10, -31.28, 0.15, 1.21, 1.00, -9.57, 12.75, 24.48, 1
17:58:36.654 -> 41, 1.93, 1.42, -1.94, -33.86, -1.97, -15.42, 0.45, -0.83, -2.82, -8.90, -18.33, -27.37, 0.15, 0.91, 2.50, -12.01, 8.84, 34.25, 1
17:58:36.654 -> 42, 1.78, 0.52, 0.31, -44.60, -1.48, -15.90, 0.30, -0.23, -0.72, -14.76, -18.82, -38.12, 0.45, 0.76, 1.15, -3.71, 9.33, 34.74, 1
17:58:36.654 -> 43, 2.23, 1.27, -0.89, -43.14, -2.94, -13.95, 0.75, -0.23, -1.92, -14.76, -11.98, -37.14, 0.75, 0.76, 1.90, -29.10, 14.70, 36.20, 1
17:58:36.654 -> 44, 2.68, 0.97, -1.34, -50.46, -7.34, -20.30, 1.35, -0.83, -1.32, -6.46, -34.44, -22.00, -0.00, 1.06, 0.85, -10.05, 10.80, 43.53, 1
17:58:36.701 -> 45, 2.98, 0.52, -0.89, -46.07, 1.94, -18.34, 0.75, -0.98, -2.22, -3.53, -16.38, -37.63, 0.60, -0.14, 2.05, -21.28, 15.19, 28.88, 1
17:58:36.701 -> 46, 1.33, 0.52, -0.89, -34.84, 8.29, -10.04, 0.30, -1.43, -1.02, -3.04, -23.70, -28.35, 1.80, 2.41, 1.60, -17.38, 16.17, 33.27, 1
17:58:36.701 -> 47, 2.83, 0.67, -1.04, -33.86, -8.32, -17.37, 0.75, -0.98, -1.92, -14.27, -22.24, -19.07, 1.80, 0.91, 1.30, -7.12, 22.03, 34.25, 1
17:58:36.701 -> 48, 2.83, 1.12, 0.01, -44.60, -1.48, -19.81, 0.30, -0.68, -1.92, -21.10, -23.70, -39.09, 2.55, 1.66, 0.25, -16.89, 16.66, 37.67, 1
17:58:36.748 -> 49, 1.93, -0.08, -1.49, -55.83, -0.01, -14.44, 0.15, -1.13, -1.62, -5.97, -15.89, -22.00, 1.20, 2.56, 1.60, -12.49, 4.45, 24.97, 1
17:58:36.748 -> 50, 3.28, 1.12, -1.04, -46.56, -6.36, -16.88, 0.45, -1.13, -1.32, -12.80, -20.77, -40.07, 0.60, 1.21, 0.25, -25.19, 20.07, 29.85, 1
17:58:36.748 -> 1, 1.93, -0.08, -1.04, -30.44, 11.22, -8.09, 1.05, -0.23, -1.47, -22.08, -14.91, -16.63, -1.35, 0.46, 2.05, 57.33, 27.89, 45.97, 1
17:58:36.748 -> 2, 1.18, -0.38, 0.46, -46.07, 4.38, -17.37, 0.15, 0.37, -2.37, 10.63, -27.61, -42.02, -0.15, 1.66, 1.30, -98.92, -21.92, -89.29, 1
17:58:36.796 -> 3, 1.78, 0.07, -1.34, -25.56, 4.38, -16.39, 0.75, -0.98, -2.67, -18.17, -13.45, -30.79, 1.65, 2.86, 2.65, -13.47, 9.82, 36.20, 1
17:58:36.796 -> 4, 1.93, 0.37, -0.74, -36.79, -3.43, -4.67, 0.30, -0.23, -1.92, 16.98, -14.42, -48.86, -0.00, 1.06, 2.35, 43.66, 20.07, 85.52, 1
17:58:36.796 -> 5, 1.93, 0.67, -1.04, -37.77, 5.84, -13.46, -0.60, -1.43, -2.22, -17.69, -21.75, -26.40, -0.15, 0.91, 1.30, -59.37, 9.82, -30.69, 1
17:58:36.796 -> 6, 0.88, 0.97, -0.89, -43.14, 0.96, -8.58, 2.25, -0.23, -0.72, 3.31, -19.31, -28.84, 0.45, 1.06, 0.40, -29.10, -6.29, 3.97, 1
17:58:36.843 -> 7, 1.93, -0.38, -1.94, -71.95, -6.36, -74.50, 1.65, -0.08, 0.63, -53.82, 18.29, 38.06, -0.75, 0.31, 0.85, 172.08, 45.95, 20.09, 1
17:58:36.843 -> 8, 0.13, 0.52, -0.89, -32.89, -0.50, -29.58, 0.90, 1.42, 2.13, -50.40, -13.94, -19.56, -0.15, -0.59, 0.70, -4.68, 6.40, -80.99, 1
17:58:36.843 -> 9, 0.88, 0.52, -1.64, -22.14, 15.12, -80.84, 0.45, 1.42, 1.38, -92.88, -38.35, -23.96, -1.20, -1.19, 1.90, 146.68, 53.28, 128.00, 1
17:58:36.843 -> 10, 1.63, -1.28, -1.49, -49.00, -11.73, 7.05, 1.05, 1.27, 2.28, -4.99, -30.05, 10.71, -0.60, -1.64, -0.50, 11.43, 18.61, -130.79, 1
17:58:36.843 -> 11, 0.13, -0.68, -0.59, -34.35, 2.43, -17.37, 1.35, 1.12, 1.08, 2.82, -12.96, -47.39, -0.60, -0.59, 1.00, 2.64, 6.40, -97.10, 1
17:58:36.891 -> 12, 1.18, -0.08, -0.74, -42.65, -3.43, -10.04, 1.05, 0.07, 0.03, -6.46, -19.31, -27.86, -1.20, 0.76, 1.15, 138.87, 41.56, 113.35, 1
17:58:36.891 -> 13, 1.18, -0.38, -1.04, -35.33, -3.43, -24.20, 1.05, 0.07, -0.27, -1.57, -21.75, -28.84, -0.00, 0.31, 0.40, 9.48, 9.33, -5.30, 1
17:58:36.891 -> 14, 1.33, 0.52, -0.14, -35.33, 2.92, -18.83, -0.30, -0.08, -2.07, -13.29, -16.38, -27.86, 0.15, 0.46, -0.50, -55.46, 1.52, -58.04, 1
17:58:36.891 -> 15, 1.33, 1.72, -0.89, -43.14, -11.25, -7.60, -0.15, -0.98, -2.22, -3.04, -28.10, -34.70, -0.00, 1.36, 0.40, 65.14, 13.24, 74.78, 1
17:58:36.939 -> 16, 1.33, 1.27, -1.64, -25.56, 2.43, -11.51, 0.75, -0.98, -0.27, -11.34, -18.33, -30.79, -0.15, 1.21, 0.70, 8.50, 16.17, 28.88, 1
17:58:36.939 -> 17, 0.88, 0.07, -0.59, -33.37, -12.71, -8.09, 0.45, -1.13, -0.87, -0.60, -12.47, -32.26, 1.20, 0.76, 1.60, -52.53, -3.36, -45.34, 1
17:58:36.939 -> 18, 2.23, 1.72, -0.59, -38.26, -0.99, -14.44, 0.15, -0.83, -0.87, -7.92, -14.91, -31.28, 1.20, 0.76, 0.85, 22.17, 5.42, 44.01, 1
17:58:36.939 -> 19, 2.23, -0.23, -0.14, -30.93, -4.90, -24.20, 0.15, -1.58, 0.18, 0.87, -24.68, -22.49, 0.75, 1.81, 0.85, 26.08, 13.24, 27.90, 1
17:58:36.986 -> 20, 0.88, 0.52, -0.59, -33.86, -7.83, -7.11, -0.30, -1.13, -1.32, 1.36, -18.33, -29.33, -0.90, 0.46, 0.25, -20.31, -2.39, -17.51, 1
17:58:36.986 -> 21, 1.78, 1.27, -1.34, -46.56, 6.82, -14.93, 0.90, -0.83, -2.07, -9.87, -7.59, -20.54, 1.65, 1.81, 0.40, -4.68, 13.24, 16.18, 1
17:58:36.986 -> 22, 1.93, 0.37, 0.01, -39.23, 4.38, -24.20, -0.30, -0.08, -0.57, -20.13, -11.49, -26.88, 1.35, 0.91, 1.30, 5.57, 13.73, 33.76, 1
17:58:36.986 -> 23, 1.63, 1.12, -0.74, -44.12, -1.48, -12.97, 0.30, -0.98, -1.02, -10.85, -23.70, -29.81, 0.15, 1.96, 1.30, -11.52, 3.47, 14.72, 1
17:58:37.034 -> 24, 2.38, 0.37, -1.49, -38.75, 10.73, -20.79, -0.15, 0.07, -1.47, -0.60, -16.87, -31.28, 1.20, 0.76, 1.60, -21.28, 8.35, 5.44, 1
17:58:37.034 -> 25, 2.23, 0.07, -0.89, -42.16, -6.36, -13.46, 0.15, -0.83, -0.87, 0.87, -22.24, -25.91, 1.35, 1.66, 1.30, 3.13, 14.21, 20.09, 1
17:58:37.034 -> 26, 0.88, -0.23, -0.59, -32.89, 10.73, -8.58, 0.75, -0.68, -0.72, -7.43, -22.24, -28.84, -0.15, 0.46, 1.30, 11.43, 9.82, 22.04, 1
17:58:37.034 -> 27, 1.93, 1.12, -0.74, -41.19, -6.85, -14.44, 2.10, -1.13, -1.62, -7.43, -16.38, -25.42, -0.30, 0.31, 0.85, -7.12, 0.05, 10.81, 1
17:58:37.034 -> 28, 1.63, 0.37, -0.29, -47.05, 1.94, -13.95, 0.75, -0.23, -1.47, -7.92, -23.70, -30.30, 0.45, 0.76, 2.35, -20.80, 4.94, 18.62, 1
17:58:37.082 -> 29, 1.63, 0.67, 0.01, -28.00, 11.70, -16.39, 0.30, 0.07, -1.02, -7.43, -18.82, -34.21, -0.15, -0.14, 1.00, -2.73, 14.70, 24.97, 1
17:58:37.082 -> 30, 1.78, 0.97, -0.89, -37.77, -3.92, -14.93, 1.50, 0.07, -1.02, -1.08, -19.31, -24.44, -0.15, 0.16, 0.25, -10.05, 4.94, 28.39, 1
17:58:37.082 -> 31, 1.78, 1.27, -0.14, -36.79, 4.38, -12.97, 0.75, 0.52, -1.92, -1.08, -18.33, -23.47, 0.60, 0.46, 2.50, -17.87, 10.80, 18.13, 1
17:58:37.082 -> 32, 2.83, 1.12, -0.74, -27.03, -0.99, -12.49, 0.30, -0.68, -1.02, -9.87, -28.58, -17.12, 1.20, 0.76, 0.85, -9.57, 9.33, 28.39, 1
17:58:37.131 -> 33, 1.33, 1.27, -0.59, -37.28, -0.50, -8.58, 0.75, -0.98, -1.02, -12.31, -23.70, -34.21, -0.00, 1.81, 1.90, -19.82, 12.26, 24.97, 1
17:58:37.131 -> 34, 0.88, 1.27, -0.59, -28.98, -7.83, -14.44, 0.90, 0.37, -0.87, -8.90, -23.70, -29.81, 0.45, 0.76, 1.15, -1.26, 17.63, 25.46, 1
17:58:37.131 -> 35, 1.63, -0.08, -1.49, -24.10, 2.92, -17.86, -0.30, -1.13, -1.32, -16.71, -17.84, -26.88, 1.65, 1.06, 0.10, -17.87, 8.84, 16.67, 1
17:58:37.131 -> 36, 2.38, 0.37, -1.49, -45.09, 0.47, -15.90, 0.30, -0.23, -1.92, -14.76, -6.61, -35.19, -0.15, 1.21, 2.50, -7.61, 2.50, 19.60, 1
17:58:37.179 -> 37, 0.73, -0.83, -1.04, -46.07, 8.29, -19.81, 0.30, 0.07, -1.47, -5.97, -12.47, -26.88, 0.45, 1.36, 1.90, -2.73, 15.68, 33.27, 1
17:58:37.179 -> 38, 2.83, 1.42, -0.74, -40.21, 5.36, -13.95, 0.30, -0.68, -1.47, -12.80, -9.54, -29.33, 0.60, 1.96, -0.05, -7.61, 7.87, 19.60, 1
17:58:37.179 -> 39, 2.68, 0.07, -0.14, -31.91, 2.43, -12.97, 1.50, -0.98, -0.72, -14.27, -9.05, -26.40, -0.15, 1.21, 1.30, -3.22, 14.21, 15.69, 1
17:58:37.179 -> 40, 1.33, 2.02, -0.59, -37.28, 1.94, -7.11, 0.30, -0.68, -0.27, -4.99, -14.91, -34.21, 0.15, 1.21, 0.70, 4.59, 2.50, 39.13, 1
17:58:37.225 -> 41, 2.23, -0.23, -0.89, -45.09, 1.94, -15.90, -0.30, -0.83, -1.62, -19.15, -22.24, -30.30, 0.15, 1.66, 1.75, -3.71, 5.91, 29.37, 1
17:58:37.225 -> 42, 1.63, -0.38, -1.04, -34.35, -1.48, -20.79, 1.05, -0.68, -0.72, -6.94, -31.03, -25.91, 1.05, 1.66, 0.70, -7.12, 9.82, 26.92, 1
17:58:37.225 -> 43, 1.33, 0.52, -1.34, -39.23, -1.97, -17.37, 0.30, -0.98, -1.02, -8.41, -20.77, -35.19, 0.60, 1.21, 1.00, -12.49, 6.89, 26.44, 1
17:58:37.225 -> 44, 2.98, 0.52, -0.59, -30.44, -5.39, -17.37, 0.45, -0.08, -0.87, -17.69, -13.94, -25.42, -0.30, 1.36, 0.85, 4.11, 14.70, 19.11, 1
17:58:37.225 -> 45, 0.13, 0.52, -1.64, -44.60, 3.89, -23.72, -0.15, -0.98, -1.02, -2.06, -22.72, -17.61, 1.35, 1.96, 1.75, -8.59, 14.70, 20.58, 1
17:58:37.272 -> 46, 1.63, 0.67, -1.04, -41.67, 3.89, -17.86, -0.15, -0.68, -1.47, -12.80, -23.21, -31.28, -0.00, 2.11, 1.60, -5.66, 11.28, 30.34, 1
17:58:37.272 -> 47, 1.78, 0.97, -0.59, -43.14, 10.24, -12.00, 2.25, -0.68, -1.47, -17.69, -15.89, -32.26, -0.15, 0.91, 1.75, -15.91, 7.38, 23.02, 1
17:58:37.272 -> 48, 1.78, 0.97, -0.14, -27.51, 12.68, -4.18, 0.15, -0.83, -0.87, -8.90, -14.91, -25.42, 0.15, 1.96, 1.00, -10.05, 20.07, 11.79, 1
17:58:37.272 -> 49, 1.33, 0.97, -0.59, -41.19, -4.41, -14.93, 0.15, -1.13, -0.87, -6.94, -24.68, -23.96, 1.05, 0.46, 1.00, -8.59, 15.68, 25.46, 1
17:58:37.321 -> 50, 2.98, 0.97, -0.59, -39.72, 0.96, -17.86, 0.90, 1.12, -1.62, -17.20, -15.40, -28.35, 1.05, 0.91, 1.30, -9.08, 21.05, 29.37, 1
17:58:37.321 -> 1, 1.18, 1.42, -0.74, -33.86, 1.94, -14.93, 1.65, -0.38, -0.87, -2.55, -22.72, -41.04, 0.75, -0.74, 1.90, 50.49, 14.21, 71.36, 1
17:58:37.321 -> 2, 1.78, 0.97, -0.14, -40.21, 16.10, -9.07, 1.50, -1.73, 0.48, -11.34, -26.14, -24.44, 0.45, 0.01, 1.15, -54.00, -3.36, -54.62, 1
17:58:37.321 -> 3, 1.18, -0.08, -2.24, -38.75, 0.96, -12.49, -0.30, 0.37, -0.87, -7.43, -17.84, -43.00, 0.75, 0.31, 0.40, 3.13, -6.78, -6.77, 1
17:58:37.368 -> 4, 1.93, 1.12, -1.04, -45.09, 4.87, -16.39, 1.35, -0.83, -0.87, -10.85, -19.31, -17.12, 1.05, 0.91, 1.30, 60.26, 31.79, 70.87, 1
17:58:37.368 -> 5, 2.38, 0.37, -1.94, -32.40, -6.85, -8.58, 1.65, 0.37, -0.12, 0.87, -26.63, -33.72, 0.15, -0.14, 1.30, -8.59, 14.70, -10.19, 1
17:58:37.368 -> 6, 2.38, 0.37, -1.04, -31.91, -2.46, -3.70, 2.10, 1.42, 0.18, -3.53, -34.93, -29.81, -0.15, 0.46, 2.50, -5.66, 23.00, -11.16, 1
17:58:37.368 -> 7, 1.63, -0.38, -1.49, -6.52, 22.93, -38.85, 3.15, 0.52, -1.92, -48.45, -16.87, -16.14, 0.15, -0.59, 2.05, 208.21, 46.44, 45.97, 1
17:58:37.416 -> 8, 1.63, -0.38, -1.04, -37.77, 1.45, -32.51, 3.30, 2.62, -2.82, -3.53, 16.83, 22.92, -0.60, 0.46, 1.75, 0.69, -3.85, -196.71, 1
17:58:37.416 -> 9, 0.28, -0.08, -1.94, -39.72, 8.77, -68.64, 3.90, 0.07, -1.92, -72.37, -12.96, 40.99, -1.20, 1.36, 2.95, 173.05, 108.45, -65.36, 1
17:58:37.416 -> 10, 2.38, 0.37, -1.94, -41.67, 3.40, -30.55, 3.30, -0.38, -1.62, -12.80, -25.17, -34.21, 0.75, 0.76, 1.90, 299.52, 73.78, -5.79, 1
17:58:37.416 -> 11, 2.23, 0.52, -2.09, -29.96, -9.78, -20.79, 2.70, -2.18, -1.92, 2.82, -25.65, -31.77, -0.75, 0.31, 0.40, 58.79, 16.66, -185.97, 1
17:58:37.416 -> 12, 0.58, 0.52, -1.34, -26.54, -5.39, -7.60, 1.05, 0.52, -2.22, 4.29, -21.26, -47.39, -0.00, 1.06, 2.35, 158.89, 42.05, -55.60, 1
17:58:37.464 -> 13, 2.38, 0.37, -1.04, -30.44, 5.84, -9.56, 1.05, -1.43, -2.22, -20.62, -28.58, -24.44, 0.60, 0.91, 2.50, 160.36, 39.12, -16.53, 1
17:58:37.464 -> 14, 1.93, 0.67, -1.94, -48.51, 4.38, -9.56, 1.05, -2.18, -1.47, 4.29, -9.54, -33.72, 1.65, 2.11, 1.15, 35.84, -2.39, -124.44, 1
17:58:37.464 -> 15, 1.93, -0.38, -0.29, -45.58, -6.85, -14.44, 0.15, -1.58, -1.62, -5.97, -15.89, -29.33, 0.45, 0.76, 1.15, 41.70, 14.70, -52.67, 1
17:58:37.464 -> 16, 2.23, 0.07, -0.59, -38.75, 2.92, -13.95, -0.15, -0.23, -1.02, -4.50, -23.70, -31.77, -0.30, 0.31, 1.90, 87.60, 21.05, 3.00, 1
17:58:37.511 -> 17, 1.93, 1.12, -0.29, -46.56, 6.82, -11.02, -0.30, 0.37, -1.62, -12.31, -15.40, -28.84, 1.35, 0.16, 1.00, 7.52, 8.35, -44.37, 1
17:58:37.511 -> 18, 1.78, -0.68, 0.31, -33.86, -5.39, -9.07, 0.45, 0.37, -1.62, -14.76, -20.77, -20.05, 1.65, 0.76, 1.15, 11.43, 5.91, -37.04, 1
17:58:37.511 -> 19, 1.63, 1.12, -0.74, -41.67, 5.36, -10.53, 1.50, -0.68, -1.47, -18.66, -16.38, -31.77, 1.05, 0.46, 2.50, 59.28, 25.93, 17.65, 1
17:58:37.511 -> 20, 1.93, 1.42, 0.01, -35.82, -0.01, -16.39, 0.90, -0.83, -1.62, -8.41, -19.79, -28.84, 1.95, 1.06, 0.85, 15.83, 9.33, -8.23, 1
17:58:37.558 -> 21, 2.83, 0.67, -0.29, -30.93, -0.99, -12.00, -0.60, -0.23, -1.92, -8.41, -28.10, -38.12, -0.00, 1.06, 1.90, -16.89, 12.75, -18.49, 1
17:58:37.558 -> 22, 1.93, 1.12, -1.49, -40.21, -1.97, -18.34, 1.35, -0.08, -0.87, -12.31, -15.89, -35.19, -0.00, 1.81, 2.35, 15.83, 32.28, 34.25, 1
17:58:37.558 -> 23, 1.33, 0.07, -0.59, -33.37, -11.25, -17.86, 0.30, 0.52, -1.02, -10.85, -11.01, -34.21, 1.20, 1.81, 1.15, 15.34, 15.19, 14.23, 1
17:58:37.558 -> 24, 0.88, -0.98, -0.59, -40.21, 4.38, -20.79, 1.50, -0.23, -1.47, -17.69, -20.77, -22.49, 0.45, 2.11, 1.60, -11.03, 12.26, 7.39, 1
17:58:37.606 -> 25, 1.93, 1.42, 0.01, -40.21, 2.92, -8.58, 0.45, -0.83, -1.62, -3.04, -30.54, -31.28, -0.00, 1.36, 1.60, -12.49, 6.40, 22.04, 1
17:58:37.606 -> 26, 2.38, 1.42, -0.29, -45.09, 2.92, -7.60, -0.15, -0.98, -1.02, -12.80, -27.61, -32.26, -0.00, 1.06, 1.15, 3.62, 16.17, 29.37, 1
17:58:37.606 -> 27, 1.93, 0.67, -1.94, -36.79, -6.36, -8.58, 1.50, -0.68, -1.02, 2.33, -13.45, -33.23, -0.30, 1.06, 1.60, -8.10, -0.92, 14.23, 1
17:58:37.606 -> 28, 1.93, 1.42, -0.74, -44.12, 0.47, -13.46, 0.45, -1.13, -1.62, -11.34, -24.19, -26.88, 0.45, 0.76, 2.35, -13.47, 19.58, 14.23, 1
17:58:37.606 -> 29, 2.68, 1.72, -1.34, -38.26, 3.40, -20.30, -0.30, -1.13, -1.62, -11.83, -23.21, -31.28, -0.15, 2.41, 0.25, 8.99, 7.87, 26.92, 1
17:58:37.654 -> 30, 1.18, 1.12, -1.04, -42.65, -2.46, -16.88, 0.90, -0.08, -1.62, -7.43, -14.42, -28.84, -0.00, 0.76, 1.90, -8.59, 12.75, 27.41, 1
17:58:37.654 -> 31, 1.78, 2.47, -0.59, -39.72, 6.82, -15.42, 0.30, -0.98, -1.92, -4.01, -13.45, -23.96, 1.05, 1.66, 1.00, -12.49, 0.05, 22.53, 1
17:58:37.654 -> 32, 1.78, 0.97, -0.59, -43.14, 8.77, -4.67, 0.30, 0.07, -1.92, -6.46, -27.61, -32.74, 1.20, 2.11, 1.60, -1.75, 22.03, 22.04, 1
17:58:37.654 -> 33, 1.93, 0.37, -0.29, -33.86, 0.96, -21.27, 0.30, -0.68, -2.22, -11.83, -30.05, -33.23, 1.35, 0.91, 1.00, -2.24, 10.80, 22.04, 1
17:58:37.702 -> 34, 2.23, 2.02, -0.59, -50.95, 6.82, -20.30, 1.05, -1.73, -1.92, -4.99, -27.61, -37.14, -0.30, 0.76, 1.60, -7.12, 14.70, 23.51, 1
17:58:37.702 -> 35, 2.23, -0.23, -1.34, -34.84, -2.94, -13.46, 0.45, 0.37, -0.87, -12.80, -17.84, -34.70, -0.75, 0.76, 1.90, -16.40, 6.40, 24.97, 1
17:58:37.702 -> 36, 1.93, 1.12, 0.46, -48.02, 11.70, -17.37, 0.75, -0.68, 0.03, -10.36, -12.47, -35.19, 1.05, 1.21, 2.05, -9.57, -1.90, 32.78, 1
17:58:37.702 -> 37, 1.63, 1.42, 0.91, -44.12, -6.36, -13.95, 0.75, -0.23, -1.02, -5.48, -19.79, -31.77, 0.75, 1.36, 1.60, -20.80, 16.17, 28.39, 1
17:58:37.749 -> 38, 2.98, 1.72, -1.64, -46.56, 5.84, -16.88, 0.15, -1.88, -1.32, -11.83, -10.52, -30.30, 0.75, 1.06, 1.90, -16.89, 12.26, 31.32, 1
17:58:37.749 -> 39, 2.23, 0.52, -0.59, -35.33, -3.43, -21.76, 1.05, -1.73, -1.47, 1.85, -27.61, -28.35, 0.45, 0.76, 0.85, -10.54, 8.35, 26.92, 1
17:58:37.749 -> 40, 1.18, 0.37, -0.29, -39.72, -12.71, -11.51, 0.75, 0.07, -1.47, -15.73, -24.19, -34.70, 1.65, 1.81, 0.85, -13.96, 5.42, 36.69, 1
17:58:37.749 -> 41, 2.23, 0.52, -1.64, -49.00, -5.87, -13.46, 0.90, -0.38, -1.32, -11.34, -23.70, -26.40, 1.05, 0.46, 2.05, -12.98, 6.89, 36.20, 1
17:58:37.796 -> 42, 1.18, 1.12, -1.49, -41.19, -12.71, -8.58, 0.75, -0.98, -1.92, -11.83, -25.65, -28.84, 2.25, 2.41, 2.50, -19.33, -0.92, 22.04, 1
17:58:37.796 -> 43, 2.68, 1.27, -0.59, -43.63, -4.41, -15.42, 0.45, -0.38, -0.87, -15.24, -7.10, -35.19, 1.35, 0.16, 2.50, -13.47, -4.83, 33.76, 1
17:58:37.796 -> 44, 1.63, 1.12, -0.74, -46.56, 8.77, -24.20, 0.75, -0.23, -1.02, -11.34, -21.75, -34.70, 0.15, 1.21, 1.30, -23.73, 10.80, 33.27, 1
17:58:37.796 -> 45, 0.58, 0.97, -0.14, -38.75, 15.12, -14.44, 1.35, -0.38, -1.32, 8.68, -35.91, -24.44, -0.60, 0.46, 1.75, -4.68, 1.52, 33.27, 1
17:58:37.844 -> 46, 2.83, 1.87, -1.94, -46.56, 3.89, -13.46, 0.45, -0.08, -0.87, -4.01, -20.28, -20.05, -0.30, 0.31, 1.75, -14.94, 21.05, 19.11, 1
17:58:37.844 -> 47, 1.33, 1.27, -0.89, -38.75, 2.92, -16.88, 1.35, -0.83, -2.07, -11.83, -23.21, -39.09, -0.90, 1.66, 2.05, -13.96, 24.47, 32.29, 1
17:58:37.844 -> 48, 0.88, 0.52, -0.59, -49.98, -5.39, -23.72, -0.90, -1.43, -2.67, -0.60, -12.96, -19.07, 0.45, 1.36, 0.10, -5.66, 15.19, 24.97, 1
17:58:37.844 -> 49, 1.93, -0.08, -0.29, -39.72, -3.43, -13.46, -0.60, 0.07, -2.22, -9.39, -15.40, -20.05, 0.60, 0.46, 2.50, -19.33, 19.10, 23.51, 1
17:58:37.844 -> 50, 0.28, 1.12, -1.04, -46.07, -4.41, -9.56, 0.45, -1.13, -1.32, -13.78, -19.79, -27.37, 1.65, 1.06, 1.60, -22.75, 11.28, 27.41, 1
17:58:37.891 -> 1, 1.63, 0.67, -1.04, -32.89, 1.94, -6.63, 0.45, 0.37, -0.57, -3.53, -23.21, -33.23, 1.35, -0.14, 1.00, -76.95, 8.84, 14.72, 1
17:58:37.891 -> 2, 1.93, 0.37, -1.04, -36.79, -7.83, -10.04, 1.50, 0.52, -2.22, -10.36, -20.77, -20.05, -1.20, 0.76, 1.15, -50.09, 0.05, 26.44, 1
17:58:37.891 -> 3, 1.93, -0.08, -1.04, -26.54, -0.99, -21.27, 0.90, 0.37, -0.12, -12.31, -9.05, -29.81, -0.75, 0.31, 1.90, -42.77, 7.38, 30.34, 1
17:58:37.891 -> 4, 2.68, 0.07, -1.34, -29.47, 4.87, -12.00, 1.05, -0.68, -1.47, -6.94, -35.42, -34.21, -0.00, 0.01, 1.90, -36.42, -1.90, 37.18, 1
17:58:37.939 -> 5, 3.28, -0.38, -2.24, -33.86, 9.26, -13.95, 1.95, 0.07, -2.67, -12.31, -23.70, -17.12, -0.75, 1.06, 0.40, -33.98, 5.42, 59.15, 1
17:58:37.939 -> 6, 2.68, 0.07, -0.59, -28.49, 3.89, 37.32, 2.70, -3.68, -4.47, -94.35, -50.07, 27.31, -0.75, 0.01, 2.35, -112.59, -16.55, 193.43, 1
17:58:37.939 -> 7, 1.33, 0.07, -1.34, -46.07, 20.49, -64.24, 1.65, -4.58, -4.02, -40.15, -25.17, -20.05, 0.75, 1.06, 2.95, -37.40, 28.37, 191.47, 1
17:58:37.939 -> 8, 1.63, -0.08, -0.74, -8.47, 9.26, -64.24, 1.05, -3.68, -3.42, 21.86, 0.71, -46.90, 1.20, 0.76, 2.35, -14.45, 46.44, 94.79, 1
17:58:37.986 -> 9, 1.78, 0.07, -0.89, -23.12, -0.99, -13.95, 1.05, -1.43, -1.92, -9.39, -20.28, -17.61, -1.20, 0.31, 1.60, -6.15, 11.28, 3.97, 1
17:58:37.986 -> 10, 0.88, -0.98, -0.14, -34.35, 0.47, -5.16, -0.15, -1.73, -1.02, 4.78, -18.33, -27.86, 0.15, 0.91, 1.00, -69.62, -10.20, -69.27, 1
17:58:37.986 -> 11, 1.78, 1.27, -0.14, -37.28, 4.87, -24.69, -0.30, -0.08, -1.62, -12.80, -25.65, -23.96, 1.35, 0.91, 1.00, 79.30, 34.23, 94.79, 1
17:58:37.986 -> 12, 2.38, 0.37, -1.94, -42.65, -3.43, -14.44, 1.35, -0.08, -1.32, -25.99, -21.75, -18.58, -0.60, -0.59, 0.25, 20.22, 9.82, 26.92, 1
17:58:38.034 -> 13, 2.23, 0.52, -0.89, -43.14, -0.99, -20.79, 1.35, -0.38, -1.32, -2.55, -11.98, -37.63, 0.15, 1.66, 0.70, -52.53, 8.35, -36.06, 1
17:58:38.034 -> 14, 2.38, 1.12, -1.49, -36.30, -12.22, -15.90, 0.75, 0.07, -1.02, -15.24, -10.03, -14.19, -0.75, 0.31, 1.60, 31.45, 27.89, 57.20, 1
17:58:38.034 -> 15, 2.38, -0.38, -0.74, -51.44, -9.29, -11.51, -0.15, 0.07, -0.72, -3.53, -25.65, -29.81, -0.00, 0.76, -0.35, 20.22, 22.03, 43.53, 1
17:58:38.034 -> 16, 1.63, -0.08, -0.74, -35.33, -2.46, -12.97, 0.90, -0.08, -1.62, -8.41, -7.59, -25.42, 1.80, 0.46, 2.05, -51.56, 2.98, -19.95, 1
17:58:38.082 -> 17, 1.33, 0.07, -1.34, -43.14, -8.32, -19.81, -0.15, 0.82, -0.72, -9.39, -11.49, -12.24, 1.35, 1.66, 1.75, -3.22, 21.05, 33.76, 1
17:58:38.082 -> 18, 2.38, 0.67, -1.04, -36.79, 2.92, -19.81, 0.75, -0.23, -1.02, -7.43, -19.79, -19.07, 0.45, 0.01, 1.60, 20.71, 15.68, 50.36, 1
17:58:38.082 -> 19, 1.78, 1.27, -0.89, -40.21, -12.71, -20.30, -0.15, -0.98, -1.47, -2.06, -14.42, -23.96, -0.60, 0.46, 0.70, -39.84, 6.40, -1.40, 1
17:58:38.082 -> 20, 1.33, 0.97, 0.61, -32.89, 3.89, -7.11, 0.45, -0.83, -0.57, -2.55, -17.84, -20.54, 0.15, 1.21, 1.00, -0.78, 13.24, 19.60, 1
17:58:38.082 -> 21, 2.83, 1.12, -1.94, -41.19, -2.46, -4.67, 0.75, 0.07, -1.47, -0.60, -18.82, -26.40, 0.60, 2.71, 1.00, 10.45, 6.89, 46.94, 1
17:58:38.129 -> 22, 1.93, 1.42, -1.04, -40.21, 10.73, -10.53, 0.15, 0.37, -1.62, -5.97, -18.33, -33.23, -0.60, 1.21, 0.25, -24.70, 6.89, 14.72, 1
17:58:38.129 -> 23, 2.83, 0.67, 0.01, -39.72, -0.50, -8.58, 0.45, -0.08, -0.12, 1.36, -23.70, -25.91, 0.45, 0.31, 1.90, -8.59, -2.39, 11.30, 1
17:58:38.129 -> 24, 0.73, 0.67, -1.04, -32.40, -4.41, -15.42, -0.30, -0.83, -0.87, -7.92, -30.05, -28.84, -0.30, 1.06, 2.35, 4.59, 13.73, 34.74, 1
17:58:38.129 -> 25, 0.73, 1.42, -0.29, -37.28, 6.82, -20.30, 0.45, -0.83, -0.57, -7.92, -7.59, -17.61, -0.15, 1.96, 2.05, 0.20, 1.52, 37.18, 1
17:58:38.177 -> 26, 1.33, 0.97, -0.14, -39.23, -4.90, -20.30, 0.15, -0.83, -2.37, -3.53, -13.94, -24.44, 2.25, 1.96, 1.30, -18.35, 9.33, 8.86, 1
17:58:38.177 -> 27, 2.68, 0.97, 0.31, -41.19, 11.70, -17.86, 0.15, -0.83, -0.57, -11.83, -15.40, -41.53, -0.15, 0.91, -0.05, -7.61, 2.01, 18.62, 1
17:58:38.177 -> 28, 1.93, 0.37, -0.74, -29.96, 5.84, -0.77, -0.30, -0.83, -0.57, -4.99, -16.87, -20.05, 1.80, 0.16, 2.05, -22.26, -0.92, 35.71, 1
17:58:38.177 -> 29, 1.93, 0.67, -0.74, -42.65, 1.94, -23.72, 1.50, -0.68, -0.72, -1.57, -17.84, -32.74, -0.15, 0.46, 1.75, -14.45, 10.31, 19.60, 1
17:58:38.225 -> 30, 1.93, 0.67, -0.74, -39.72, -4.90, -6.63, -0.15, -0.98, -2.97, -6.46, -17.84, -25.91, 0.75, 1.36, 0.40, -12.49, 3.96, 23.02, 1
17:58:38.225 -> 31, 1.63, 0.67, -0.74, -26.54, -0.01, -10.04, 0.45, -0.08, -2.37, -4.99, -22.72, -23.47, 0.60, 0.46, -0.05, -22.75, 13.24, 31.32, 1
17:58:38.225 -> 32, 2.38, 1.12, 0.01, -34.84, 1.45, -15.90, 0.30, -1.43, -1.47, -7.43, -13.45, -17.61, 1.80, 0.91, 1.00, -7.12, 6.89, 21.06, 1
17:58:38.225 -> 33, 1.78, 0.52, -0.14, -38.75, -1.97, -23.23, 1.35, -0.38, -2.37, -2.55, -18.33, -16.14, 0.15, 0.46, 1.75, -23.73, 7.38, 27.90, 1
17:58:38.271 -> 34, 2.83, 0.67, -0.74, -46.07, 3.40, -18.83, 0.15, -0.38, -0.87, -7.92, -29.07, -30.30, -1.20, 0.76, 1.15, -1.75, 23.00, 19.60, 1
17:58:38.271 -> 35, 2.23, 1.27, -0.14, -29.96, -4.90, -2.72, 0.30, -1.73, -1.02, 3.80, -16.87, -19.07, -0.00, 2.11, 1.60, -12.49, 4.45, 31.32, 1
17:58:38.271 -> 36, 2.38, 0.67, -1.04, -49.98, -2.94, -26.65, 0.75, -0.23, -1.92, -3.04, -19.31, -34.21, 0.75, 1.36, 0.40, -7.61, 9.33, 23.51, 1
17:58:38.271 -> 37, 2.23, -0.23, -0.59, -39.72, -6.36, -12.00, 1.35, -0.08, -0.12, -9.87, -28.58, -22.49, -0.75, 1.06, 1.15, -9.57, 6.89, 23.02, 1
17:58:38.271 -> 38, 1.93, 0.67, 0.46, -29.47, 0.47, 5.58, 0.90, -0.08, -1.62, -5.97, -4.17, -32.74, 1.05, 0.91, 0.70, -10.05, 11.77, 23.99, 1
17:58:38.319 -> 39, 2.23, 0.97, 0.61, -36.30, 14.63, -12.00, 0.75, -0.23, -0.72, -9.39, -11.01, -18.10, 1.65, 0.76, 1.15, -9.57, 9.33, 25.95, 1
17:58:38.319 -> 40, 1.78, 0.97, -1.34, -47.05, 15.61, -17.86, 0.45, -0.38, -2.07, -14.76, -16.87, -27.37, -0.30, 0.76, 0.85, -8.10, -1.41, 21.06, 1
17:58:38.319 -> 41, -0.17, 0.37, -1.04, -37.77, 3.89, -28.11, 0.30, 0.07, -1.02, -4.50, -2.22, -32.74, 0.45, 1.36, -0.35, 0.69, 16.17, 23.51, 1
17:58:38.319 -> 42, 1.33, 0.97, -0.89, -47.05, -8.32, -26.16, 0.30, -0.68, -0.72, -13.78, -7.10, -27.86, 0.15, 0.16, 1.30, -10.54, 9.33, 30.34, 1
17:58:38.366 -> 43, 1.18, -0.38, -1.04, -22.63, -8.80, -21.27, 0.45, -0.38, -1.32, -11.83, -14.42, -19.07, 0.60, 1.21, 0.25, -13.47, 14.70, 29.85, 1
17:58:38.366 -> 44, 2.38, 1.12, -1.49, -36.79, 5.36, -9.56, -0.30, -1.13, -0.87, -14.76, -5.15, -26.88, 0.15, 0.46, 2.05, -16.40, 14.21, 39.13, 1
17:58:38.366 -> 45, 0.73, 0.37, -0.74, -33.86, 4.38, -7.11, 0.30, 0.07, -0.72, -7.92, -14.91, -22.49, 0.60, 0.46, 0.70, -3.22, 10.80, 27.90, 1
17:58:38.366 -> 46, 2.23, 0.52, -0.89, -46.56, -12.71, -12.49, 0.75, -0.68, -0.27, -17.20, -13.45, -11.26, -0.30, 0.76, 2.05, -11.03, 17.14, 26.92, 1
17:58:38.413 -> 47, 2.23, 0.52, -0.14, -27.51, -1.97, -14.93, -0.60, -0.23, -2.22, -9.87, -24.68, -24.93, 0.45, 1.06, 1.60, -5.17, 1.03, 24.48, 1
17:58:38.413 -> 48, 2.68, 1.27, -1.34, -36.79, -11.73, -16.39, 0.45, 0.37, -2.07, -11.34, -19.31, -35.19, 1.05, -0.14, 1.30, -5.66, 13.24, 34.74, 1
17:58:38.413 -> 49, 1.78, 0.97, -0.59, -40.21, -6.85, -13.95, 1.35, -0.38, -2.37, -8.41, -19.31, -22.49, 0.60, 0.46, 0.70, -4.68, 16.66, 42.06, 1
17:58:38.413 -> 50, 1.78, 0.97, -1.64, -42.65, 0.47, -24.69, 1.35, -0.38, 0.18, -6.94, -17.35, -26.88, 1.35, 0.46, 1.75, -2.24, -0.92, 16.18, 1
17:58:38.461 -> 1, 2.23, 0.07, -0.59, -46.56, 1.94, -4.18, -0.15, -0.98, 0.03, 1.36, -22.72, -52.28, 1.20, 0.01, 1.15, 1.67, 30.82, 84.05, 1
17:58:38.461 -> 2, 1.18, 0.67, -2.69, -33.37, -0.99, -17.86, 2.25, -1.43, 0.03, -11.34, -22.24, -28.84, -0.15, 0.91, 2.05, -33.00, 9.33, 39.62, 1
17:58:38.461 -> 3, 1.63, -0.08, -2.24, -36.79, -6.36, -12.49, 1.05, -0.98, 0.48, -1.57, -11.49, -27.37, -0.30, -0.44, 1.60, -34.47, 10.31, 22.53, 1
17:58:38.461 -> 4, 0.13, -0.23, -1.34, -43.63, -2.46, -20.30, 1.65, -0.08, 0.63, -1.08, -20.77, -7.84, -0.75, -0.44, 1.60, -9.57, 23.49, 61.59, 1
17:58:38.508 -> 5, 0.88, -2.18, -2.54, -49.00, 14.15, -146.27, 4.95, -0.38, 3.33, -39.17, -11.01, -42.51, -0.90, 0.16, 2.80, 29.50, 10.80, -106.38, 1
17:58:38.508 -> 6, 1.18, -1.58, -4.19, -58.76, 2.92, -30.06, 8.55, -3.38, 4.38, -102.16, -10.52, 20.97, -0.75, 1.06, 2.65, -10.05, 11.28, -109.31, 1
17:58:38.508 -> 7, 3.88, -1.43, -4.79, -87.08, 21.96, -119.91, 6.75, -2.93, 2.28, -125.60, -59.35, -26.88, -0.75, 1.81, 2.65, 255.57, 71.83, 178.29, 1
17:58:38.508 -> 8, 3.73, -0.38, -4.19, -46.07, 0.96, -43.25, 5.55, -3.23, -1.47, -1.08, -12.96, -22.98, -0.15, -0.59, 0.70, 38.29, 15.68, -117.12, 1
17:58:38.508 -> 9, 3.43, -0.23, -1.64, -39.23, -8.80, -16.88, 2.70, -1.73, -2.67, -64.07, 14.87, 10.22, 1.20, 0.76, 2.65, 12.90, 6.40, -119.56, 1
17:58:38.556 -> 10, 3.88, 0.52, -2.54, -45.58, 0.96, -10.53, 2.10, -0.83, -2.37, 17.47, -2.22, -53.74, 0.75, 1.06, 1.90, 180.38, 48.39, 82.59, 1
17:58:38.556 -> 11, 2.83, 0.67, -2.24, -35.82, -1.97, -19.32, 0.90, -1.58, -1.32, -10.36, -24.68, -36.65, 0.45, 0.76, 1.90, 8.50, 5.91, -73.66, 1
17:58:38.556 -> 12, 1.93, 0.37, -1.04, -53.88, 8.29, -4.18, 0.30, -0.23, -2.22, -9.87, -17.35, -27.37, -0.15, 1.66, 1.30, -30.56, 3.47, -87.82, 1
17:58:38.556 -> 13, 1.93, 1.12, -0.74, -51.93, 14.15, -23.72, 0.30, -0.68, -1.47, -17.69, -14.91, -22.49, 1.05, 0.46, 2.05, 94.93, 34.23, 54.27, 1
17:58:38.603 -> 14, 2.23, 0.97, -0.59, -41.19, -2.46, -12.49, 1.05, -1.43, -1.47, 6.73, -19.31, -29.81, 0.75, 0.31, 1.90, 23.15, 12.75, -5.79, 1
17:58:38.603 -> 15, 1.63, 0.67, -1.49, -45.58, 9.26, -12.97, 1.05, 0.07, -2.67, -14.27, -27.61, -30.30, 0.45, 1.06, 0.85, -38.37, -8.74, -39.48, 1
17:58:38.603 -> 16, 2.98, 0.52, -0.14, -48.02, 0.47, -5.65, 1.50, -0.98, -2.67, -8.90, -24.68, -22.98, 1.65, 1.81, 0.40, 43.66, 29.84, 42.55, 1
17:58:38.603 -> 17, 1.33, 0.07, -1.64, -53.39, 0.96, -9.07, 0.45, -0.38, -1.62, -25.01, -17.84, -31.28, 2.25, 1.96, 2.05, 27.06, 26.42, 30.34, 1
17:58:38.651 -> 18, 3.28, -0.08, -1.04, -44.12, -6.36, -8.09, 1.05, 0.52, -0.27, -10.36, -28.58, -15.17, 1.05, 0.46, 1.30, -23.24, 4.45, -21.42, 1
17:58:38.651 -> 19, 2.38, -0.08, -0.74, -43.14, 9.26, -20.30, 1.05, 0.52, -2.97, -14.27, -18.33, -38.60, 1.80, 0.46, 1.00, 8.99, 22.51, 33.76, 1
17:58:38.651 -> 20, 2.68, 1.27, -0.89, -42.16, -2.46, -25.67, 0.30, -0.98, -2.67, -11.83, -21.26, -24.93, 0.60, 1.66, 1.00, 19.24, 9.33, 43.04, 1
17:58:38.651 -> 21, 2.38, 0.37, -1.04, -32.89, -4.90, -18.34, 1.35, -1.58, -1.62, -5.97, -16.87, -28.84, 0.45, 1.06, 1.60, -33.98, 16.66, -6.28, 1
17:58:38.699 -> 22, 1.78, 0.97, -0.14, -55.35, 2.92, -18.83, -0.15, -0.68, -1.02, -0.60, -29.07, -35.67, 1.35, 1.21, 1.30, -22.75, 2.50, 24.48, 1
17:58:38.699 -> 23, 3.43, 0.07, -1.34, -56.81, 8.77, -10.53, 0.45, -1.13, -1.32, -10.85, -19.31, -27.37, 1.80, 1.21, 1.75, 9.97, 10.80, 42.06, 1
17:58:38.699 -> 24, 1.93, 1.12, -0.29, -38.26, 0.96, -10.04, 0.90, -0.83, -2.07, -14.76, -28.58, -36.16, 0.45, 1.36, 1.15, -3.22, 12.75, 21.55, 1
17:58:38.699 -> 25, 2.38, 0.37, -0.74, -36.30, 2.92, -14.44, 0.90, -0.83, -1.32, -16.22, -19.79, -35.19, 0.15, 0.16, 1.75, -18.35, 28.86, 27.90, 1
17:58:38.699 -> 26, 0.88, 0.52, -0.59, -37.77, -2.46, -5.65, 0.15, -0.83, -2.07, -8.41, -27.61, -33.72, -0.60, 0.91, 1.75, 3.62, 12.26, 41.57, 1
17:58:38.747 -> 27, 2.83, 0.67, -0.74, -40.70, 5.36, -6.14, 0.30, -0.68, -1.02, -9.39, -25.65, -27.86, 2.40, 0.31, 1.60, -6.64, 10.80, 31.81, 1
17:58:38.747 -> 28, 1.33, 0.52, -0.59, -46.56, 5.36, -25.18, 0.15, -0.83, -1.32, -2.06, -27.12, -27.86, 0.45, 1.36, 0.85, -21.77, 9.33, 18.62, 1
17:58:38.747 -> 29, 2.83, 0.37, -0.74, -57.79, 2.92, -23.72, -0.30, -0.38, -2.07, -1.08, -20.28, -33.72, -0.15, 1.21, 1.75, -6.64, 18.12, 35.71, 1
17:58:38.747 -> 30, 1.78, 2.47, -0.89, -43.14, 4.38, -11.51, 1.65, -0.38, -1.62, -17.69, -18.33, -38.60, 1.35, 1.21, 0.70, -7.12, 13.24, 42.06, 1
17:58:38.795 -> 31, 2.98, -0.23, -0.89, -46.07, -3.92, -17.37, 0.75, -0.68, -1.47, -16.22, -17.84, -21.03, 0.15, 1.66, 2.05, -15.42, 24.47, 14.72, 1
17:58:38.795 -> 32, 1.63, 1.12, -0.74, -39.23, -2.46, -13.95, 0.90, -0.08, -0.87, -2.55, -30.54, -38.12, 0.75, 1.06, 1.60, -18.84, 6.89, 28.88, 1
17:58:38.795 -> 33, 2.23, 0.97, -0.89, -42.65, 1.94, -10.53, 1.35, 0.37, -2.07, -19.64, -19.79, -24.44, -0.00, 1.06, 0.85, -15.91, 2.98, 37.67, 1
17:58:38.795 -> 34, 3.88, 1.27, -1.64, -53.88, 1.94, -24.20, 0.45, -0.38, -1.32, -15.24, -29.07, -31.77, 1.20, 1.81, 0.10, -13.96, 18.61, 34.74, 1
17:58:38.842 -> 35, 2.38, 1.12, -0.29, -46.07, 6.82, -20.30, 0.75, 0.07, -1.92, -8.90, -17.84, -40.56, -0.30, 1.36, 1.15, -32.03, -1.41, 20.58, 1
17:58:38.842 -> 36, 2.23, 0.52, 0.31, -36.30, 4.38, -20.30, -0.15, -0.23, -1.47, -0.11, -10.52, -44.95, 1.35, 1.21, 1.30, -12.49, 4.45, 31.32, 1
17:58:38.842 -> 37, 2.23, 1.27, -0.59, -54.37, -2.94, -29.58, 1.35, -1.13, -0.87, -9.87, -21.75, -29.33, 1.35, 1.66, 1.00, -21.28, 22.51, 27.90, 1
17:58:38.842 -> 38, 1.33, 0.52, -0.14, -44.60, -3.43, -16.88, 0.75, -0.98, -2.22, -17.69, -17.84, -34.70, 1.05, 1.96, 3.55, -22.26, 10.80, 32.78, 1
17:58:38.889 -> 39, 2.98, 0.07, -1.34, -34.35, -4.41, -18.83, 0.30, -0.23, -1.47, -12.31, -16.38, -36.65, -0.60, 1.66, 1.75, -18.35, 11.77, 35.71, 1
17:58:38.889 -> 40, 2.83, -0.08, -1.49, -43.14, 10.73, -11.02, 0.75, -0.98, -1.47, -3.04, -21.26, -30.30, 1.35, 3.46, 1.75, -10.54, 8.35, 33.27, 1
17:58:38.889 -> 41, 0.58, 0.97, -0.59, -49.49, 2.92, -23.23, -0.15, -0.98, -2.67, -9.87, -23.70, -46.90, 0.45, 1.36, 1.90, -20.31, 10.80, 35.71, 1
17:58:38.889 -> 42, 0.88, 0.07, -0.14, -49.49, -16.62, -19.32, 0.45, -1.58, -1.32, -9.39, -18.33, -36.16, -0.15, 0.16, 0.70, -14.94, 18.12, 20.09, 1
17:58:38.936 -> 43, 1.93, 0.67, -1.04, -41.67, -0.99, -10.04, -0.30, -0.38, -1.62, 1.85, -13.45, -24.44, 0.45, 1.36, 0.85, -13.47, 19.58, 38.64, 1
17:58:38.936 -> 44, 1.33, 0.97, -0.14, -49.00, -8.80, -17.37, 1.05, -0.68, -1.92, -5.48, -21.26, -29.33, 0.60, 0.46, 2.80, -16.40, 1.03, 39.62, 1
17:58:38.936 -> 45, 1.78, 0.52, -1.34, -35.33, -3.92, -16.39, -0.30, -0.08, -2.07, -0.11, -28.58, -25.91, 1.05, 0.91, 2.80, -19.33, -1.41, 24.97, 1
17:58:38.936 -> 46, 1.93, 1.12, -0.74, -35.82, 7.80, -12.49, 2.25, 0.07, -1.47, -15.24, -26.14, -32.74, 1.95, 1.06, 2.35, -15.91, 15.68, 33.76, 1
17:58:38.984 -> 47, 2.98, 0.97, -0.59, -51.93, 3.40, -15.90, 0.45, -1.13, -1.32, -12.31, -19.79, -34.21, -0.00, 1.36, 2.35, -13.47, 14.21, 33.76, 1
17:58:38.984 -> 48, 1.78, 0.97, -0.59, -39.23, -7.34, -20.30, 0.30, -0.98, -0.27, -10.85, -20.77, -31.28, 0.15, 0.91, 0.70, -15.91, 4.94, 29.85, 1
17:58:38.984 -> 49, 1.93, 1.12, -0.74, -29.47, -0.01, -18.34, 1.35, -0.38, -2.07, 1.36, -26.63, -35.67, 0.75, 0.76, 2.35, -6.15, 17.63, 25.95, 1
17:58:38.984 -> 50, 1.93, -0.08, 0.01, -32.89, -21.01, -8.58, 0.90, 0.37, -2.07, -11.83, -16.38, -39.09, 1.05, 1.66, 0.70, -24.21, 11.28, 27.90, 1
17:58:38.984 -> 1, 1.93, -0.38, -1.04, -49.98, 8.29, -24.69, 0.45, -0.08, -1.62, 3.80, -19.31, -33.23, -0.15, 0.91, 1.30, -116.01, -4.83, 28.39, 1
17:58:39.031 -> 2, 2.68, -0.68, -1.34, -39.23, 1.94, -11.51, 2.70, 0.82, -2.97, 0.87, -17.84, -36.65, -0.30, 0.01, 2.35, -94.53, 4.45, 46.94, 1
17:58:39.031 -> 3, 2.68, 0.52, -0.89, -34.35, 0.96, -4.18, 2.25, -0.68, -1.47, -20.13, -14.91, -28.84, -0.30, 1.36, 2.65, -6.15, 12.75, 106.51, 1
17:58:39.031 -> 4, 2.38, -1.28, -1.49, -41.19, 1.94, -12.49, 2.55, -0.38, -3.12, -8.41, -16.87, -31.77, -1.35, 0.46, 2.80, -65.72, -6.29, 43.53, 1
17:58:39.031 -> 5, 3.73, -0.08, -1.04, -40.21, 9.26, -26.16, 3.30, -0.38, -2.82, -18.66, -15.89, -31.77, -0.15, 1.21, 2.50, -64.74, 2.98, 19.11, 1
17:58:39.078 -> 6, 2.98, 0.52, -0.14, -66.58, -11.25, 5.09, 3.45, -0.68, -2.22, 29.19, 1.20, -49.83, 0.45, -0.74, 2.65, -44.23, 25.93, -42.41, 1
17:58:39.078 -> 7, 2.68, 1.72, -0.89, -44.60, 23.42, -26.16, 3.90, 0.07, -2.67, -36.73, -19.79, 16.08, -0.30, -1.19, 2.65, -69.14, 4.94, -21.42, 1
17:58:39.078 -> 8, 2.38, -0.08, -2.69, -31.42, -0.99, -62.78, 3.30, 0.67, -2.07, -67.00, -38.84, 9.74, 0.15, 0.46, 3.25, 34.87, 25.44, 88.45, 1
17:58:39.078 -> 9, 2.68, -0.23, -3.74, -45.58, -6.36, 2.65, 2.10, 1.12, -1.32, 64.35, -34.44, -92.31, -3.45, 0.01, 1.90, -256.64, -126.41, -7.74, 1
17:58:39.125 -> 10, 3.28, 0.37, -1.04, -47.53, -8.32, -7.11, 2.10, 0.67, -1.32, -62.61, -1.73, 13.64, -1.35, 0.16, 1.75, -43.26, 36.19, 207.59, 1
17:58:39.125 -> 11, 2.23, 0.07, -0.59, -39.72, 8.29, -11.51, 2.70, 0.52, -0.72, 1.85, -24.68, -25.91, -1.20, 0.31, 1.15, -66.21, 12.75, 161.20, 1
17:58:39.125 -> 12, 1.33, -0.23, -0.14, -49.00, 5.36, -10.53, 0.45, 0.37, -0.57, 4.29, -20.77, -28.84, -0.30, 1.06, -0.35, -178.02, -15.08, 4.46, 1
17:58:39.125 -> 13, 0.88, 0.07, -0.59, -45.09, -3.92, -18.34, 0.30, -0.98, -1.47, -0.60, -20.28, -22.00, -0.00, 0.76, 2.95, -30.56, 23.49, 149.97, 1
17:58:39.173 -> 14, 0.88, 0.52, -0.59, -34.84, -3.92, -6.14, -0.30, 0.67, -1.62, -11.34, -18.33, -25.91, 0.15, 1.21, 1.00, -9.08, 9.82, 123.60, 1
17:58:39.173 -> 15, 1.63, 1.42, -1.49, -46.07, 0.96, -16.39, 0.90, -0.08, -0.87, -2.06, -12.96, -31.28, -1.20, 0.01, 0.85, -106.24, -14.11, 12.28, 1
17:58:39.173 -> 16, 1.78, 0.97, 0.31, -43.14, -7.83, -9.07, 1.50, -0.23, -0.72, -6.94, -6.12, -28.35, 1.20, 1.81, 2.65, -34.47, 11.28, 61.10, 1
17:58:39.173 -> 17, 0.88, 0.97, -0.89, -39.23, -12.22, -13.46, 1.05, 0.52, -0.72, -22.08, -24.19, -39.58, 0.75, 1.36, 2.35, 1.18, 23.98, 100.17, 1
17:58:39.222 -> 18, 2.68, 0.97, -0.89, -37.77, -5.87, -4.18, 0.15, -0.38, -0.57, -3.53, -28.10, -28.84, 0.45, 0.76, 1.60, -56.93, -1.90, 25.46, 1
17:58:39.222 -> 19, 4.03, 1.12, -1.04, -33.86, 1.94, -15.90, 0.45, -0.38, -0.87, -12.31, -21.75, -35.67, 0.45, 1.36, 1.60, -33.00, 11.28, 35.71, 1
17:58:39.222 -> 20, 2.23, 1.27, -0.89, -33.86, 12.68, -12.00, 1.50, -0.23, -0.27, -3.04, -24.68, -22.98, 1.80, 0.46, -0.05, 6.55, 20.07, 73.31, 1
17:58:39.222 -> 21, 1.78, -0.68, -0.89, -45.09, -0.01, -14.44, 1.05, -1.73, -1.47, -15.24, -27.61, -31.28, 0.15, 1.21, 2.05, -26.17, 0.54, 21.55, 1
17:58:39.222 -> 22, 0.88, 1.72, -0.89, -43.14, 11.22, -15.90, 1.35, 0.37, -2.07, -12.31, -18.82, -38.60, 1.05, 1.66, 1.75, -20.80, -9.22, 22.04, 1
17:58:39.268 -> 23, 2.38, -0.08, -0.29, -42.65, -1.48, -13.95, 0.30, 0.07, -0.27, -1.08, -28.58, -26.40, -0.00, 0.31, 1.60, 4.11, 10.80, 57.20, 1
17:58:39.268 -> 24, 2.23, 0.52, -0.89, -40.21, 4.87, 4.60, 0.15, -0.08, -1.32, -6.46, -21.75, -33.72, 0.45, 2.11, 1.15, -5.66, 13.73, 36.20, 1
17:58:39.268 -> 25, 1.93, 0.67, 0.01, -29.47, -4.90, -13.95, 0.75, -0.68, -1.92, -8.90, -11.49, -31.77, 0.75, 1.36, 1.15, -24.70, 7.87, 7.88, 1
17:58:39.268 -> 26, 1.78, 0.07, -0.59, -37.28, 9.26, -2.72, 1.50, -0.68, -0.72, -1.08, -11.98, -22.00, 1.20, 1.06, 1.60, -11.03, 1.03, 33.76, 1
17:58:39.316 -> 27, 2.98, 0.07, -1.64, -41.67, 3.89, -10.53, 1.35, -1.58, -0.57, -9.87, -21.75, -37.63, 0.60, 0.46, 1.00, 4.11, 10.80, 40.60, 1
17:58:39.316 -> 28, 2.38, 1.42, -0.29, -32.40, 2.43, -7.60, 0.30, -0.23, -1.47, -11.83, -30.54, -31.77, -0.00, 1.36, 1.60, -21.77, 20.07, 20.09, 1
17:58:39.316 -> 29, 1.78, 0.52, -0.14, -44.60, 1.94, -21.76, 1.35, -1.13, -2.37, -13.29, -3.19, -27.86, -0.15, 0.46, 1.30, -20.31, 7.38, 31.81, 1
17:58:39.316 -> 30, 1.33, -0.23, -0.59, -35.33, 6.33, 1.19, 1.05, -0.68, -1.92, 2.33, -22.72, -28.35, 1.35, 1.66, 1.75, -5.17, 23.00, 34.74, 1
17:58:39.364 -> 31, 1.33, 0.07, 0.31, -28.98, -8.32, -12.49, 0.75, 0.07, -1.92, -6.46, -21.26, -30.30, -0.00, 0.31, 0.10, -5.66, 6.40, 21.06, 1
17:58:39.364 -> 32, 2.68, 1.27, -0.14, -45.09, 2.43, -5.65, 0.90, -1.13, -1.32, -11.83, -21.75, -24.93, 0.75, 0.76, 0.85, -20.31, 13.73, 21.55, 1
17:58:39.364 -> 33, 2.23, -0.68, -0.59, -25.07, 1.94, -16.88, 0.30, -1.43, -1.02, -4.99, -11.49, -34.70, 0.75, 2.11, 2.95, 3.62, 10.31, 32.29, 1
17:58:39.364 -> 34, 1.78, 0.07, -1.34, -38.26, 9.75, -10.53, 1.35, -0.08, -1.32, 1.36, -9.54, -32.26, 0.45, 1.81, 1.90, -1.26, 14.21, 39.13, 1
17:58:39.411 -> 35, 2.23, 0.07, -0.14, -29.47, 8.29, -6.14, 1.95, 0.07, -0.72, -9.87, -13.45, -7.35, 1.05, -0.14, 2.05, -22.26, 11.77, 27.41, 1
17:58:39.411 -> 36, 1.18, 0.37, 0.01, -33.86, 2.43, -4.67, 0.30, 0.07, -0.72, -22.08, -7.10, -29.33, -0.15, 0.91, 2.50, -3.22, 7.87, 27.90, 1
17:58:39.411 -> 37, 2.68, 0.52, -1.34, -35.33, 11.70, -17.86, 0.45, -0.83, -2.07, -7.92, -20.28, -34.70, 0.15, 0.16, 1.00, -4.68, 19.10, 27.90, 1
17:58:39.411 -> 38, 1.93, 1.42, -1.49, -37.28, 12.19, -9.07, 0.30, 0.07, -2.67, -7.92, -11.98, -26.88, 0.60, 0.91, 0.70, -21.77, 16.17, 27.41, 1
17:58:39.411 -> 39, 1.63, 0.67, -1.94, -45.09, 12.68, -21.76, 0.75, -0.98, -1.47, -7.92, -15.40, -25.42, 0.60, 1.96, 2.50, -17.87, 15.19, 32.78, 1
17:58:39.459 -> 40, 1.78, 1.27, -1.34, -30.44, 0.96, -10.53, -0.15, 0.07, -1.92, -4.01, -20.77, -21.03, 0.15, 1.66, 1.75, -8.10, 9.82, 36.69, 1
17:58:39.459 -> 41, 1.33, 0.52, -0.89, -30.93, -2.46, -15.90, 0.30, -0.98, -1.47, -15.24, -15.40, -23.96, 0.60, -0.14, 2.05, -10.54, 13.73, 33.76, 1
17:58:39.459 -> 42, 1.33, 0.52, -0.59, -37.28, -7.34, -23.23, 0.75, -0.23, -0.72, -6.94, -16.38, -34.21, 1.20, 1.06, 1.60, -20.80, 18.12, 24.97, 1
17:58:39.459 -> 43, 1.63, 1.12, -0.29, -34.84, 1.45, -12.00, 0.90, -0.38, -2.07, -9.39, -13.94, -29.33, -0.00, 1.36, -0.35, -11.03, 9.33, 38.64, 1
17:58:39.507 -> 44, 1.93, 0.67, -1.04, -35.82, -0.99, -21.27, -0.30, -0.83, -0.57, -4.01, -22.24, -23.47, 0.60, -0.14, 1.75, -14.94, 13.73, 22.53, 1
17:58:39.507 -> 45, 2.23, 0.97, 0.61, -35.82, 12.19, -7.60, 1.50, -0.68, -0.72, -4.01, -13.94, -38.60, 1.20, 1.36, 1.15, 0.20, 17.14, 29.37, 1
17:58:39.507 -> 46, 1.93, 1.12, -0.74, -38.26, -3.92, -14.93, -0.15, 0.07, -0.72, -4.99, -1.73, -35.19, -0.30, 1.81, 0.40, -10.54, 6.89, 21.55, 1
17:58:39.507 -> 47, 2.38, 1.42, -1.94, -35.33, 2.43, -6.14, 1.05, -0.23, -1.47, -2.55, -27.61, -32.74, 0.60, 0.46, 2.05, -14.45, 13.24, 37.18, 1
17:58:39.555 -> 48, 1.78, 0.07, 0.61, -25.07, 8.29, -22.25, 1.35, -0.38, -1.32, -16.71, -15.89, -20.54, 1.35, 0.46, 1.30, -15.91, 10.80, 19.11, 1
17:58:39.555 -> 49, 0.88, 1.27, -0.59, -31.42, -3.92, -8.58, 0.30, 0.07, -1.02, -4.50, -9.54, -31.28, 0.15, 0.91, 1.30, -9.08, 2.01, 25.46, 1
17:58:39.555 -> 50, 2.98, 1.72, -0.14, -31.91, -1.97, -26.16, -1.50, -0.83, -0.87, -9.39, -14.42, -23.47, 0.75, 1.36, 1.15, -2.73, 2.01, 39.13, 1
17:58:39.555 -> 1, 3.73, 0.37, -2.69, -33.37, 9.75, -21.27, 2.25, -0.68, -2.22, 15.52, -14.91, -34.21, 2.25, 0.16, 3.25, -95.01, 11.77, 128.00, 1
17:58:39.603 -> 2, 2.98, 0.97, -1.64, -35.82, -3.43, -15.90, 1.95, -0.68, -1.47, -18.17, -24.68, -28.84, 1.05, 0.91, 1.00, -92.08, -1.41, 68.92, 1
17:58:39.603 -> 3, 1.33, 0.52, -2.09, -50.95, 3.40, -14.93, 1.50, -0.98, -1.92, 2.33, -8.56, -36.65, 1.05, -0.14, 2.50, -68.65, 6.89, 65.99, 1
17:58:39.603 -> 4, 2.83, 1.12, -3.89, -39.23, -20.52, -17.86, 2.55, -1.58, -0.57, -2.06, -5.15, -22.49, 0.15, 0.91, 3.25, -21.28, 20.56, 86.01, 1
17:58:39.603 -> 5, 2.23, -0.68, -2.54, -33.37, -0.01, -12.97, 3.30, 0.67, 2.58, -6.94, -9.05, -24.93, 1.35, -0.59, 2.80, -46.67, 18.61, 56.71, 1
17:58:39.603 -> 6, 0.73, -1.58, -3.44, 18.38, 56.63, -45.20, 5.70, 1.42, 5.28, -64.56, -27.12, 24.87, -0.90, 0.16, 1.75, -56.93, 6.89, 90.89, 1
17:58:39.650 -> 7, 2.23, -4.13, -2.84, -24.10, 13.17, -27.13, 7.35, 1.87, 5.28, -36.73, -20.77, -6.87, -0.90, -0.59, 3.55, -21.28, 18.61, 155.83, 1
17:58:39.650 -> 8, 0.13, -2.63, -2.84, -66.09, 10.24, -71.08, 8.85, -0.23, 3.18, -88.97, -63.74, -41.04, 0.15, -0.14, 2.50, 149.61, 17.63, 217.35, 1
17:58:39.650 -> 9, 2.98, 0.52, -4.49, -46.56, 8.77, 4.12, 6.00, -0.98, 0.48, -45.52, -19.79, 15.11, 0.60, 0.16, 2.50, -55.46, -13.62, -150.81, 1
17:58:39.650 -> 10, 2.98, -1.88, -3.74, -43.63, -9.78, -9.07, 4.50, -1.88, -1.62, -3.53, -26.14, -45.93, -0.00, 0.01, 3.40, 29.01, 13.73, -54.13, 1
17:58:39.697 -> 11, 2.98, 0.97, -3.29, -59.25, 7.31, -16.88, 2.10, -1.58, -2.07, -16.22, -21.75, -27.37, 1.80, 2.41, 3.55, 133.01, 33.26, 60.62, 1
17:58:39.697 -> 12, 2.23, 0.52, -2.84, -51.44, 8.29, -19.32, 1.65, -1.88, -2.07, -14.76, -22.24, -31.77, 1.80, -0.59, 2.05, -38.86, -1.90, -99.05, 1
17:58:39.697 -> 13, 2.98, 1.72, -0.14, -53.39, 2.92, -12.49, 1.05, -0.98, -1.47, 7.70, -16.38, -44.46, 0.75, 1.06, 2.35, -25.68, 7.87, -47.29, 1
17:58:39.697 -> 14, 2.98, 2.92, -0.89, -48.51, -0.99, -19.81, 0.45, -0.38, -1.62, -25.99, -23.70, -27.86, -0.00, 1.81, 2.65, 82.23, 37.65, 68.43, 1
17:58:39.745 -> 15, 3.43, 1.72, -0.89, -43.63, 4.87, -21.76, 0.45, -1.13, -0.87, -10.85, -18.82, -39.09, 0.75, 0.31, 1.15, -9.57, 21.54, -21.42, 1
17:58:39.745 -> 16, 1.78, 1.27, -0.59, -50.46, 1.94, -11.51, 1.95, -0.98, -2.67, -12.80, -9.05, -32.74, 0.45, 0.76, 1.60, -45.70, 0.54, -21.90, 1
17:58:39.745 -> 17, 2.23, -0.23, 0.61, -36.79, 1.94, -25.18, 1.05, -0.68, -1.02, -34.29, -29.07, -37.63, 1.95, 1.81, 2.65, 34.87, 28.37, 62.57, 1
17:58:39.745 -> 18, 1.78, 1.27, -0.59, -40.21, -1.48, -8.58, 1.05, -1.43, -0.27, 0.87, -21.26, -21.03, 0.75, 1.36, 0.85, 22.66, 6.40, 14.23, 1
17:58:39.794 -> 19, 2.38, 0.37, -1.04, -37.28, 0.47, -8.09, 1.50, -0.98, -2.22, -9.39, -11.49, -39.09, 1.05, 1.66, 1.00, -29.58, 5.42, 2.02, 1
17:58:39.794 -> 20, 1.93, 1.12, -0.74, -41.67, -0.99, -19.81, 1.95, -1.43, -0.72, -17.69, -26.14, -44.95, 1.05, 1.21, 2.05, 15.34, 15.19, 40.60, 1
17:58:39.794 -> 21, 2.68, 0.97, -0.89, -44.12, 1.94, -18.83, 1.35, -1.13, -1.32, -5.97, -18.82, -34.70, 0.60, 0.16, 1.30, 8.01, 18.12, 41.57, 1
17:58:39.794 -> 22, 2.68, 1.27, -0.59, -27.51, 4.87, -13.95, 1.65, -0.38, -0.87, -5.97, -28.10, -35.67, 0.15, 2.71, 1.00, -32.51, 17.63, 13.25, 1
17:58:39.794 -> 23, 2.38, 1.12, -1.49, -39.23, -0.50, -15.90, 1.50, -0.98, -1.92, -16.22, -34.44, -30.79, 0.15, 0.91, 1.75, -10.54, 15.19, 26.44, 1
17:58:39.840 -> 24, 2.38, -0.83, -0.74, -50.46, 7.31, -4.67, -0.30, -0.08, -1.32, -2.06, -13.94, -32.74, 0.15, 1.96, 2.50, 13.38, 18.61, 43.53, 1
17:58:39.840 -> 25, 1.33, 0.52, -0.89, -42.16, 0.47, -5.65, 0.90, -0.83, -0.87, -10.36, -18.82, -32.74, 0.60, 0.16, 1.30, -19.33, 21.54, 23.51, 1
17:58:39.840 -> 26, 1.33, 0.07, -0.89, -35.33, 1.45, -20.30, 0.30, 0.52, -1.02, -1.57, -22.24, -22.98, 1.05, 0.91, 2.05, 2.15, 4.45, 15.21, 1
17:58:39.840 -> 27, 1.78, 0.07, -0.14, -42.16, 0.96, -22.25, 0.45, -0.83, -1.32, -4.99, -29.07, -28.84, 0.75, 0.76, 1.15, -2.73, 24.96, 42.55, 1
17:58:39.887 -> 28, 2.38, 1.42, 0.46, -40.21, -6.36, -25.18, -0.15, -0.68, -1.02, -7.43, -20.77, -31.77, 0.75, 1.81, 1.60, -1.75, 28.37, 33.27, 1
17:58:39.887 -> 29, 2.83, 1.42, -0.74, -56.81, -7.34, -8.58, 1.95, -0.23, -1.02, -9.39, -18.33, -38.12, -0.00, 1.06, 1.15, -22.75, 18.12, 17.65, 1
17:58:39.887 -> 30, 2.23, 1.72, 0.31, -42.65, 6.33, -18.34, 0.90, 0.37, -2.07, -8.90, -15.40, -36.16, 3.00, 1.21, 2.05, -1.75, 20.56, 27.90, 1
17:58:39.887 -> 31, 1.93, 1.12, -1.94, -44.12, -1.48, -17.86, 0.30, 0.07, -2.67, -6.94, -17.84, -29.81, 1.95, 0.76, 1.60, -8.59, 17.14, 37.18, 1
17:58:39.934 -> 32, 1.78, 0.07, -0.14, -39.23, -6.85, -13.46, 1.95, 0.07, -1.02, -9.39, -24.19, -33.72, 1.05, 1.66, 1.30, -10.05, 20.07, 24.97, 1
17:58:39.934 -> 33, 1.18, 1.42, -1.49, -59.74, -0.99, -8.09, -0.90, 0.52, -1.92, -16.22, -22.24, -28.35, 1.35, 1.66, 0.70, 0.69, 14.70, 27.41, 1
17:58:39.934 -> 34, 2.38, 1.12, -0.29, -43.14, 4.38, -13.46, -0.15, -0.23, -1.47, 6.24, -23.21, -32.26, 0.75, 1.36, 0.85, 3.13, 13.73, 29.37, 1
17:58:39.934 -> 35, 1.93, 1.42, 0.46, -41.67, 4.38, -18.34, 1.05, -0.23, -1.47, -15.73, -10.52, -28.35, 0.75, 0.01, 0.85, -0.29, 9.33, 41.57, 1
17:58:39.981 -> 36, 1.78, 1.27, -0.59, -50.95, -5.39, -16.39, -0.30, -1.13, -0.87, -8.90, -12.96, -31.77, 0.75, 1.36, 1.15, -10.54, 1.03, 31.32, 1
17:58:39.981 -> 37, 1.78, 1.27, -0.89, -48.02, 14.63, -12.49, 0.15, -0.08, -2.37, -11.83, -28.58, -23.96, -0.00, 1.81, 1.60, -7.12, 9.33, 41.57, 1
17:58:39.981 -> 38, 2.23, 0.97, -1.34, -41.19, -2.94, -20.30, 0.45, -1.13, -2.37, -10.85, -16.87, -36.65, 0.45, 0.76, 0.10, -10.05, 19.10, 30.83, 1
17:58:39.981 -> 39, 1.18, 0.67, 0.01, -43.63, -1.48, -20.79, 0.45, -0.38, -1.62, -9.39, -26.63, -29.33, 2.25, 0.91, 0.25, -12.01, 6.89, 31.32, 1
17:58:40.029 -> 40, 1.78, 0.52, -0.89, -37.77, 1.94, -20.30, 0.30, -0.98, -1.02, -15.73, -21.26, -36.16, 0.75, 0.01, 2.95, -13.47, 12.75, 35.71, 1
17:58:40.029 -> 41, 2.23, 0.52, -0.89, -49.00, -3.92, -14.44, 0.45, 0.37, -1.32, -19.15, -27.12, -35.19, 1.20, 0.31, 2.65, -1.26, 24.96, 32.78, 1
17:58:40.029 -> 42, 1.93, 1.42, -0.29, -44.60, -11.25, -26.16, 0.90, 0.37, -1.32, -10.85, -12.96, -33.23, 1.20, 0.76, 0.40, 2.15, 11.77, 30.34, 1
17:58:40.029 -> 43, 0.88, 1.27, -0.59, -46.07, 9.26, -12.49, 0.75, -0.98, -1.92, -9.87, -22.72, -39.58, 0.45, 1.81, 1.60, -12.98, 19.58, 24.97, 1
17:58:40.029 -> 44, 2.23, 0.52, -0.89, -42.65, -7.34, -13.46, 0.45, -0.08, -1.32, -4.99, -17.84, -36.65, 1.20, -0.44, 1.60, -22.75, 17.14, 37.67, 1
17:58:40.076 -> 45, 2.38, 1.87, -1.49, -44.60, 2.43, -18.83, 0.45, -0.38, -1.62, -8.41, -23.70, -43.49, 0.15, 1.21, 2.50, -13.47, 13.24, 28.88, 1
17:58:40.076 -> 46, 2.38, 1.12, -0.74, -44.12, 0.47, -20.30, 1.05, -0.98, -0.27, -6.94, -24.19, -37.14, 1.05, 1.21, 1.30, -17.38, 5.42, 24.48, 1
17:58:40.076 -> 47, 1.63, 0.67, -1.49, -49.98, -4.41, -16.39, 1.65, -0.38, -2.37, -4.99, -22.72, -35.67, 1.20, 2.11, 2.65, -24.21, 8.84, 35.22, 1
17:58:40.076 -> 48, 1.93, 0.67, -0.74, -42.65, 5.36, -19.81, 0.45, -0.38, -0.57, -13.29, -16.38, -32.74, 0.75, 1.81, 1.15, -5.17, 14.70, 14.72, 1
17:58:40.124 -> 49, 1.93, 1.12, 0.01, -26.05, -1.48, -5.65, 1.65, -1.13, -2.07, -21.10, -14.91, -29.33, 1.05, 1.21, 1.30, -13.47, 13.24, 36.20, 1
17:58:40.124 -> 50, 2.38, 1.87, -1.04, -49.00, -13.20, -9.56, 0.15, -0.83, -0.87, -8.41, -24.68, -30.79, -0.75, 1.81, 2.35, -16.89, 11.28, 25.95, 1
17:58:40.124 -> 1, 2.38, -0.38, 0.01, -44.12, 11.70, -19.32, 0.45, 1.12, -0.57, -15.24, -25.17, -35.19, -0.00, 0.76, 1.60, -152.63, -18.99, 28.88, 1
17:58:40.124 -> 2, 1.93, 0.67, -1.04, -51.93, 4.38, -12.00, 1.05, -0.23, -1.47, -1.57, -20.77, -43.97, -0.00, 0.76, 1.60, -60.83, 7.38, 90.40, 1
17:58:40.172 -> 3, 1.93, -0.08, -0.74, -39.23, -0.50, -1.26, 1.35, 0.67, -2.82, -24.52, -20.28, -25.91, -0.00, 0.01, 1.15, -31.54, 16.66, 101.63, 1
17:58:40.172 -> 4, 2.38, -0.08, -1.04, -36.30, 8.77, -16.39, 1.50, -0.23, -1.92, 5.75, -16.87, -32.74, 0.45, 1.81, 0.85, -74.99, -2.39, 30.83, 1
17:58:40.172 -> 5, 2.68, 0.97, 0.31, -47.53, 11.70, -12.97, 0.15, -1.13, -3.12, -13.29, -11.01, -28.84, 0.60, 0.16, 2.80, -38.86, 5.42, 47.43, 1
17:58:40.172 -> 6, 2.38, -0.83, -1.49, -41.19, -4.90, -3.70, -0.30, -1.88, -4.02, -1.08, -21.26, -33.23, 1.20, 1.06, 1.60, -16.40, 17.14, 70.87, 1
17:58:40.221 -> 7, 1.93, 0.67, -1.49, -16.28, -2.46, 29.99, -1.35, -1.43, -5.22, 50.67, -11.98, -23.96, 1.20, 0.31, 0.85, -83.78, -17.52, -3.35, 1
17:58:40.221 -> 8, 3.28, 1.87, -0.74, -29.96, 19.03, -53.99, -3.75, -1.43, -6.42, 25.77, 45.63, 74.19, 0.75, 2.11, 2.95, 66.12, 59.62, 119.21, 1
17:58:40.221 -> 9, 2.83, 0.67, -1.04, -50.46, 27.82, -41.29, -5.25, -1.58, -6.27, -36.73, -26.14, 6.81, 1.35, 1.96, 4.00, 24.13, 11.28, 99.68, 1
17:58:40.221 -> 10, 2.23, -0.23, -0.59, -20.68, 24.40, -52.04, -1.20, -1.13, -4.32, -25.99, -47.14, 22.92, -0.30, 0.76, 3.70, 70.51, -10.20, 107.00, 1
17:58:40.267 -> 11, 2.83, -0.83, -1.04, -42.16, -0.99, -16.39, 1.65, -0.08, -0.12, -11.83, -11.49, -51.79, -0.75, -1.19, 2.95, 157.92, 28.37, 65.50, 1
17:58:40.267 -> 12, 1.33, 0.52, -1.64, -37.28, -6.85, -16.39, 0.30, -0.98, 1.23, -27.94, -11.98, -1.49, -0.00, 0.01, -0.35, 0.20, -3.85, -80.50, 1
17:58:40.267 -> 13, 0.73, 0.37, -0.29, -31.42, 0.47, -5.65, 1.65, 0.67, -1.32, 18.94, -18.33, -45.44, -0.75, 0.76, 0.85, 98.83, 34.23, 21.55, 1
17:58:40.267 -> 14, 0.58, 1.27, -0.89, -28.49, -0.99, -8.58, 1.05, -0.23, -0.72, -15.73, -8.56, -9.31, -1.35, 0.46, 0.70, 78.81, 13.73, 22.04, 1
17:58:40.267 -> 15, 0.73, -0.08, -0.74, -41.67, -5.39, -10.04, 1.50, -0.68, -0.72, -14.27, -23.21, -16.63, 0.75, 1.36, 1.60, -12.49, -4.83, -67.31, 1
17:58:40.315 -> 16, 0.88, 0.52, 1.51, -32.89, 0.47, -20.79, 0.30, 0.07, -0.27, -10.85, -15.89, -32.26, -0.00, 1.06, 1.60, 28.03, 16.17, 2.51, 1
17:58:40.315 -> 17, 2.23, 0.52, -0.14, -36.30, -4.90, -18.83, 0.30, -0.23, 0.03, -0.11, -17.35, -31.77, -0.15, -0.59, 1.75, 62.21, 13.24, 22.04, 1
17:58:40.315 -> 18, 1.33, -0.23, -0.89, -34.35, -14.17, -25.18, 0.30, -1.43, -0.72, -2.06, -7.59, -23.96, -0.15, 1.21, 1.00, -14.94, 0.05, -35.58, 1
17:58:40.315 -> 19, 0.73, 1.42, -1.04, -25.56, 9.26, -9.07, -0.75, -0.08, -2.07, -4.01, -0.26, -27.37, -0.00, 1.06, 1.15, -0.29, 8.35, -9.21, 1
17:58:40.362 -> 20, 1.33, 0.97, -0.89, -35.82, 6.82, -20.79, 0.90, -0.38, -0.57, 3.31, -14.91, -26.40, 1.35, 0.16, 0.25, 20.71, 20.56, 29.85, 1
17:58:40.362 -> 21, -0.17, 1.12, -1.04, -31.91, 9.26, -10.53, 0.75, -0.23, -0.72, 0.87, -24.68, -27.86, -0.75, 1.36, 0.40, -8.59, 10.80, 14.72, 1
17:58:40.362 -> 22, 2.38, -0.08, -0.74, -35.33, 8.29, -10.53, 0.15, 0.37, -1.32, -9.87, -14.91, -30.79, -0.15, 1.21, 0.70, -16.40, 6.89, 20.58, 1
17:58:40.362 -> 23, 1.18, 0.67, -0.74, -14.33, 1.94, -18.34, 0.15, -0.83, 0.63, -7.92, -13.45, -14.19, 0.45, 0.76, 0.85, -1.26, 5.42, 34.25, 1
17:58:40.409 -> 24, 2.38, 0.37, -0.74, -33.86, 7.31, -7.60, -0.15, 0.52, -1.47, -0.11, -11.98, -18.10, 1.05, -0.59, 1.30, 0.69, 2.50, 14.72, 1
17:58:40.409 -> 25, 2.38, 1.42, -0.29, -35.33, 16.59, -11.51, 0.15, -0.08, -1.32, -6.46, -24.68, -28.35, -0.60, 0.16, 0.25, -18.84, -4.83, 18.62, 1
17:58:40.409 -> 26, 1.93, 1.12, -0.74, -27.03, 7.31, -11.02, 0.90, -0.08, -0.87, -8.41, -12.47, -25.42, -0.90, 0.46, 0.25, 7.04, 13.73, 17.16, 1
17:58:40.409 -> 27, 1.63, 1.12, 0.01, -26.54, -14.66, -15.42, 0.45, -0.38, -1.62, -6.46, -9.05, -28.84, -0.15, 0.16, 1.00, 19.24, 20.07, 29.37, 1
17:58:40.456 -> 28, 1.93, 0.37, -0.29, -31.42, -0.99, -8.09, 1.35, -0.38, -0.57, -4.50, -15.40, -23.96, 1.20, 1.36, 0.40, -8.10, 2.01, 17.65, 1
17:58:40.456 -> 29, 0.73, 1.12, -0.74, -40.21, 0.47, -15.90, 1.05, -0.68, -0.27, -15.73, -2.22, -25.42, 1.05, -0.14, 1.30, -10.05, 23.00, 15.69, 1
17:58:40.456 -> 30, 0.13, 1.27, -0.14, -34.84, -3.92, -11.51, 0.30, -0.23, -0.72, -4.01, -14.91, -21.51, -0.30, 1.36, 0.85, -2.73, 15.68, 29.37, 1
17:58:40.456 -> 31, 1.18, -0.08, -0.74, -29.96, 1.45, -12.00, 2.10, -0.38, -1.32, -12.80, -14.42, -22.49, -0.15, 0.91, 1.00, -10.54, 2.98, 28.88, 1
17:58:40.456 -> 32, 0.58, 0.07, -1.34, -30.93, -5.39, -10.53, 0.75, -0.23, -1.02, -4.01, -16.87, -25.42, 1.80, 0.46, 1.00, -9.57, 11.28, 19.11, 1
17:58:40.505 -> 33, 1.93, 1.42, -1.49, -32.40, 5.84, -11.02, 0.45, -0.08, -0.87, -8.90, -7.10, -39.58, 0.45, 0.76, 0.40, -2.24, 8.84, 18.13, 1
17:58:40.505 -> 34, 1.33, 0.97, -1.34, -32.40, -2.46, -21.27, 0.45, -0.38, -1.62, -8.41, -21.26, -41.04, 1.05, 0.16, 1.75, -8.59, 18.12, 26.44, 1
17:58:40.505 -> 35, 1.18, 1.42, -0.29, -23.61, -5.87, -27.62, -0.15, 0.07, -1.47, -13.29, -12.47, -14.19, -0.30, 1.06, 0.85, -12.98, 5.91, 10.81, 1
17:58:40.505 -> 36, 1.33, 0.52, -1.34, -39.23, 5.84, -17.86, 0.90, -0.08, -1.62, -7.43, -14.91, -26.40, -0.00, 0.76, 0.10, -8.59, 3.96, 22.04, 1
17:58:40.551 -> 37, 1.93, 1.42, -1.04, -39.23, 0.96, -34.46, 0.75, -0.23, -2.22, -9.39, -27.12, -22.49, -0.00, 0.76, 0.10, -10.05, 1.52, 38.15, 1
17:58:40.551 -> 38, 0.13, 0.97, -0.14, -29.47, 4.87, -15.42, -0.15, -0.98, -1.02, -6.94, -21.26, -26.40, 1.35, 0.46, 0.70, -9.08, 15.19, 18.62, 1
17:58:40.551 -> 39, 1.78, 0.07, -0.89, -34.84, -2.94, -17.37, 0.90, 0.37, -0.57, 7.22, -25.17, -28.35, 0.15, 2.41, 1.00, -12.49, 15.68, 18.13, 1
17:58:40.551 -> 40, 0.13, 0.97, -0.89, -35.33, -3.43, -19.81, 0.45, -0.08, -2.07, -9.39, -1.24, -35.67, -0.15, 1.21, 1.75, -2.73, 11.28, 15.69, 1
17:58:40.599 -> 41, 1.18, 1.12, -0.74, -26.54, -0.50, -18.83, 0.15, 0.67, -1.62, -16.71, -11.01, -22.49, 0.15, 1.21, 1.30, -11.52, 4.45, 33.27, 1
17:58:40.599 -> 42, 1.63, 1.42, -1.94, -41.19, 3.40, -15.42, 1.50, -1.43, -1.92, -18.17, -8.08, -22.49, -0.15, 1.21, 1.75, -5.66, 12.75, 23.99, 1
17:58:40.599 -> 43, 1.93, -0.08, -0.29, -33.37, -5.39, -13.46, 0.15, 0.37, -1.62, -9.87, -12.47, -27.37, 0.45, 1.06, -0.35, -8.59, -0.43, 19.60, 1
17:58:40.599 -> 44, 1.33, 0.07, -0.59, -40.70, -7.83, -16.88, -0.90, -0.68, -1.47, -1.57, -16.87, -24.93, -1.20, 1.06, 1.60, -20.31, 0.54, 40.11, 1
17:58:40.646 -> 45, 2.23, 0.52, -0.89, -33.86, 10.73, -20.79, -0.15, 0.07, -0.72, 1.36, -11.98, -30.79, 0.60, -0.14, 1.75, 0.69, 20.56, 23.51, 1
17:58:40.646 -> 46, 1.33, 0.07, -1.64, -33.86, 15.61, -13.95, 1.05, -0.68, -0.72, 4.78, -21.75, -32.26, 1.20, 1.06, 1.60, -19.33, 5.91, 16.18, 1
17:58:40.646 -> 47, 1.63, 0.67, 0.01, -30.44, -7.83, -13.95, -0.75, -0.08, -2.37, -13.78, -26.63, -22.49, 1.05, 0.91, 1.30, -9.08, 5.91, 29.85, 1
17:58:40.646 -> 48, 3.43, 2.02, -0.59, -38.26, -6.36, -24.69, -0.60, 0.82, -1.02, -10.85, -7.59, -20.54, 0.15, 0.46, 1.00, -7.61, 3.96, 14.23, 1
17:58:40.695 -> 49, 0.58, 0.97, -0.59, -46.07, -0.50, -17.37, 1.05, 0.07, -2.22, -7.92, -13.45, -31.28, -0.75, 1.06, 0.85, -12.98, 8.84, 22.04, 1
17:58:40.695 -> 50, 1.93, 0.67, -1.94, -47.05, -8.80, -0.77, 0.90, 0.67, -2.07, -28.43, -16.38, -22.00, -0.90, 1.96, 1.30, -7.61, 25.44, 25.95, 1
17:58:40.695 -> 1, 1.78, 1.27, -2.54, -37.28, 8.29, -27.13, 1.35, -1.13, -2.07, -7.43, -16.87, -15.65, 0.75, 0.01, 3.40, 25.10, 14.70, -22.39, 1
17:58:40.695 -> 2, 1.18, 0.37, -2.24, -47.05, 8.77, -13.95, 1.65, -0.83, -1.32, 2.33, -19.79, -32.26, 0.75, 0.01, 3.40, -37.40, 2.01, -83.43, 1
17:58:40.695 -> 3, 1.63, 0.37, -1.49, -41.67, -3.43, -14.44, 1.50, -1.43, 0.03, -15.24, -14.42, -22.49, 0.15, 0.16, 1.00, 49.03, 29.84, 38.64, 1
17:58:40.741 -> 4, 1.63, -0.08, -2.69, -40.21, 12.68, -11.02, 1.35, -0.08, -2.07, 10.15, -23.70, -32.74, 1.35, 0.16, 1.00, 37.31, 11.28, 29.85, 1
17:58:40.741 -> 5, 1.93, 1.12, -1.49, -22.63, 3.89, -17.86, 2.10, 0.67, -0.57, 0.87, -21.26, -19.07, -0.00, 0.01, 1.15, -20.31, 9.33, -9.70, 1
17:58:40.741 -> 6, 1.18, -0.38, -1.49, -38.26, 2.43, -18.34, 2.55, 2.17, 2.88, 5.75, -17.35, -12.72, 0.15, 0.16, 1.30, -13.47, 39.12, 36.69, 1
17:58:40.741 -> 7, 2.83, -0.08, -0.74, 12.52, 16.10, -145.30, 2.25, 1.27, 4.68, -3.53, -51.53, 32.69, -0.60, -0.59, 1.00, 237.99, 79.16, 195.38, 1
17:58:40.789 -> 8, 1.18, -0.38, -2.24, -47.05, 8.77, -54.97, 2.25, 2.47, 6.48, -72.86, 17.80, 19.50, -1.20, 0.31, 0.85, -29.58, 18.12, -59.01, 1
17:58:40.789 -> 9, 0.28, 1.12, -2.69, -43.63, 1.45, -73.03, 3.45, 2.77, 4.98, -107.04, -27.61, -1.98, 0.45, 1.81, 2.65, 121.29, 35.70, 33.76, 1
17:58:40.789 -> 10, 0.88, 0.07, -2.09, -41.67, -0.01, -3.70, 1.35, 1.42, 1.83, -41.61, 8.04, 34.15, 0.60, 0.16, 1.00, 167.19, 32.77, -60.97, 1
17:58:40.789 -> 11, 1.93, 1.12, -1.94, -28.49, 5.84, -7.60, 1.50, 0.07, 0.03, 20.89, -23.21, -55.21, -0.00, 1.06, 2.95, 64.17, 6.89, -164.48, 1
17:58:40.837 -> 12, 3.28, 0.37, -2.24, -28.49, -3.43, -2.23, 1.35, -0.08, -2.37, -10.36, -24.19, -31.28, 0.60, 1.21, 1.30, 128.62, 31.79, -33.62, 1
17:58:40.837 -> 13, 2.68, 0.97, -0.59, -42.65, -15.15, -11.51, 0.30, -0.23, -0.72, 0.38, -25.17, -22.98, 0.45, 0.31, 2.65, 107.62, 23.49, -15.07, 1
17:58:40.837 -> 14, 2.23, 0.52, -1.34, -40.21, 11.70, -24.69, 1.05, -2.18, -2.22, -7.43, -32.98, -31.77, 0.60, 0.46, 2.50, 0.69, 1.52, -85.38, 1
17:58:40.837 -> 15, 2.38, 0.37, -1.04, -35.82, 11.22, -11.02, -0.15, -0.23, -1.92, -15.73, -20.77, -17.12, 1.05, 1.96, 1.75, 54.89, 31.30, -10.19, 1
17:58:40.884 -> 16, 2.23, 1.72, -0.59, -39.23, -4.41, -10.53, 0.90, -1.88, -0.57, 5.26, -18.33, -35.19, -0.90, 0.46, 1.75, 56.35, 26.42, 23.99, 1
17:58:40.884 -> 17, 2.98, 0.07, -0.89, -45.09, -0.50, -12.49, 0.90, -0.08, -1.62, -5.97, -10.52, -28.84, 1.05, 0.91, 2.80, -1.75, 0.54, -28.25, 1
17:58:40.884 -> 18, 2.83, 1.12, -0.74, -39.23, -10.76, -19.81, 0.45, -0.83, -0.87, -1.57, -19.31, -37.63, -0.00, 1.36, 3.40, 11.43, 0.54, -6.77, 1
17:58:40.884 -> 19, 2.38, -0.83, -1.04, -42.65, -3.43, -12.49, 1.05, -1.73, -1.92, -17.20, -20.77, -28.35, 0.75, 1.06, 1.90, 50.49, 30.82, 31.32, 1
17:58:40.884 -> 20, 1.18, 1.12, -1.94, -47.05, 6.82, -12.49, 1.95, -0.98, -2.22, -8.90, -23.21, -36.65, 1.20, 0.31, 1.60, -0.29, 18.61, 5.93, 1
17:58:40.931 -> 21, 1.63, 0.37, -0.29, -35.33, 3.89, -19.32, 1.35, -1.13, -1.32, -14.27, -18.82, -37.14, 0.75, 1.81, 1.90, -6.64, 12.26, 0.07, 1
17:58:40.931 -> 22, 3.73, 0.37, 0.01, -39.72, -6.85, -20.79, 0.45, 0.37, -2.07, 1.36, -28.10, -20.54, 1.80, 1.21, 0.70, 19.73, 9.82, 41.57, 1
17:58:40.931 -> 23, 2.68, 1.27, -0.59, -36.30, 2.92, -14.44, 1.05, -0.23, -2.97, -2.55, -25.17, -35.19, -0.00, 1.06, 1.60, 11.43, 14.70, 17.16, 1
17:58:40.931 -> 24, 3.43, 0.52, -0.14, -37.28, 7.80, -20.30, 0.30, 0.52, -1.47, -3.53, -21.75, -23.96, 1.35, 0.16, 2.05, -14.94, 7.38, 2.51, 1
17:58:40.979 -> 25, 2.83, 1.42, -1.04, -45.09, 2.92, -21.27, 2.25, -0.68, -2.67, -5.48, -30.54, -32.26, -0.00, 1.36, 1.15, -15.42, 14.21, 17.65, 1
17:58:40.979 -> 26, 3.73, 1.12, -1.04, -34.35, -0.50, -8.58, -0.30, -0.38, -1.62, -13.29, -21.26, -34.70, 2.25, 1.21, 1.30, 7.52, 6.40, 21.55, 1
17:58:40.979 -> 27, -0.17, 1.42, -0.29, -48.02, -0.50, -21.27, 0.45, 0.37, -1.62, -13.29, -13.94, -18.10, 1.65, 1.81, 0.85, -2.24, -2.39, 21.55, 1
17:58:40.979 -> 28, 1.63, 0.67, -0.29, -40.21, -4.90, -20.79, 0.30, -0.23, -2.22, -6.46, -14.91, -36.16, -0.00, 0.76, 0.85, -15.42, 4.45, 20.09, 1
17:58:41.026 -> 29, 1.78, 0.97, -1.34, -33.37, 10.73, -14.93, 1.05, -0.68, -1.47, -14.27, -30.54, -36.65, 0.75, 0.01, 2.35, -2.24, 8.35, 27.90, 1
17:58:41.026 -> 30, 2.38, -0.08, -0.29, -45.09, -8.80, -10.53, 0.90, -0.83, -1.62, -2.55, -14.91, -35.67, -0.15, 1.21, 1.30, 5.57, 5.42, 29.85, 1
17:58:41.026 -> 31, 3.28, 0.67, -1.94, -25.07, -3.43, -3.70, -0.30, -0.38, -2.07, -6.94, -15.89, -31.77, 0.45, 1.36, 0.85, -9.57, 10.80, 31.32, 1
17:58:41.026 -> 32, 2.23, 0.97, -0.59, -41.67, -9.78, -3.21, 0.75, 0.82, -1.47, -9.39, -20.28, -23.47, 0.75, 0.76, 1.90, -9.08, 9.82, 27.41, 1
17:58:41.076 -> 33, 1.33, 1.27, -0.59, -35.33, 3.40, -21.76, 1.50, -0.68, -1.47, -11.34, -11.98, -24.93, -0.15, 0.91, 0.70, 1.67, 13.24, 26.92, 1
17:58:41.076 -> 34, 1.63, 1.42, -1.04, -31.42, -2.94, -15.42, 1.05, -0.68, -1.02, -4.99, -21.75, -37.63, 0.15, 1.21, 1.75, -12.01, 10.80, 19.60, 1
17:58:41.076 -> 35, 2.68, -0.98, -2.09, -34.84, -2.46, -17.37, -0.15, -0.68, -1.02, -8.41, -31.51, -39.09, 1.65, 0.76, 1.15, -9.57, 12.26, 37.18, 1
17:58:41.076 -> 36, 2.38, 0.67, -1.04, -43.63, 3.89, -14.44, 0.15, -1.13, -0.87, -5.48, -8.56, -32.74, 0.75, 1.81, 1.60, -6.64, 21.05, 33.76, 1
17:58:41.076 -> 37, 2.23, -0.23, -0.89, -40.70, 0.96, -14.44, 0.90, -0.08, -1.62, -6.94, -10.52, -24.44, 1.05, 1.21, 1.00, -5.66, 13.73, 13.25, 1
17:58:41.122 -> 38, 2.83, 1.12, -1.04, -38.26, 6.33, -9.56, 0.90, -0.83, -1.32, -11.83, -14.91, -34.21, 1.35, 0.46, 2.05, -21.28, 10.31, 28.39, 1
17:58:41.122 -> 39, 1.78, 1.72, -1.64, -48.02, -3.92, -15.42, 0.75, -0.68, -1.47, -5.48, -20.28, -24.44, 0.60, 0.91, 1.00, -9.57, 17.63, 30.34, 1
17:58:41.122 -> 40, 2.98, 0.52, -0.89, -38.26, 5.84, -7.11, 0.15, -0.38, -2.82, -10.85, -20.77, -27.86, 0.15, 1.66, 1.00, -3.22, 13.73, 28.88, 1
17:58:41.122 -> 41, -0.17, -0.08, -1.94, -36.30, 1.94, -13.46, 1.35, -0.38, -0.87, -15.73, -24.19, -26.88, 0.45, 0.31, 1.90, -18.35, 21.54, 27.90, 1
17:58:41.169 -> 42, 1.18, 0.37, -0.29, -51.93, 5.36, -16.39, 0.45, -0.08, -1.62, -12.31, -14.42, -29.81, -0.00, 1.36, 0.85, -9.08, 14.21, 24.97, 1
17:58:41.169 -> 43, 1.33, 0.52, -0.89, -34.84, -13.69, -3.70, 0.90, -0.83, -1.62, -4.99, -7.59, -32.26, 1.20, 1.36, 2.65, -12.98, 16.66, 35.71, 1
17:58:41.169 -> 44, 1.33, 0.07, -0.14, -30.44, 11.70, -25.67, 0.15, 0.67, -1.32, -1.08, -19.79, -24.44, -0.75, 1.81, 0.85, 1.18, 18.61, 33.27, 1
17:58:41.169 -> 45, 2.68, 0.97, -0.14, -54.86, 0.96, 1.67, 0.15, -0.83, -0.87, -12.80, -16.38, -45.44, 0.15, 1.66, 0.70, -11.52, 6.89, 27.90, 1
17:58:41.217 -> 46, 2.38, 0.67, 0.01, -30.93, 10.73, -12.97, -0.15, 0.07, -1.92, 0.38, -18.82, -28.84, 0.60, 1.21, 1.75, -4.19, 7.87, 28.39, 1
17:58:41.217 -> 47, 0.58, 0.52, -0.59, -32.89, 5.36, -16.88, 0.15, 0.67, -1.62, -11.34, -17.35, -24.44, 0.45, -0.44, 1.90, -5.66, 14.21, 36.20, 1
17:58:41.217 -> 48, 1.33, 1.27, -0.89, -35.33, 1.94, -13.46, 0.45, -1.13, -2.07, -2.55, -26.14, -36.16, 1.05, 1.96, 2.05, -7.12, 21.54, 19.60, 1
17:58:41.217 -> 49, 1.33, 0.52, -0.89, -31.42, 9.26, -13.46, 0.30, -1.43, -0.72, -4.01, -23.21, -36.65, -0.90, 1.21, 1.75, -10.05, 18.12, 35.71, 1
17:58:41.263 -> 50, 2.38, 1.42, -0.74, -46.56, 14.63, -18.83, -0.15, 0.07, -1.02, -3.04, -20.28, -30.30, -0.15, 2.41, 1.30, -22.75, 13.24, 29.85, 1